model,display_model,heatmap,figure,metric,row_label,column_label,value
qwen-vl,Qwen3-VL,topic_persona_proportion,Main-paper topic-persona heatmap,"within-profile topic proportion, renormalized over displayed topics",Natural landscape & beauty,F/High/Cons/Anal,0.20334261838440112
qwen-vl,Qwen3-VL,topic_persona_proportion,Main-paper topic-persona heatmap,"within-profile topic proportion, renormalized over displayed topics",Work & development,F/High/Cons/Anal,0.13788300835654596
qwen-vl,Qwen3-VL,topic_persona_proportion,Main-paper topic-persona heatmap,"within-profile topic proportion, renormalized over displayed topics",Accident & police response,F/High/Cons/Anal,0.12256267409470752
qwen-vl,Qwen3-VL,topic_persona_proportion,Main-paper topic-persona heatmap,"within-profile topic proportion, renormalized over displayed topics",Rural & quiet road,F/High/Cons/Anal,0.1392757660167131
qwen-vl,Qwen3-VL,topic_persona_proportion,Main-paper topic-persona heatmap,"within-profile topic proportion, renormalized over displayed topics",Historical & preserved,F/High/Cons/Anal,0.069637883008356549
qwen-vl,Qwen3-VL,topic_persona_proportion,Main-paper topic-persona heatmap,"within-profile topic proportion, renormalized over displayed topics",Destruction & conflict,F/High/Cons/Anal,0.069637883008356549
qwen-vl,Qwen3-VL,topic_persona_proportion,Main-paper topic-persona heatmap,"within-profile topic proportion, renormalized over displayed topics",Streets & orderly urban,F/High/Cons/Anal,0.073816155988857934
qwen-vl,Qwen3-VL,topic_persona_proportion,Main-paper topic-persona heatmap,"within-profile topic proportion, renormalized over displayed topics",City & nature,F/High/Cons/Anal,0.062674094707520889
qwen-vl,Qwen3-VL,topic_persona_proportion,Main-paper topic-persona heatmap,"within-profile topic proportion, renormalized over displayed topics",Home & peaceful scene,F/High/Cons/Anal,0.057103064066852366
qwen-vl,Qwen3-VL,topic_persona_proportion,Main-paper topic-persona heatmap,"within-profile topic proportion, renormalized over displayed topics",Typical urban scene,F/High/Cons/Anal,0.064066852367688026
qwen-vl,Qwen3-VL,topic_persona_proportion,Main-paper topic-persona heatmap,"within-profile topic proportion, renormalized over displayed topics",Natural landscape & beauty,F/High/Cons/Empa,0.21891891891891893
qwen-vl,Qwen3-VL,topic_persona_proportion,Main-paper topic-persona heatmap,"within-profile topic proportion, renormalized over displayed topics",Work & development,F/High/Cons/Empa,0.13918918918918918
qwen-vl,Qwen3-VL,topic_persona_proportion,Main-paper topic-persona heatmap,"within-profile topic proportion, renormalized over displayed topics",Accident & police response,F/High/Cons/Empa,0.12432432432432433
qwen-vl,Qwen3-VL,topic_persona_proportion,Main-paper topic-persona heatmap,"within-profile topic proportion, renormalized over displayed topics",Rural & quiet road,F/High/Cons/Empa,0.13108108108108107
qwen-vl,Qwen3-VL,topic_persona_proportion,Main-paper topic-persona heatmap,"within-profile topic proportion, renormalized over displayed topics",Historical & preserved,F/High/Cons/Empa,0.071621621621621626
qwen-vl,Qwen3-VL,topic_persona_proportion,Main-paper topic-persona heatmap,"within-profile topic proportion, renormalized over displayed topics",Destruction & conflict,F/High/Cons/Empa,0.067567567567567571
qwen-vl,Qwen3-VL,topic_persona_proportion,Main-paper topic-persona heatmap,"within-profile topic proportion, renormalized over displayed topics",Streets & orderly urban,F/High/Cons/Empa,0.071621621621621626
qwen-vl,Qwen3-VL,topic_persona_proportion,Main-paper topic-persona heatmap,"within-profile topic proportion, renormalized over displayed topics",City & nature,F/High/Cons/Empa,0.063513513513513517
qwen-vl,Qwen3-VL,topic_persona_proportion,Main-paper topic-persona heatmap,"within-profile topic proportion, renormalized over displayed topics",Home & peaceful scene,F/High/Cons/Empa,0.06621621621621622
qwen-vl,Qwen3-VL,topic_persona_proportion,Main-paper topic-persona heatmap,"within-profile topic proportion, renormalized over displayed topics",Typical urban scene,F/High/Cons/Empa,0.045945945945945948
qwen-vl,Qwen3-VL,topic_persona_proportion,Main-paper topic-persona heatmap,"within-profile topic proportion, renormalized over displayed topics",Natural landscape & beauty,F/High/Cons/Prag,0.20607661822985468
qwen-vl,Qwen3-VL,topic_persona_proportion,Main-paper topic-persona heatmap,"within-profile topic proportion, renormalized over displayed topics",Work & development,F/High/Cons/Prag,0.12945838837516513
qwen-vl,Qwen3-VL,topic_persona_proportion,Main-paper topic-persona heatmap,"within-profile topic proportion, renormalized over displayed topics",Accident & police response,F/High/Cons/Prag,0.12945838837516513
qwen-vl,Qwen3-VL,topic_persona_proportion,Main-paper topic-persona heatmap,"within-profile topic proportion, renormalized over displayed topics",Rural & quiet road,F/High/Cons/Prag,0.13210039630118892
qwen-vl,Qwen3-VL,topic_persona_proportion,Main-paper topic-persona heatmap,"within-profile topic proportion, renormalized over displayed topics",Historical & preserved,F/High/Cons/Prag,0.066050198150594458
qwen-vl,Qwen3-VL,topic_persona_proportion,Main-paper topic-persona heatmap,"within-profile topic proportion, renormalized over displayed topics",Destruction & conflict,F/High/Cons/Prag,0.066050198150594458
qwen-vl,Qwen3-VL,topic_persona_proportion,Main-paper topic-persona heatmap,"within-profile topic proportion, renormalized over displayed topics",Streets & orderly urban,F/High/Cons/Prag,0.071334214002642005
qwen-vl,Qwen3-VL,topic_persona_proportion,Main-paper topic-persona heatmap,"within-profile topic proportion, renormalized over displayed topics",City & nature,F/High/Cons/Prag,0.066050198150594458
qwen-vl,Qwen3-VL,topic_persona_proportion,Main-paper topic-persona heatmap,"within-profile topic proportion, renormalized over displayed topics",Home & peaceful scene,F/High/Cons/Prag,0.047556142668428003
qwen-vl,Qwen3-VL,topic_persona_proportion,Main-paper topic-persona heatmap,"within-profile topic proportion, renormalized over displayed topics",Typical urban scene,F/High/Cons/Prag,0.085865257595772793
qwen-vl,Qwen3-VL,topic_persona_proportion,Main-paper topic-persona heatmap,"within-profile topic proportion, renormalized over displayed topics",Natural landscape & beauty,F/High/Prog/Anal,0.2225475841874085
qwen-vl,Qwen3-VL,topic_persona_proportion,Main-paper topic-persona heatmap,"within-profile topic proportion, renormalized over displayed topics",Work & development,F/High/Prog/Anal,0.14494875549048317
qwen-vl,Qwen3-VL,topic_persona_proportion,Main-paper topic-persona heatmap,"within-profile topic proportion, renormalized over displayed topics",Accident & police response,F/High/Prog/Anal,0.12152269399707175
qwen-vl,Qwen3-VL,topic_persona_proportion,Main-paper topic-persona heatmap,"within-profile topic proportion, renormalized over displayed topics",Rural & quiet road,F/High/Prog/Anal,0.083455344070278187
qwen-vl,Qwen3-VL,topic_persona_proportion,Main-paper topic-persona heatmap,"within-profile topic proportion, renormalized over displayed topics",Historical & preserved,F/High/Prog/Anal,0.07320644216691069
qwen-vl,Qwen3-VL,topic_persona_proportion,Main-paper topic-persona heatmap,"within-profile topic proportion, renormalized over displayed topics",Destruction & conflict,F/High/Prog/Anal,0.071742313323572476
qwen-vl,Qwen3-VL,topic_persona_proportion,Main-paper topic-persona heatmap,"within-profile topic proportion, renormalized over displayed topics",Streets & orderly urban,F/High/Prog/Anal,0.07320644216691069
qwen-vl,Qwen3-VL,topic_persona_proportion,Main-paper topic-persona heatmap,"within-profile topic proportion, renormalized over displayed topics",City & nature,F/High/Prog/Anal,0.074670571010248904
qwen-vl,Qwen3-VL,topic_persona_proportion,Main-paper topic-persona heatmap,"within-profile topic proportion, renormalized over displayed topics",Home & peaceful scene,F/High/Prog/Anal,0.070278184480234263
qwen-vl,Qwen3-VL,topic_persona_proportion,Main-paper topic-persona heatmap,"within-profile topic proportion, renormalized over displayed topics",Typical urban scene,F/High/Prog/Anal,0.064421669106881407
qwen-vl,Qwen3-VL,topic_persona_proportion,Main-paper topic-persona heatmap,"within-profile topic proportion, renormalized over displayed topics",Natural landscape & beauty,F/High/Prog/Empa,0.2361111111111111
qwen-vl,Qwen3-VL,topic_persona_proportion,Main-paper topic-persona heatmap,"within-profile topic proportion, renormalized over displayed topics",Work & development,F/High/Prog/Empa,0.1388888888888889
qwen-vl,Qwen3-VL,topic_persona_proportion,Main-paper topic-persona heatmap,"within-profile topic proportion, renormalized over displayed topics",Accident & police response,F/High/Prog/Empa,0.11805555555555555
qwen-vl,Qwen3-VL,topic_persona_proportion,Main-paper topic-persona heatmap,"within-profile topic proportion, renormalized over displayed topics",Rural & quiet road,F/High/Prog/Empa,0.13055555555555556
qwen-vl,Qwen3-VL,topic_persona_proportion,Main-paper topic-persona heatmap,"within-profile topic proportion, renormalized over displayed topics",Historical & preserved,F/High/Prog/Empa,0.070833333333333331
qwen-vl,Qwen3-VL,topic_persona_proportion,Main-paper topic-persona heatmap,"within-profile topic proportion, renormalized over displayed topics",Destruction & conflict,F/High/Prog/Empa,0.069444444444444448
qwen-vl,Qwen3-VL,topic_persona_proportion,Main-paper topic-persona heatmap,"within-profile topic proportion, renormalized over displayed topics",Streets & orderly urban,F/High/Prog/Empa,0.058333333333333334
qwen-vl,Qwen3-VL,topic_persona_proportion,Main-paper topic-persona heatmap,"within-profile topic proportion, renormalized over displayed topics",City & nature,F/High/Prog/Empa,0.063888888888888884
qwen-vl,Qwen3-VL,topic_persona_proportion,Main-paper topic-persona heatmap,"within-profile topic proportion, renormalized over displayed topics",Home & peaceful scene,F/High/Prog/Empa,0.063888888888888884
qwen-vl,Qwen3-VL,topic_persona_proportion,Main-paper topic-persona heatmap,"within-profile topic proportion, renormalized over displayed topics",Typical urban scene,F/High/Prog/Empa,0.050000000000000003
qwen-vl,Qwen3-VL,topic_persona_proportion,Main-paper topic-persona heatmap,"within-profile topic proportion, renormalized over displayed topics",Natural landscape & beauty,F/High/Prog/Prag,0.21693907875185736
qwen-vl,Qwen3-VL,topic_persona_proportion,Main-paper topic-persona heatmap,"within-profile topic proportion, renormalized over displayed topics",Work & development,F/High/Prog/Prag,0.14115898959881129
qwen-vl,Qwen3-VL,topic_persona_proportion,Main-paper topic-persona heatmap,"within-profile topic proportion, renormalized over displayed topics",Accident & police response,F/High/Prog/Prag,0.10995542347696879
qwen-vl,Qwen3-VL,topic_persona_proportion,Main-paper topic-persona heatmap,"within-profile topic proportion, renormalized over displayed topics",Rural & quiet road,F/High/Prog/Prag,0.10401188707280833
qwen-vl,Qwen3-VL,topic_persona_proportion,Main-paper topic-persona heatmap,"within-profile topic proportion, renormalized over displayed topics",Historical & preserved,F/High/Prog/Prag,0.074294205052005943
qwen-vl,Qwen3-VL,topic_persona_proportion,Main-paper topic-persona heatmap,"within-profile topic proportion, renormalized over displayed topics",Destruction & conflict,F/High/Prog/Prag,0.074294205052005943
qwen-vl,Qwen3-VL,topic_persona_proportion,Main-paper topic-persona heatmap,"within-profile topic proportion, renormalized over displayed topics",Streets & orderly urban,F/High/Prog/Prag,0.068350668647845461
qwen-vl,Qwen3-VL,topic_persona_proportion,Main-paper topic-persona heatmap,"within-profile topic proportion, renormalized over displayed topics",City & nature,F/High/Prog/Prag,0.071322436849925702
qwen-vl,Qwen3-VL,topic_persona_proportion,Main-paper topic-persona heatmap,"within-profile topic proportion, renormalized over displayed topics",Home & peaceful scene,F/High/Prog/Prag,0.074294205052005943
qwen-vl,Qwen3-VL,topic_persona_proportion,Main-paper topic-persona heatmap,"within-profile topic proportion, renormalized over displayed topics",Typical urban scene,F/High/Prog/Prag,0.065378900445765234
qwen-vl,Qwen3-VL,topic_persona_proportion,Main-paper topic-persona heatmap,"within-profile topic proportion, renormalized over displayed topics",Natural landscape & beauty,F/Low /Cons/Anal,0.17397454031117399
qwen-vl,Qwen3-VL,topic_persona_proportion,Main-paper topic-persona heatmap,"within-profile topic proportion, renormalized over displayed topics",Work & development,F/Low /Cons/Anal,0.12871287128712872
qwen-vl,Qwen3-VL,topic_persona_proportion,Main-paper topic-persona heatmap,"within-profile topic proportion, renormalized over displayed topics",Accident & police response,F/Low /Cons/Anal,0.13578500707213578
qwen-vl,Qwen3-VL,topic_persona_proportion,Main-paper topic-persona heatmap,"within-profile topic proportion, renormalized over displayed topics",Rural & quiet road,F/Low /Cons/Anal,0.13861386138613863
qwen-vl,Qwen3-VL,topic_persona_proportion,Main-paper topic-persona heatmap,"within-profile topic proportion, renormalized over displayed topics",Historical & preserved,F/Low /Cons/Anal,0.070721357850070721
qwen-vl,Qwen3-VL,topic_persona_proportion,Main-paper topic-persona heatmap,"within-profile topic proportion, renormalized over displayed topics",Destruction & conflict,F/Low /Cons/Anal,0.070721357850070721
qwen-vl,Qwen3-VL,topic_persona_proportion,Main-paper topic-persona heatmap,"within-profile topic proportion, renormalized over displayed topics",Streets & orderly urban,F/Low /Cons/Anal,0.089108910891089105
qwen-vl,Qwen3-VL,topic_persona_proportion,Main-paper topic-persona heatmap,"within-profile topic proportion, renormalized over displayed topics",City & nature,F/Low /Cons/Anal,0.067892503536067891
qwen-vl,Qwen3-VL,topic_persona_proportion,Main-paper topic-persona heatmap,"within-profile topic proportion, renormalized over displayed topics",Home & peaceful scene,F/Low /Cons/Anal,0.066478076379066484
qwen-vl,Qwen3-VL,topic_persona_proportion,Main-paper topic-persona heatmap,"within-profile topic proportion, renormalized over displayed topics",Typical urban scene,F/Low /Cons/Anal,0.057991513437057989
qwen-vl,Qwen3-VL,topic_persona_proportion,Main-paper topic-persona heatmap,"within-profile topic proportion, renormalized over displayed topics",Natural landscape & beauty,F/Low /Cons/Empa,0.16180758017492711
qwen-vl,Qwen3-VL,topic_persona_proportion,Main-paper topic-persona heatmap,"within-profile topic proportion, renormalized over displayed topics",Work & development,F/Low /Cons/Empa,0.1457725947521866
qwen-vl,Qwen3-VL,topic_persona_proportion,Main-paper topic-persona heatmap,"within-profile topic proportion, renormalized over displayed topics",Accident & police response,F/Low /Cons/Empa,0.1457725947521866
qwen-vl,Qwen3-VL,topic_persona_proportion,Main-paper topic-persona heatmap,"within-profile topic proportion, renormalized over displayed topics",Rural & quiet road,F/Low /Cons/Empa,0.13848396501457727
qwen-vl,Qwen3-VL,topic_persona_proportion,Main-paper topic-persona heatmap,"within-profile topic proportion, renormalized over displayed topics",Historical & preserved,F/Low /Cons/Empa,0.072886297376093298
qwen-vl,Qwen3-VL,topic_persona_proportion,Main-paper topic-persona heatmap,"within-profile topic proportion, renormalized over displayed topics",Destruction & conflict,F/Low /Cons/Empa,0.071428571428571425
qwen-vl,Qwen3-VL,topic_persona_proportion,Main-paper topic-persona heatmap,"within-profile topic proportion, renormalized over displayed topics",Streets & orderly urban,F/Low /Cons/Empa,0.077259475218658891
qwen-vl,Qwen3-VL,topic_persona_proportion,Main-paper topic-persona heatmap,"within-profile topic proportion, renormalized over displayed topics",City & nature,F/Low /Cons/Empa,0.064139941690962099
qwen-vl,Qwen3-VL,topic_persona_proportion,Main-paper topic-persona heatmap,"within-profile topic proportion, renormalized over displayed topics",Home & peaceful scene,F/Low /Cons/Empa,0.069970845481049565
qwen-vl,Qwen3-VL,topic_persona_proportion,Main-paper topic-persona heatmap,"within-profile topic proportion, renormalized over displayed topics",Typical urban scene,F/Low /Cons/Empa,0.052478134110787174
qwen-vl,Qwen3-VL,topic_persona_proportion,Main-paper topic-persona heatmap,"within-profile topic proportion, renormalized over displayed topics",Natural landscape & beauty,F/Low /Cons/Prag,0.10810810810810811
qwen-vl,Qwen3-VL,topic_persona_proportion,Main-paper topic-persona heatmap,"within-profile topic proportion, renormalized over displayed topics",Work & development,F/Low /Cons/Prag,0.13798008534850639
qwen-vl,Qwen3-VL,topic_persona_proportion,Main-paper topic-persona heatmap,"within-profile topic proportion, renormalized over displayed topics",Accident & police response,F/Low /Cons/Prag,0.14509246088193456
qwen-vl,Qwen3-VL,topic_persona_proportion,Main-paper topic-persona heatmap,"within-profile topic proportion, renormalized over displayed topics",Rural & quiet road,F/Low /Cons/Prag,0.14366998577524892
qwen-vl,Qwen3-VL,topic_persona_proportion,Main-paper topic-persona heatmap,"within-profile topic proportion, renormalized over displayed topics",Historical & preserved,F/Low /Cons/Prag,0.071123755334281655
qwen-vl,Qwen3-VL,topic_persona_proportion,Main-paper topic-persona heatmap,"within-profile topic proportion, renormalized over displayed topics",Destruction & conflict,F/Low /Cons/Prag,0.066856330014224752
qwen-vl,Qwen3-VL,topic_persona_proportion,Main-paper topic-persona heatmap,"within-profile topic proportion, renormalized over displayed topics",Streets & orderly urban,F/Low /Cons/Prag,0.054054054054054057
qwen-vl,Qwen3-VL,topic_persona_proportion,Main-paper topic-persona heatmap,"within-profile topic proportion, renormalized over displayed topics",City & nature,F/Low /Cons/Prag,0.066856330014224752
qwen-vl,Qwen3-VL,topic_persona_proportion,Main-paper topic-persona heatmap,"within-profile topic proportion, renormalized over displayed topics",Home & peaceful scene,F/Low /Cons/Prag,0.065433854907539113
qwen-vl,Qwen3-VL,topic_persona_proportion,Main-paper topic-persona heatmap,"within-profile topic proportion, renormalized over displayed topics",Typical urban scene,F/Low /Cons/Prag,0.14082503556187767
qwen-vl,Qwen3-VL,topic_persona_proportion,Main-paper topic-persona heatmap,"within-profile topic proportion, renormalized over displayed topics",Natural landscape & beauty,F/Low /Prog/Anal,0.18496240601503761
qwen-vl,Qwen3-VL,topic_persona_proportion,Main-paper topic-persona heatmap,"within-profile topic proportion, renormalized over displayed topics",Work & development,F/Low /Prog/Anal,0.14887218045112782
qwen-vl,Qwen3-VL,topic_persona_proportion,Main-paper topic-persona heatmap,"within-profile topic proportion, renormalized over displayed topics",Accident & police response,F/Low /Prog/Anal,0.13984962406015036
qwen-vl,Qwen3-VL,topic_persona_proportion,Main-paper topic-persona heatmap,"within-profile topic proportion, renormalized over displayed topics",Rural & quiet road,F/Low /Prog/Anal,0.12330827067669173
qwen-vl,Qwen3-VL,topic_persona_proportion,Main-paper topic-persona heatmap,"within-profile topic proportion, renormalized over displayed topics",Historical & preserved,F/Low /Prog/Anal,0.072180451127819553
qwen-vl,Qwen3-VL,topic_persona_proportion,Main-paper topic-persona heatmap,"within-profile topic proportion, renormalized over displayed topics",Destruction & conflict,F/Low /Prog/Anal,0.078195488721804512
qwen-vl,Qwen3-VL,topic_persona_proportion,Main-paper topic-persona heatmap,"within-profile topic proportion, renormalized over displayed topics",Streets & orderly urban,F/Low /Prog/Anal,0.075187969924812026
qwen-vl,Qwen3-VL,topic_persona_proportion,Main-paper topic-persona heatmap,"within-profile topic proportion, renormalized over displayed topics",City & nature,F/Low /Prog/Anal,0.072180451127819553
qwen-vl,Qwen3-VL,topic_persona_proportion,Main-paper topic-persona heatmap,"within-profile topic proportion, renormalized over displayed topics",Home & peaceful scene,F/Low /Prog/Anal,0.073684210526315783
qwen-vl,Qwen3-VL,topic_persona_proportion,Main-paper topic-persona heatmap,"within-profile topic proportion, renormalized over displayed topics",Typical urban scene,F/Low /Prog/Anal,0.031578947368421054
qwen-vl,Qwen3-VL,topic_persona_proportion,Main-paper topic-persona heatmap,"within-profile topic proportion, renormalized over displayed topics",Natural landscape & beauty,F/Low /Prog/Empa,0.23144104803493451
qwen-vl,Qwen3-VL,topic_persona_proportion,Main-paper topic-persona heatmap,"within-profile topic proportion, renormalized over displayed topics",Work & development,F/Low /Prog/Empa,0.14556040756914118
qwen-vl,Qwen3-VL,topic_persona_proportion,Main-paper topic-persona heatmap,"within-profile topic proportion, renormalized over displayed topics",Accident & police response,F/Low /Prog/Empa,0.14556040756914118
qwen-vl,Qwen3-VL,topic_persona_proportion,Main-paper topic-persona heatmap,"within-profile topic proportion, renormalized over displayed topics",Rural & quiet road,F/Low /Prog/Empa,0.11353711790393013
qwen-vl,Qwen3-VL,topic_persona_proportion,Main-paper topic-persona heatmap,"within-profile topic proportion, renormalized over displayed topics",Historical & preserved,F/Low /Prog/Empa,0.068413391557496359
qwen-vl,Qwen3-VL,topic_persona_proportion,Main-paper topic-persona heatmap,"within-profile topic proportion, renormalized over displayed topics",Destruction & conflict,F/Low /Prog/Empa,0.075691411935953426
qwen-vl,Qwen3-VL,topic_persona_proportion,Main-paper topic-persona heatmap,"within-profile topic proportion, renormalized over displayed topics",Streets & orderly urban,F/Low /Prog/Empa,0.07132459970887918
qwen-vl,Qwen3-VL,topic_persona_proportion,Main-paper topic-persona heatmap,"within-profile topic proportion, renormalized over displayed topics",City & nature,F/Low /Prog/Empa,0.064046579330422126
qwen-vl,Qwen3-VL,topic_persona_proportion,Main-paper topic-persona heatmap,"within-profile topic proportion, renormalized over displayed topics",Home & peaceful scene,F/Low /Prog/Empa,0.065502183406113537
qwen-vl,Qwen3-VL,topic_persona_proportion,Main-paper topic-persona heatmap,"within-profile topic proportion, renormalized over displayed topics",Typical urban scene,F/Low /Prog/Empa,0.018922852983988356
qwen-vl,Qwen3-VL,topic_persona_proportion,Main-paper topic-persona heatmap,"within-profile topic proportion, renormalized over displayed topics",Natural landscape & beauty,F/Low /Prog/Prag,0.18768768768768768
qwen-vl,Qwen3-VL,topic_persona_proportion,Main-paper topic-persona heatmap,"within-profile topic proportion, renormalized over displayed topics",Work & development,F/Low /Prog/Prag,0.14864864864864866
qwen-vl,Qwen3-VL,topic_persona_proportion,Main-paper topic-persona heatmap,"within-profile topic proportion, renormalized over displayed topics",Accident & police response,F/Low /Prog/Prag,0.14564564564564564
qwen-vl,Qwen3-VL,topic_persona_proportion,Main-paper topic-persona heatmap,"within-profile topic proportion, renormalized over displayed topics",Rural & quiet road,F/Low /Prog/Prag,0.11861861861861862
qwen-vl,Qwen3-VL,topic_persona_proportion,Main-paper topic-persona heatmap,"within-profile topic proportion, renormalized over displayed topics",Historical & preserved,F/Low /Prog/Prag,0.075075075075075076
qwen-vl,Qwen3-VL,topic_persona_proportion,Main-paper topic-persona heatmap,"within-profile topic proportion, renormalized over displayed topics",Destruction & conflict,F/Low /Prog/Prag,0.075075075075075076
qwen-vl,Qwen3-VL,topic_persona_proportion,Main-paper topic-persona heatmap,"within-profile topic proportion, renormalized over displayed topics",Streets & orderly urban,F/Low /Prog/Prag,0.042042042042042045
qwen-vl,Qwen3-VL,topic_persona_proportion,Main-paper topic-persona heatmap,"within-profile topic proportion, renormalized over displayed topics",City & nature,F/Low /Prog/Prag,0.063063063063063057
qwen-vl,Qwen3-VL,topic_persona_proportion,Main-paper topic-persona heatmap,"within-profile topic proportion, renormalized over displayed topics",Home & peaceful scene,F/Low /Prog/Prag,0.064564564564564567
qwen-vl,Qwen3-VL,topic_persona_proportion,Main-paper topic-persona heatmap,"within-profile topic proportion, renormalized over displayed topics",Typical urban scene,F/Low /Prog/Prag,0.079579579579579576
qwen-vl,Qwen3-VL,topic_persona_proportion,Main-paper topic-persona heatmap,"within-profile topic proportion, renormalized over displayed topics",Natural landscape & beauty,M/High/Cons/Anal,0.17534246575342466
qwen-vl,Qwen3-VL,topic_persona_proportion,Main-paper topic-persona heatmap,"within-profile topic proportion, renormalized over displayed topics",Work & development,M/High/Cons/Anal,0.13561643835616438
qwen-vl,Qwen3-VL,topic_persona_proportion,Main-paper topic-persona heatmap,"within-profile topic proportion, renormalized over displayed topics",Accident & police response,M/High/Cons/Anal,0.12602739726027398
qwen-vl,Qwen3-VL,topic_persona_proportion,Main-paper topic-persona heatmap,"within-profile topic proportion, renormalized over displayed topics",Rural & quiet road,M/High/Cons/Anal,0.13561643835616438
qwen-vl,Qwen3-VL,topic_persona_proportion,Main-paper topic-persona heatmap,"within-profile topic proportion, renormalized over displayed topics",Historical & preserved,M/High/Cons/Anal,0.069863013698630141
qwen-vl,Qwen3-VL,topic_persona_proportion,Main-paper topic-persona heatmap,"within-profile topic proportion, renormalized over displayed topics",Destruction & conflict,M/High/Cons/Anal,0.06575342465753424
qwen-vl,Qwen3-VL,topic_persona_proportion,Main-paper topic-persona heatmap,"within-profile topic proportion, renormalized over displayed topics",Streets & orderly urban,M/High/Cons/Anal,0.075342465753424653
qwen-vl,Qwen3-VL,topic_persona_proportion,Main-paper topic-persona heatmap,"within-profile topic proportion, renormalized over displayed topics",City & nature,M/High/Cons/Anal,0.069863013698630141
qwen-vl,Qwen3-VL,topic_persona_proportion,Main-paper topic-persona heatmap,"within-profile topic proportion, renormalized over displayed topics",Home & peaceful scene,M/High/Cons/Anal,0.064383561643835616
qwen-vl,Qwen3-VL,topic_persona_proportion,Main-paper topic-persona heatmap,"within-profile topic proportion, renormalized over displayed topics",Typical urban scene,M/High/Cons/Anal,0.082191780821917804
qwen-vl,Qwen3-VL,topic_persona_proportion,Main-paper topic-persona heatmap,"within-profile topic proportion, renormalized over displayed topics",Natural landscape & beauty,M/High/Cons/Empa,0.19464033850493653
qwen-vl,Qwen3-VL,topic_persona_proportion,Main-paper topic-persona heatmap,"within-profile topic proportion, renormalized over displayed topics",Work & development,M/High/Cons/Empa,0.14245416078984485
qwen-vl,Qwen3-VL,topic_persona_proportion,Main-paper topic-persona heatmap,"within-profile topic proportion, renormalized over displayed topics",Accident & police response,M/High/Cons/Empa,0.11706629055007052
qwen-vl,Qwen3-VL,topic_persona_proportion,Main-paper topic-persona heatmap,"within-profile topic proportion, renormalized over displayed topics",Rural & quiet road,M/High/Cons/Empa,0.14386459802538787
qwen-vl,Qwen3-VL,topic_persona_proportion,Main-paper topic-persona heatmap,"within-profile topic proportion, renormalized over displayed topics",Historical & preserved,M/High/Cons/Empa,0.070521861777150918
qwen-vl,Qwen3-VL,topic_persona_proportion,Main-paper topic-persona heatmap,"within-profile topic proportion, renormalized over displayed topics",Destruction & conflict,M/High/Cons/Empa,0.070521861777150918
qwen-vl,Qwen3-VL,topic_persona_proportion,Main-paper topic-persona heatmap,"within-profile topic proportion, renormalized over displayed topics",Streets & orderly urban,M/High/Cons/Empa,0.067700987306064886
qwen-vl,Qwen3-VL,topic_persona_proportion,Main-paper topic-persona heatmap,"within-profile topic proportion, renormalized over displayed topics",City & nature,M/High/Cons/Empa,0.066290550070521856
qwen-vl,Qwen3-VL,topic_persona_proportion,Main-paper topic-persona heatmap,"within-profile topic proportion, renormalized over displayed topics",Home & peaceful scene,M/High/Cons/Empa,0.06488011283497884
qwen-vl,Qwen3-VL,topic_persona_proportion,Main-paper topic-persona heatmap,"within-profile topic proportion, renormalized over displayed topics",Typical urban scene,M/High/Cons/Empa,0.062059238363892807
qwen-vl,Qwen3-VL,topic_persona_proportion,Main-paper topic-persona heatmap,"within-profile topic proportion, renormalized over displayed topics",Natural landscape & beauty,M/High/Cons/Prag,0.18792866941015088
qwen-vl,Qwen3-VL,topic_persona_proportion,Main-paper topic-persona heatmap,"within-profile topic proportion, renormalized over displayed topics",Work & development,M/High/Cons/Prag,0.13031550068587106
qwen-vl,Qwen3-VL,topic_persona_proportion,Main-paper topic-persona heatmap,"within-profile topic proportion, renormalized over displayed topics",Accident & police response,M/High/Cons/Prag,0.12894375857338819
qwen-vl,Qwen3-VL,topic_persona_proportion,Main-paper topic-persona heatmap,"within-profile topic proportion, renormalized over displayed topics",Rural & quiet road,M/High/Cons/Prag,0.13305898491083676
qwen-vl,Qwen3-VL,topic_persona_proportion,Main-paper topic-persona heatmap,"within-profile topic proportion, renormalized over displayed topics",Historical & preserved,M/High/Cons/Prag,0.069958847736625515
qwen-vl,Qwen3-VL,topic_persona_proportion,Main-paper topic-persona heatmap,"within-profile topic proportion, renormalized over displayed topics",Destruction & conflict,M/High/Cons/Prag,0.069958847736625515
qwen-vl,Qwen3-VL,topic_persona_proportion,Main-paper topic-persona heatmap,"within-profile topic proportion, renormalized over displayed topics",Streets & orderly urban,M/High/Cons/Prag,0.075445816186556922
qwen-vl,Qwen3-VL,topic_persona_proportion,Main-paper topic-persona heatmap,"within-profile topic proportion, renormalized over displayed topics",City & nature,M/High/Cons/Prag,0.06584362139917696
qwen-vl,Qwen3-VL,topic_persona_proportion,Main-paper topic-persona heatmap,"within-profile topic proportion, renormalized over displayed topics",Home & peaceful scene,M/High/Cons/Prag,0.068587105624142664
qwen-vl,Qwen3-VL,topic_persona_proportion,Main-paper topic-persona heatmap,"within-profile topic proportion, renormalized over displayed topics",Typical urban scene,M/High/Cons/Prag,0.069958847736625515
qwen-vl,Qwen3-VL,topic_persona_proportion,Main-paper topic-persona heatmap,"within-profile topic proportion, renormalized over displayed topics",Natural landscape & beauty,M/High/Prog/Anal,0.20184899845916796
qwen-vl,Qwen3-VL,topic_persona_proportion,Main-paper topic-persona heatmap,"within-profile topic proportion, renormalized over displayed topics",Work & development,M/High/Prog/Anal,0.15408320493066255
qwen-vl,Qwen3-VL,topic_persona_proportion,Main-paper topic-persona heatmap,"within-profile topic proportion, renormalized over displayed topics",Accident & police response,M/High/Prog/Anal,0.1140215716486903
qwen-vl,Qwen3-VL,topic_persona_proportion,Main-paper topic-persona heatmap,"within-profile topic proportion, renormalized over displayed topics",Rural & quiet road,M/High/Prog/Anal,0.077041602465331274
qwen-vl,Qwen3-VL,topic_persona_proportion,Main-paper topic-persona heatmap,"within-profile topic proportion, renormalized over displayed topics",Historical & preserved,M/High/Prog/Anal,0.077041602465331274
qwen-vl,Qwen3-VL,topic_persona_proportion,Main-paper topic-persona heatmap,"within-profile topic proportion, renormalized over displayed topics",Destruction & conflict,M/High/Prog/Anal,0.077041602465331274
qwen-vl,Qwen3-VL,topic_persona_proportion,Main-paper topic-persona heatmap,"within-profile topic proportion, renormalized over displayed topics",Streets & orderly urban,M/High/Prog/Anal,0.077041602465331274
qwen-vl,Qwen3-VL,topic_persona_proportion,Main-paper topic-persona heatmap,"within-profile topic proportion, renormalized over displayed topics",City & nature,M/High/Prog/Anal,0.078582434514637908
qwen-vl,Qwen3-VL,topic_persona_proportion,Main-paper topic-persona heatmap,"within-profile topic proportion, renormalized over displayed topics",Home & peaceful scene,M/High/Prog/Anal,0.075500770416024654
qwen-vl,Qwen3-VL,topic_persona_proportion,Main-paper topic-persona heatmap,"within-profile topic proportion, renormalized over displayed topics",Typical urban scene,M/High/Prog/Anal,0.067796610169491525
qwen-vl,Qwen3-VL,topic_persona_proportion,Main-paper topic-persona heatmap,"within-profile topic proportion, renormalized over displayed topics",Natural landscape & beauty,M/High/Prog/Empa,0.26255380200860834
qwen-vl,Qwen3-VL,topic_persona_proportion,Main-paper topic-persona heatmap,"within-profile topic proportion, renormalized over displayed topics",Work & development,M/High/Prog/Empa,0.13773314203730272
qwen-vl,Qwen3-VL,topic_persona_proportion,Main-paper topic-persona heatmap,"within-profile topic proportion, renormalized over displayed topics",Accident & police response,M/High/Prog/Empa,0.10329985652797705
qwen-vl,Qwen3-VL,topic_persona_proportion,Main-paper topic-persona heatmap,"within-profile topic proportion, renormalized over displayed topics",Rural & quiet road,M/High/Prog/Empa,0.091822094691535155
qwen-vl,Qwen3-VL,topic_persona_proportion,Main-paper topic-persona heatmap,"within-profile topic proportion, renormalized over displayed topics",Historical & preserved,M/High/Prog/Empa,0.073170731707317069
qwen-vl,Qwen3-VL,topic_persona_proportion,Main-paper topic-persona heatmap,"within-profile topic proportion, renormalized over displayed topics",Destruction & conflict,M/High/Prog/Empa,0.071736011477761832
qwen-vl,Qwen3-VL,topic_persona_proportion,Main-paper topic-persona heatmap,"within-profile topic proportion, renormalized over displayed topics",Streets & orderly urban,M/High/Prog/Empa,0.070301291248206596
qwen-vl,Qwen3-VL,topic_persona_proportion,Main-paper topic-persona heatmap,"within-profile topic proportion, renormalized over displayed topics",City & nature,M/High/Prog/Empa,0.074605451936872305
qwen-vl,Qwen3-VL,topic_persona_proportion,Main-paper topic-persona heatmap,"within-profile topic proportion, renormalized over displayed topics",Home & peaceful scene,M/High/Prog/Empa,0.070301291248206596
qwen-vl,Qwen3-VL,topic_persona_proportion,Main-paper topic-persona heatmap,"within-profile topic proportion, renormalized over displayed topics",Typical urban scene,M/High/Prog/Empa,0.044476327116212341
qwen-vl,Qwen3-VL,topic_persona_proportion,Main-paper topic-persona heatmap,"within-profile topic proportion, renormalized over displayed topics",Natural landscape & beauty,M/High/Prog/Prag,0.20605187319884727
qwen-vl,Qwen3-VL,topic_persona_proportion,Main-paper topic-persona heatmap,"within-profile topic proportion, renormalized over displayed topics",Work & development,M/High/Prog/Prag,0.14265129682997119
qwen-vl,Qwen3-VL,topic_persona_proportion,Main-paper topic-persona heatmap,"within-profile topic proportion, renormalized over displayed topics",Accident & police response,M/High/Prog/Prag,0.10230547550432277
qwen-vl,Qwen3-VL,topic_persona_proportion,Main-paper topic-persona heatmap,"within-profile topic proportion, renormalized over displayed topics",Rural & quiet road,M/High/Prog/Prag,0.1138328530259366
qwen-vl,Qwen3-VL,topic_persona_proportion,Main-paper topic-persona heatmap,"within-profile topic proportion, renormalized over displayed topics",Historical & preserved,M/High/Prog/Prag,0.072046109510086456
qwen-vl,Qwen3-VL,topic_persona_proportion,Main-paper topic-persona heatmap,"within-profile topic proportion, renormalized over displayed topics",Destruction & conflict,M/High/Prog/Prag,0.072046109510086456
qwen-vl,Qwen3-VL,topic_persona_proportion,Main-paper topic-persona heatmap,"within-profile topic proportion, renormalized over displayed topics",Streets & orderly urban,M/High/Prog/Prag,0.072046109510086456
qwen-vl,Qwen3-VL,topic_persona_proportion,Main-paper topic-persona heatmap,"within-profile topic proportion, renormalized over displayed topics",City & nature,M/High/Prog/Prag,0.07060518731988473
qwen-vl,Qwen3-VL,topic_persona_proportion,Main-paper topic-persona heatmap,"within-profile topic proportion, renormalized over displayed topics",Home & peaceful scene,M/High/Prog/Prag,0.07060518731988473
qwen-vl,Qwen3-VL,topic_persona_proportion,Main-paper topic-persona heatmap,"within-profile topic proportion, renormalized over displayed topics",Typical urban scene,M/High/Prog/Prag,0.077809798270893377
qwen-vl,Qwen3-VL,topic_persona_proportion,Main-paper topic-persona heatmap,"within-profile topic proportion, renormalized over displayed topics",Natural landscape & beauty,M/Low /Cons/Anal,0.1643059490084986
qwen-vl,Qwen3-VL,topic_persona_proportion,Main-paper topic-persona heatmap,"within-profile topic proportion, renormalized over displayed topics",Work & development,M/Low /Cons/Anal,0.13456090651558072
qwen-vl,Qwen3-VL,topic_persona_proportion,Main-paper topic-persona heatmap,"within-profile topic proportion, renormalized over displayed topics",Accident & police response,M/Low /Cons/Anal,0.14305949008498584
qwen-vl,Qwen3-VL,topic_persona_proportion,Main-paper topic-persona heatmap,"within-profile topic proportion, renormalized over displayed topics",Rural & quiet road,M/Low /Cons/Anal,0.14305949008498584
qwen-vl,Qwen3-VL,topic_persona_proportion,Main-paper topic-persona heatmap,"within-profile topic proportion, renormalized over displayed topics",Historical & preserved,M/Low /Cons/Anal,0.070821529745042494
qwen-vl,Qwen3-VL,topic_persona_proportion,Main-paper topic-persona heatmap,"within-profile topic proportion, renormalized over displayed topics",Destruction & conflict,M/Low /Cons/Anal,0.070821529745042494
qwen-vl,Qwen3-VL,topic_persona_proportion,Main-paper topic-persona heatmap,"within-profile topic proportion, renormalized over displayed topics",Streets & orderly urban,M/Low /Cons/Anal,0.080736543909348438
qwen-vl,Qwen3-VL,topic_persona_proportion,Main-paper topic-persona heatmap,"within-profile topic proportion, renormalized over displayed topics",City & nature,M/Low /Cons/Anal,0.062322946175637391
qwen-vl,Qwen3-VL,topic_persona_proportion,Main-paper topic-persona heatmap,"within-profile topic proportion, renormalized over displayed topics",Home & peaceful scene,M/Low /Cons/Anal,0.063739376770538245
qwen-vl,Qwen3-VL,topic_persona_proportion,Main-paper topic-persona heatmap,"within-profile topic proportion, renormalized over displayed topics",Typical urban scene,M/Low /Cons/Anal,0.066572237960339939
qwen-vl,Qwen3-VL,topic_persona_proportion,Main-paper topic-persona heatmap,"within-profile topic proportion, renormalized over displayed topics",Natural landscape & beauty,M/Low /Cons/Empa,0.17216642754662842
qwen-vl,Qwen3-VL,topic_persona_proportion,Main-paper topic-persona heatmap,"within-profile topic proportion, renormalized over displayed topics",Work & development,M/Low /Cons/Empa,0.14203730272596843
qwen-vl,Qwen3-VL,topic_persona_proportion,Main-paper topic-persona heatmap,"within-profile topic proportion, renormalized over displayed topics",Accident & police response,M/Low /Cons/Empa,0.14347202295552366
qwen-vl,Qwen3-VL,topic_persona_proportion,Main-paper topic-persona heatmap,"within-profile topic proportion, renormalized over displayed topics",Rural & quiet road,M/Low /Cons/Empa,0.13773314203730272
qwen-vl,Qwen3-VL,topic_persona_proportion,Main-paper topic-persona heatmap,"within-profile topic proportion, renormalized over displayed topics",Historical & preserved,M/Low /Cons/Empa,0.071736011477761832
qwen-vl,Qwen3-VL,topic_persona_proportion,Main-paper topic-persona heatmap,"within-profile topic proportion, renormalized over displayed topics",Destruction & conflict,M/Low /Cons/Empa,0.071736011477761832
qwen-vl,Qwen3-VL,topic_persona_proportion,Main-paper topic-persona heatmap,"within-profile topic proportion, renormalized over displayed topics",Streets & orderly urban,M/Low /Cons/Empa,0.078909612625538014
qwen-vl,Qwen3-VL,topic_persona_proportion,Main-paper topic-persona heatmap,"within-profile topic proportion, renormalized over displayed topics",City & nature,M/Low /Cons/Empa,0.067431850789096123
qwen-vl,Qwen3-VL,topic_persona_proportion,Main-paper topic-persona heatmap,"within-profile topic proportion, renormalized over displayed topics",Home & peaceful scene,M/Low /Cons/Empa,0.063127690100430414
qwen-vl,Qwen3-VL,topic_persona_proportion,Main-paper topic-persona heatmap,"within-profile topic proportion, renormalized over displayed topics",Typical urban scene,M/Low /Cons/Empa,0.051649928263988523
qwen-vl,Qwen3-VL,topic_persona_proportion,Main-paper topic-persona heatmap,"within-profile topic proportion, renormalized over displayed topics",Natural landscape & beauty,M/Low /Cons/Prag,0.088952654232424683
qwen-vl,Qwen3-VL,topic_persona_proportion,Main-paper topic-persona heatmap,"within-profile topic proportion, renormalized over displayed topics",Work & development,M/Low /Cons/Prag,0.15351506456241032
qwen-vl,Qwen3-VL,topic_persona_proportion,Main-paper topic-persona heatmap,"within-profile topic proportion, renormalized over displayed topics",Accident & police response,M/Low /Cons/Prag,0.14203730272596843
qwen-vl,Qwen3-VL,topic_persona_proportion,Main-paper topic-persona heatmap,"within-profile topic proportion, renormalized over displayed topics",Rural & quiet road,M/Low /Cons/Prag,0.13629842180774748
qwen-vl,Qwen3-VL,topic_persona_proportion,Main-paper topic-persona heatmap,"within-profile topic proportion, renormalized over displayed topics",Historical & preserved,M/Low /Cons/Prag,0.070301291248206596
qwen-vl,Qwen3-VL,topic_persona_proportion,Main-paper topic-persona heatmap,"within-profile topic proportion, renormalized over displayed topics",Destruction & conflict,M/Low /Cons/Prag,0.063127690100430414
qwen-vl,Qwen3-VL,topic_persona_proportion,Main-paper topic-persona heatmap,"within-profile topic proportion, renormalized over displayed topics",Streets & orderly urban,M/Low /Cons/Prag,0.071736011477761832
qwen-vl,Qwen3-VL,topic_persona_proportion,Main-paper topic-persona heatmap,"within-profile topic proportion, renormalized over displayed topics",City & nature,M/Low /Cons/Prag,0.067431850789096123
qwen-vl,Qwen3-VL,topic_persona_proportion,Main-paper topic-persona heatmap,"within-profile topic proportion, renormalized over displayed topics",Home & peaceful scene,M/Low /Cons/Prag,0.065997130559540887
qwen-vl,Qwen3-VL,topic_persona_proportion,Main-paper topic-persona heatmap,"within-profile topic proportion, renormalized over displayed topics",Typical urban scene,M/Low /Cons/Prag,0.14060258249641319
qwen-vl,Qwen3-VL,topic_persona_proportion,Main-paper topic-persona heatmap,"within-profile topic proportion, renormalized over displayed topics",Natural landscape & beauty,M/Low /Prog/Anal,0.19111111111111112
qwen-vl,Qwen3-VL,topic_persona_proportion,Main-paper topic-persona heatmap,"within-profile topic proportion, renormalized over displayed topics",Work & development,M/Low /Prog/Anal,0.14518518518518519
qwen-vl,Qwen3-VL,topic_persona_proportion,Main-paper topic-persona heatmap,"within-profile topic proportion, renormalized over displayed topics",Accident & police response,M/Low /Prog/Anal,0.12888888888888889
qwen-vl,Qwen3-VL,topic_persona_proportion,Main-paper topic-persona heatmap,"within-profile topic proportion, renormalized over displayed topics",Rural & quiet road,M/Low /Prog/Anal,0.13185185185185186
qwen-vl,Qwen3-VL,topic_persona_proportion,Main-paper topic-persona heatmap,"within-profile topic proportion, renormalized over displayed topics",Historical & preserved,M/Low /Prog/Anal,0.072592592592592597
qwen-vl,Qwen3-VL,topic_persona_proportion,Main-paper topic-persona heatmap,"within-profile topic proportion, renormalized over displayed topics",Destruction & conflict,M/Low /Prog/Anal,0.07407407407407407
qwen-vl,Qwen3-VL,topic_persona_proportion,Main-paper topic-persona heatmap,"within-profile topic proportion, renormalized over displayed topics",Streets & orderly urban,M/Low /Prog/Anal,0.06222222222222222
qwen-vl,Qwen3-VL,topic_persona_proportion,Main-paper topic-persona heatmap,"within-profile topic proportion, renormalized over displayed topics",City & nature,M/Low /Prog/Anal,0.077037037037037043
qwen-vl,Qwen3-VL,topic_persona_proportion,Main-paper topic-persona heatmap,"within-profile topic proportion, renormalized over displayed topics",Home & peaceful scene,M/Low /Prog/Anal,0.072592592592592597
qwen-vl,Qwen3-VL,topic_persona_proportion,Main-paper topic-persona heatmap,"within-profile topic proportion, renormalized over displayed topics",Typical urban scene,M/Low /Prog/Anal,0.044444444444444446
qwen-vl,Qwen3-VL,topic_persona_proportion,Main-paper topic-persona heatmap,"within-profile topic proportion, renormalized over displayed topics",Natural landscape & beauty,M/Low /Prog/Empa,0.21625544267053701
qwen-vl,Qwen3-VL,topic_persona_proportion,Main-paper topic-persona heatmap,"within-profile topic proportion, renormalized over displayed topics",Work & development,M/Low /Prog/Empa,0.13933236574746008
qwen-vl,Qwen3-VL,topic_persona_proportion,Main-paper topic-persona heatmap,"within-profile topic proportion, renormalized over displayed topics",Accident & police response,M/Low /Prog/Empa,0.13207547169811321
qwen-vl,Qwen3-VL,topic_persona_proportion,Main-paper topic-persona heatmap,"within-profile topic proportion, renormalized over displayed topics",Rural & quiet road,M/Low /Prog/Empa,0.12336719883889695
qwen-vl,Qwen3-VL,topic_persona_proportion,Main-paper topic-persona heatmap,"within-profile topic proportion, renormalized over displayed topics",Historical & preserved,M/Low /Prog/Empa,0.072568940493468792
qwen-vl,Qwen3-VL,topic_persona_proportion,Main-paper topic-persona heatmap,"within-profile topic proportion, renormalized over displayed topics",Destruction & conflict,M/Low /Prog/Empa,0.071117561683599423
qwen-vl,Qwen3-VL,topic_persona_proportion,Main-paper topic-persona heatmap,"within-profile topic proportion, renormalized over displayed topics",Streets & orderly urban,M/Low /Prog/Empa,0.074020319303338175
qwen-vl,Qwen3-VL,topic_persona_proportion,Main-paper topic-persona heatmap,"within-profile topic proportion, renormalized over displayed topics",City & nature,M/Low /Prog/Empa,0.068214804063860671
qwen-vl,Qwen3-VL,topic_persona_proportion,Main-paper topic-persona heatmap,"within-profile topic proportion, renormalized over displayed topics",Home & peaceful scene,M/Low /Prog/Empa,0.062409288824383166
qwen-vl,Qwen3-VL,topic_persona_proportion,Main-paper topic-persona heatmap,"within-profile topic proportion, renormalized over displayed topics",Typical urban scene,M/Low /Prog/Empa,0.040638606676342524
qwen-vl,Qwen3-VL,topic_persona_proportion,Main-paper topic-persona heatmap,"within-profile topic proportion, renormalized over displayed topics",Natural landscape & beauty,M/Low /Prog/Prag,0.1782477341389728
qwen-vl,Qwen3-VL,topic_persona_proportion,Main-paper topic-persona heatmap,"within-profile topic proportion, renormalized over displayed topics",Work & development,M/Low /Prog/Prag,0.1555891238670695
qwen-vl,Qwen3-VL,topic_persona_proportion,Main-paper topic-persona heatmap,"within-profile topic proportion, renormalized over displayed topics",Accident & police response,M/Low /Prog/Prag,0.14350453172205438
qwen-vl,Qwen3-VL,topic_persona_proportion,Main-paper topic-persona heatmap,"within-profile topic proportion, renormalized over displayed topics",Rural & quiet road,M/Low /Prog/Prag,0.13444108761329304
qwen-vl,Qwen3-VL,topic_persona_proportion,Main-paper topic-persona heatmap,"within-profile topic proportion, renormalized over displayed topics",Historical & preserved,M/Low /Prog/Prag,0.074018126888217517
qwen-vl,Qwen3-VL,topic_persona_proportion,Main-paper topic-persona heatmap,"within-profile topic proportion, renormalized over displayed topics",Destruction & conflict,M/Low /Prog/Prag,0.072507552870090641
qwen-vl,Qwen3-VL,topic_persona_proportion,Main-paper topic-persona heatmap,"within-profile topic proportion, renormalized over displayed topics",Streets & orderly urban,M/Low /Prog/Prag,0.055891238670694864
qwen-vl,Qwen3-VL,topic_persona_proportion,Main-paper topic-persona heatmap,"within-profile topic proportion, renormalized over displayed topics",City & nature,M/Low /Prog/Prag,0.070996978851963752
qwen-vl,Qwen3-VL,topic_persona_proportion,Main-paper topic-persona heatmap,"within-profile topic proportion, renormalized over displayed topics",Home & peaceful scene,M/Low /Prog/Prag,0.058912386706948643
qwen-vl,Qwen3-VL,topic_persona_proportion,Main-paper topic-persona heatmap,"within-profile topic proportion, renormalized over displayed topics",Typical urban scene,M/Low /Prog/Prag,0.055891238670694864
qwen-vl,Qwen3-VL,caption_similarity,Appendix Figure A1,mean image-conditioned cosine similarity,F/High/Cons/Anal,F/High/Cons/Anal,0.88709710597991942
qwen-vl,Qwen3-VL,caption_similarity,Appendix Figure A1,mean image-conditioned cosine similarity,F/High/Cons/Empa,F/High/Cons/Anal,0.87671691179275513
qwen-vl,Qwen3-VL,caption_similarity,Appendix Figure A1,mean image-conditioned cosine similarity,F/High/Cons/Prag,F/High/Cons/Anal,0.8815072774887085
qwen-vl,Qwen3-VL,caption_similarity,Appendix Figure A1,mean image-conditioned cosine similarity,F/High/Prog/Anal,F/High/Cons/Anal,0.87210166454315186
qwen-vl,Qwen3-VL,caption_similarity,Appendix Figure A1,mean image-conditioned cosine similarity,F/High/Prog/Empa,F/High/Cons/Anal,0.86568206548690796
qwen-vl,Qwen3-VL,caption_similarity,Appendix Figure A1,mean image-conditioned cosine similarity,F/High/Prog/Prag,F/High/Cons/Anal,0.86906814575195312
qwen-vl,Qwen3-VL,caption_similarity,Appendix Figure A1,mean image-conditioned cosine similarity,F/Low /Cons/Anal,F/High/Cons/Anal,0.868755042552948
qwen-vl,Qwen3-VL,caption_similarity,Appendix Figure A1,mean image-conditioned cosine similarity,F/Low /Cons/Empa,F/High/Cons/Anal,0.86885946989059448
qwen-vl,Qwen3-VL,caption_similarity,Appendix Figure A1,mean image-conditioned cosine similarity,F/Low /Cons/Prag,F/High/Cons/Anal,0.86881810426712036
qwen-vl,Qwen3-VL,caption_similarity,Appendix Figure A1,mean image-conditioned cosine similarity,F/Low /Prog/Anal,F/High/Cons/Anal,0.86653292179107666
qwen-vl,Qwen3-VL,caption_similarity,Appendix Figure A1,mean image-conditioned cosine similarity,F/Low /Prog/Empa,F/High/Cons/Anal,0.86331856250762939
qwen-vl,Qwen3-VL,caption_similarity,Appendix Figure A1,mean image-conditioned cosine similarity,F/Low /Prog/Prag,F/High/Cons/Anal,0.86230325698852539
qwen-vl,Qwen3-VL,caption_similarity,Appendix Figure A1,mean image-conditioned cosine similarity,M/High/Cons/Anal,F/High/Cons/Anal,0.88247942924499512
qwen-vl,Qwen3-VL,caption_similarity,Appendix Figure A1,mean image-conditioned cosine similarity,M/High/Cons/Empa,F/High/Cons/Anal,0.8714529275894165
qwen-vl,Qwen3-VL,caption_similarity,Appendix Figure A1,mean image-conditioned cosine similarity,M/High/Cons/Prag,F/High/Cons/Anal,0.87861043214797974
qwen-vl,Qwen3-VL,caption_similarity,Appendix Figure A1,mean image-conditioned cosine similarity,M/High/Prog/Anal,F/High/Cons/Anal,0.86940199136734009
qwen-vl,Qwen3-VL,caption_similarity,Appendix Figure A1,mean image-conditioned cosine similarity,M/High/Prog/Empa,F/High/Cons/Anal,0.86316597461700439
qwen-vl,Qwen3-VL,caption_similarity,Appendix Figure A1,mean image-conditioned cosine similarity,M/High/Prog/Prag,F/High/Cons/Anal,0.86682355403900146
qwen-vl,Qwen3-VL,caption_similarity,Appendix Figure A1,mean image-conditioned cosine similarity,M/Low /Cons/Anal,F/High/Cons/Anal,0.86886268854141235
qwen-vl,Qwen3-VL,caption_similarity,Appendix Figure A1,mean image-conditioned cosine similarity,M/Low /Cons/Empa,F/High/Cons/Anal,0.868793785572052
qwen-vl,Qwen3-VL,caption_similarity,Appendix Figure A1,mean image-conditioned cosine similarity,M/Low /Cons/Prag,F/High/Cons/Anal,0.86764085292816162
qwen-vl,Qwen3-VL,caption_similarity,Appendix Figure A1,mean image-conditioned cosine similarity,M/Low /Prog/Anal,F/High/Cons/Anal,0.86329835653305054
qwen-vl,Qwen3-VL,caption_similarity,Appendix Figure A1,mean image-conditioned cosine similarity,M/Low /Prog/Empa,F/High/Cons/Anal,0.86044085025787354
qwen-vl,Qwen3-VL,caption_similarity,Appendix Figure A1,mean image-conditioned cosine similarity,M/Low /Prog/Prag,F/High/Cons/Anal,0.86104822158813477
qwen-vl,Qwen3-VL,caption_similarity,Appendix Figure A1,mean image-conditioned cosine similarity,F/High/Cons/Anal,F/High/Cons/Empa,0.87671691179275513
qwen-vl,Qwen3-VL,caption_similarity,Appendix Figure A1,mean image-conditioned cosine similarity,F/High/Cons/Empa,F/High/Cons/Empa,0.89191900372505184
qwen-vl,Qwen3-VL,caption_similarity,Appendix Figure A1,mean image-conditioned cosine similarity,F/High/Cons/Prag,F/High/Cons/Empa,0.88543784618377686
qwen-vl,Qwen3-VL,caption_similarity,Appendix Figure A1,mean image-conditioned cosine similarity,F/High/Prog/Anal,F/High/Cons/Empa,0.87383902072906494
qwen-vl,Qwen3-VL,caption_similarity,Appendix Figure A1,mean image-conditioned cosine similarity,F/High/Prog/Empa,F/High/Cons/Empa,0.87402528524398804
qwen-vl,Qwen3-VL,caption_similarity,Appendix Figure A1,mean image-conditioned cosine similarity,F/High/Prog/Prag,F/High/Cons/Empa,0.8777472972869873
qwen-vl,Qwen3-VL,caption_similarity,Appendix Figure A1,mean image-conditioned cosine similarity,F/Low /Cons/Anal,F/High/Cons/Empa,0.87100082635879517
qwen-vl,Qwen3-VL,caption_similarity,Appendix Figure A1,mean image-conditioned cosine similarity,F/Low /Cons/Empa,F/High/Cons/Empa,0.87775993347167969
qwen-vl,Qwen3-VL,caption_similarity,Appendix Figure A1,mean image-conditioned cosine similarity,F/Low /Cons/Prag,F/High/Cons/Empa,0.87437784671783447
qwen-vl,Qwen3-VL,caption_similarity,Appendix Figure A1,mean image-conditioned cosine similarity,F/Low /Prog/Anal,F/High/Cons/Empa,0.86662024259567261
qwen-vl,Qwen3-VL,caption_similarity,Appendix Figure A1,mean image-conditioned cosine similarity,F/Low /Prog/Empa,F/High/Cons/Empa,0.87143343687057495
qwen-vl,Qwen3-VL,caption_similarity,Appendix Figure A1,mean image-conditioned cosine similarity,F/Low /Prog/Prag,F/High/Cons/Empa,0.86543548107147217
qwen-vl,Qwen3-VL,caption_similarity,Appendix Figure A1,mean image-conditioned cosine similarity,M/High/Cons/Anal,F/High/Cons/Empa,0.8782917857170105
qwen-vl,Qwen3-VL,caption_similarity,Appendix Figure A1,mean image-conditioned cosine similarity,M/High/Cons/Empa,F/High/Cons/Empa,0.88081479072570801
qwen-vl,Qwen3-VL,caption_similarity,Appendix Figure A1,mean image-conditioned cosine similarity,M/High/Cons/Prag,F/High/Cons/Empa,0.88138550519943237
qwen-vl,Qwen3-VL,caption_similarity,Appendix Figure A1,mean image-conditioned cosine similarity,M/High/Prog/Anal,F/High/Cons/Empa,0.87069010734558105
qwen-vl,Qwen3-VL,caption_similarity,Appendix Figure A1,mean image-conditioned cosine similarity,M/High/Prog/Empa,F/High/Cons/Empa,0.86999017000198364
qwen-vl,Qwen3-VL,caption_similarity,Appendix Figure A1,mean image-conditioned cosine similarity,M/High/Prog/Prag,F/High/Cons/Empa,0.87099653482437134
qwen-vl,Qwen3-VL,caption_similarity,Appendix Figure A1,mean image-conditioned cosine similarity,M/Low /Cons/Anal,F/High/Cons/Empa,0.87180930376052856
qwen-vl,Qwen3-VL,caption_similarity,Appendix Figure A1,mean image-conditioned cosine similarity,M/Low /Cons/Empa,F/High/Cons/Empa,0.87970161437988281
qwen-vl,Qwen3-VL,caption_similarity,Appendix Figure A1,mean image-conditioned cosine similarity,M/Low /Cons/Prag,F/High/Cons/Empa,0.86956703662872314
qwen-vl,Qwen3-VL,caption_similarity,Appendix Figure A1,mean image-conditioned cosine similarity,M/Low /Prog/Anal,F/High/Cons/Empa,0.86695653200149536
qwen-vl,Qwen3-VL,caption_similarity,Appendix Figure A1,mean image-conditioned cosine similarity,M/Low /Prog/Empa,F/High/Cons/Empa,0.86720776557922363
qwen-vl,Qwen3-VL,caption_similarity,Appendix Figure A1,mean image-conditioned cosine similarity,M/Low /Prog/Prag,F/High/Cons/Empa,0.86390769481658936
qwen-vl,Qwen3-VL,caption_similarity,Appendix Figure A1,mean image-conditioned cosine similarity,F/High/Cons/Anal,F/High/Cons/Prag,0.8815072774887085
qwen-vl,Qwen3-VL,caption_similarity,Appendix Figure A1,mean image-conditioned cosine similarity,F/High/Cons/Empa,F/High/Cons/Prag,0.88543784618377686
qwen-vl,Qwen3-VL,caption_similarity,Appendix Figure A1,mean image-conditioned cosine similarity,F/High/Cons/Prag,F/High/Cons/Prag,0.8929084420204163
qwen-vl,Qwen3-VL,caption_similarity,Appendix Figure A1,mean image-conditioned cosine similarity,F/High/Prog/Anal,F/High/Cons/Prag,0.87254166603088379
qwen-vl,Qwen3-VL,caption_similarity,Appendix Figure A1,mean image-conditioned cosine similarity,F/High/Prog/Empa,F/High/Cons/Prag,0.87182390689849854
qwen-vl,Qwen3-VL,caption_similarity,Appendix Figure A1,mean image-conditioned cosine similarity,F/High/Prog/Prag,F/High/Cons/Prag,0.87652093172073364
qwen-vl,Qwen3-VL,caption_similarity,Appendix Figure A1,mean image-conditioned cosine similarity,F/Low /Cons/Anal,F/High/Cons/Prag,0.87229400873184204
qwen-vl,Qwen3-VL,caption_similarity,Appendix Figure A1,mean image-conditioned cosine similarity,F/Low /Cons/Empa,F/High/Cons/Prag,0.87761616706848145
qwen-vl,Qwen3-VL,caption_similarity,Appendix Figure A1,mean image-conditioned cosine similarity,F/Low /Cons/Prag,F/High/Cons/Prag,0.87632060050964355
qwen-vl,Qwen3-VL,caption_similarity,Appendix Figure A1,mean image-conditioned cosine similarity,F/Low /Prog/Anal,F/High/Cons/Prag,0.86958956718444824
qwen-vl,Qwen3-VL,caption_similarity,Appendix Figure A1,mean image-conditioned cosine similarity,F/Low /Prog/Empa,F/High/Cons/Prag,0.87202352285385132
qwen-vl,Qwen3-VL,caption_similarity,Appendix Figure A1,mean image-conditioned cosine similarity,F/Low /Prog/Prag,F/High/Cons/Prag,0.86997109651565552
qwen-vl,Qwen3-VL,caption_similarity,Appendix Figure A1,mean image-conditioned cosine similarity,M/High/Cons/Anal,F/High/Cons/Prag,0.87944966554641724
qwen-vl,Qwen3-VL,caption_similarity,Appendix Figure A1,mean image-conditioned cosine similarity,M/High/Cons/Empa,F/High/Cons/Prag,0.87907087802886963
qwen-vl,Qwen3-VL,caption_similarity,Appendix Figure A1,mean image-conditioned cosine similarity,M/High/Cons/Prag,F/High/Cons/Prag,0.88395547866821289
qwen-vl,Qwen3-VL,caption_similarity,Appendix Figure A1,mean image-conditioned cosine similarity,M/High/Prog/Anal,F/High/Cons/Prag,0.86945724487304688
qwen-vl,Qwen3-VL,caption_similarity,Appendix Figure A1,mean image-conditioned cosine similarity,M/High/Prog/Empa,F/High/Cons/Prag,0.86721712350845337
qwen-vl,Qwen3-VL,caption_similarity,Appendix Figure A1,mean image-conditioned cosine similarity,M/High/Prog/Prag,F/High/Cons/Prag,0.87249165773391724
qwen-vl,Qwen3-VL,caption_similarity,Appendix Figure A1,mean image-conditioned cosine similarity,M/Low /Cons/Anal,F/High/Cons/Prag,0.87269842624664307
qwen-vl,Qwen3-VL,caption_similarity,Appendix Figure A1,mean image-conditioned cosine similarity,M/Low /Cons/Empa,F/High/Cons/Prag,0.8772284984588623
qwen-vl,Qwen3-VL,caption_similarity,Appendix Figure A1,mean image-conditioned cosine similarity,M/Low /Cons/Prag,F/High/Cons/Prag,0.87121635675430298
qwen-vl,Qwen3-VL,caption_similarity,Appendix Figure A1,mean image-conditioned cosine similarity,M/Low /Prog/Anal,F/High/Cons/Prag,0.86815202236175537
qwen-vl,Qwen3-VL,caption_similarity,Appendix Figure A1,mean image-conditioned cosine similarity,M/Low /Prog/Empa,F/High/Cons/Prag,0.86857336759567261
qwen-vl,Qwen3-VL,caption_similarity,Appendix Figure A1,mean image-conditioned cosine similarity,M/Low /Prog/Prag,F/High/Cons/Prag,0.86683154106140137
qwen-vl,Qwen3-VL,caption_similarity,Appendix Figure A1,mean image-conditioned cosine similarity,F/High/Cons/Anal,F/High/Prog/Anal,0.87210166454315186
qwen-vl,Qwen3-VL,caption_similarity,Appendix Figure A1,mean image-conditioned cosine similarity,F/High/Cons/Empa,F/High/Prog/Anal,0.87383902072906494
qwen-vl,Qwen3-VL,caption_similarity,Appendix Figure A1,mean image-conditioned cosine similarity,F/High/Cons/Prag,F/High/Prog/Anal,0.87254166603088379
qwen-vl,Qwen3-VL,caption_similarity,Appendix Figure A1,mean image-conditioned cosine similarity,F/High/Prog/Anal,F/High/Prog/Anal,0.88939285397529599
qwen-vl,Qwen3-VL,caption_similarity,Appendix Figure A1,mean image-conditioned cosine similarity,F/High/Prog/Empa,F/High/Prog/Anal,0.87604224681854248
qwen-vl,Qwen3-VL,caption_similarity,Appendix Figure A1,mean image-conditioned cosine similarity,F/High/Prog/Prag,F/High/Prog/Anal,0.87958288192749023
qwen-vl,Qwen3-VL,caption_similarity,Appendix Figure A1,mean image-conditioned cosine similarity,F/Low /Cons/Anal,F/High/Prog/Anal,0.85906338691711426
qwen-vl,Qwen3-VL,caption_similarity,Appendix Figure A1,mean image-conditioned cosine similarity,F/Low /Cons/Empa,F/High/Prog/Anal,0.86251229047775269
qwen-vl,Qwen3-VL,caption_similarity,Appendix Figure A1,mean image-conditioned cosine similarity,F/Low /Cons/Prag,F/High/Prog/Anal,0.86076635122299194
qwen-vl,Qwen3-VL,caption_similarity,Appendix Figure A1,mean image-conditioned cosine similarity,F/Low /Prog/Anal,F/High/Prog/Anal,0.87041008472442627
qwen-vl,Qwen3-VL,caption_similarity,Appendix Figure A1,mean image-conditioned cosine similarity,F/Low /Prog/Empa,F/High/Prog/Anal,0.86750274896621704
qwen-vl,Qwen3-VL,caption_similarity,Appendix Figure A1,mean image-conditioned cosine similarity,F/Low /Prog/Prag,F/High/Prog/Anal,0.86484956741333008
qwen-vl,Qwen3-VL,caption_similarity,Appendix Figure A1,mean image-conditioned cosine similarity,M/High/Cons/Anal,F/High/Prog/Anal,0.87721723318099976
qwen-vl,Qwen3-VL,caption_similarity,Appendix Figure A1,mean image-conditioned cosine similarity,M/High/Cons/Empa,F/High/Prog/Anal,0.8718719482421875
qwen-vl,Qwen3-VL,caption_similarity,Appendix Figure A1,mean image-conditioned cosine similarity,M/High/Cons/Prag,F/High/Prog/Anal,0.87614959478378296
qwen-vl,Qwen3-VL,caption_similarity,Appendix Figure A1,mean image-conditioned cosine similarity,M/High/Prog/Anal,F/High/Prog/Anal,0.88324445486068726
qwen-vl,Qwen3-VL,caption_similarity,Appendix Figure A1,mean image-conditioned cosine similarity,M/High/Prog/Empa,F/High/Prog/Anal,0.87212347984313965
qwen-vl,Qwen3-VL,caption_similarity,Appendix Figure A1,mean image-conditioned cosine similarity,M/High/Prog/Prag,F/High/Prog/Anal,0.87498003244400024
qwen-vl,Qwen3-VL,caption_similarity,Appendix Figure A1,mean image-conditioned cosine similarity,M/Low /Cons/Anal,F/High/Prog/Anal,0.86222958564758301
qwen-vl,Qwen3-VL,caption_similarity,Appendix Figure A1,mean image-conditioned cosine similarity,M/Low /Cons/Empa,F/High/Prog/Anal,0.86372262239456177
qwen-vl,Qwen3-VL,caption_similarity,Appendix Figure A1,mean image-conditioned cosine similarity,M/Low /Cons/Prag,F/High/Prog/Anal,0.85937047004699707
qwen-vl,Qwen3-VL,caption_similarity,Appendix Figure A1,mean image-conditioned cosine similarity,M/Low /Prog/Anal,F/High/Prog/Anal,0.86845666170120239
qwen-vl,Qwen3-VL,caption_similarity,Appendix Figure A1,mean image-conditioned cosine similarity,M/Low /Prog/Empa,F/High/Prog/Anal,0.86706262826919556
qwen-vl,Qwen3-VL,caption_similarity,Appendix Figure A1,mean image-conditioned cosine similarity,M/Low /Prog/Prag,F/High/Prog/Anal,0.86539244651794434
qwen-vl,Qwen3-VL,caption_similarity,Appendix Figure A1,mean image-conditioned cosine similarity,F/High/Cons/Anal,F/High/Prog/Empa,0.86568206548690796
qwen-vl,Qwen3-VL,caption_similarity,Appendix Figure A1,mean image-conditioned cosine similarity,F/High/Cons/Empa,F/High/Prog/Empa,0.87402528524398804
qwen-vl,Qwen3-VL,caption_similarity,Appendix Figure A1,mean image-conditioned cosine similarity,F/High/Cons/Prag,F/High/Prog/Empa,0.87182390689849854
qwen-vl,Qwen3-VL,caption_similarity,Appendix Figure A1,mean image-conditioned cosine similarity,F/High/Prog/Anal,F/High/Prog/Empa,0.87604224681854248
qwen-vl,Qwen3-VL,caption_similarity,Appendix Figure A1,mean image-conditioned cosine similarity,F/High/Prog/Empa,F/High/Prog/Empa,0.89388522267341619
qwen-vl,Qwen3-VL,caption_similarity,Appendix Figure A1,mean image-conditioned cosine similarity,F/High/Prog/Prag,F/High/Prog/Empa,0.8852992057800293
qwen-vl,Qwen3-VL,caption_similarity,Appendix Figure A1,mean image-conditioned cosine similarity,F/Low /Cons/Anal,F/High/Prog/Empa,0.85894149541854858
qwen-vl,Qwen3-VL,caption_similarity,Appendix Figure A1,mean image-conditioned cosine similarity,F/Low /Cons/Empa,F/High/Prog/Empa,0.8663896918296814
qwen-vl,Qwen3-VL,caption_similarity,Appendix Figure A1,mean image-conditioned cosine similarity,F/Low /Cons/Prag,F/High/Prog/Empa,0.86367779970169067
qwen-vl,Qwen3-VL,caption_similarity,Appendix Figure A1,mean image-conditioned cosine similarity,F/Low /Prog/Anal,F/High/Prog/Empa,0.86695992946624756
qwen-vl,Qwen3-VL,caption_similarity,Appendix Figure A1,mean image-conditioned cosine similarity,F/Low /Prog/Empa,F/High/Prog/Empa,0.87036323547363281
qwen-vl,Qwen3-VL,caption_similarity,Appendix Figure A1,mean image-conditioned cosine similarity,F/Low /Prog/Prag,F/High/Prog/Empa,0.86525017023086548
qwen-vl,Qwen3-VL,caption_similarity,Appendix Figure A1,mean image-conditioned cosine similarity,M/High/Cons/Anal,F/High/Prog/Empa,0.86958277225494385
qwen-vl,Qwen3-VL,caption_similarity,Appendix Figure A1,mean image-conditioned cosine similarity,M/High/Cons/Empa,F/High/Prog/Empa,0.8818819522857666
qwen-vl,Qwen3-VL,caption_similarity,Appendix Figure A1,mean image-conditioned cosine similarity,M/High/Cons/Prag,F/High/Prog/Empa,0.8673444390296936
qwen-vl,Qwen3-VL,caption_similarity,Appendix Figure A1,mean image-conditioned cosine similarity,M/High/Prog/Anal,F/High/Prog/Empa,0.8791344165802002
qwen-vl,Qwen3-VL,caption_similarity,Appendix Figure A1,mean image-conditioned cosine similarity,M/High/Prog/Empa,F/High/Prog/Empa,0.88240820169448853
qwen-vl,Qwen3-VL,caption_similarity,Appendix Figure A1,mean image-conditioned cosine similarity,M/High/Prog/Prag,F/High/Prog/Empa,0.88257867097854614
qwen-vl,Qwen3-VL,caption_similarity,Appendix Figure A1,mean image-conditioned cosine similarity,M/Low /Cons/Anal,F/High/Prog/Empa,0.86152559518814087
qwen-vl,Qwen3-VL,caption_similarity,Appendix Figure A1,mean image-conditioned cosine similarity,M/Low /Cons/Empa,F/High/Prog/Empa,0.86840194463729858
qwen-vl,Qwen3-VL,caption_similarity,Appendix Figure A1,mean image-conditioned cosine similarity,M/Low /Cons/Prag,F/High/Prog/Empa,0.86100959777832031
qwen-vl,Qwen3-VL,caption_similarity,Appendix Figure A1,mean image-conditioned cosine similarity,M/Low /Prog/Anal,F/High/Prog/Empa,0.86756575107574463
qwen-vl,Qwen3-VL,caption_similarity,Appendix Figure A1,mean image-conditioned cosine similarity,M/Low /Prog/Empa,F/High/Prog/Empa,0.87492454051971436
qwen-vl,Qwen3-VL,caption_similarity,Appendix Figure A1,mean image-conditioned cosine similarity,M/Low /Prog/Prag,F/High/Prog/Empa,0.86444580554962158
qwen-vl,Qwen3-VL,caption_similarity,Appendix Figure A1,mean image-conditioned cosine similarity,F/High/Cons/Anal,F/High/Prog/Prag,0.86906814575195312
qwen-vl,Qwen3-VL,caption_similarity,Appendix Figure A1,mean image-conditioned cosine similarity,F/High/Cons/Empa,F/High/Prog/Prag,0.8777472972869873
qwen-vl,Qwen3-VL,caption_similarity,Appendix Figure A1,mean image-conditioned cosine similarity,F/High/Cons/Prag,F/High/Prog/Prag,0.87652093172073364
qwen-vl,Qwen3-VL,caption_similarity,Appendix Figure A1,mean image-conditioned cosine similarity,F/High/Prog/Anal,F/High/Prog/Prag,0.87958288192749023
qwen-vl,Qwen3-VL,caption_similarity,Appendix Figure A1,mean image-conditioned cosine similarity,F/High/Prog/Empa,F/High/Prog/Prag,0.8852992057800293
qwen-vl,Qwen3-VL,caption_similarity,Appendix Figure A1,mean image-conditioned cosine similarity,F/High/Prog/Prag,F/High/Prog/Prag,0.89225651979446408
qwen-vl,Qwen3-VL,caption_similarity,Appendix Figure A1,mean image-conditioned cosine similarity,F/Low /Cons/Anal,F/High/Prog/Prag,0.85863804817199707
qwen-vl,Qwen3-VL,caption_similarity,Appendix Figure A1,mean image-conditioned cosine similarity,F/Low /Cons/Empa,F/High/Prog/Prag,0.86576545238494873
qwen-vl,Qwen3-VL,caption_similarity,Appendix Figure A1,mean image-conditioned cosine similarity,F/Low /Cons/Prag,F/High/Prog/Prag,0.86273199319839478
qwen-vl,Qwen3-VL,caption_similarity,Appendix Figure A1,mean image-conditioned cosine similarity,F/Low /Prog/Anal,F/High/Prog/Prag,0.86749649047851562
qwen-vl,Qwen3-VL,caption_similarity,Appendix Figure A1,mean image-conditioned cosine similarity,F/Low /Prog/Empa,F/High/Prog/Prag,0.86811172962188721
qwen-vl,Qwen3-VL,caption_similarity,Appendix Figure A1,mean image-conditioned cosine similarity,F/Low /Prog/Prag,F/High/Prog/Prag,0.86442536115646362
qwen-vl,Qwen3-VL,caption_similarity,Appendix Figure A1,mean image-conditioned cosine similarity,M/High/Cons/Anal,F/High/Prog/Prag,0.87403702735900879
qwen-vl,Qwen3-VL,caption_similarity,Appendix Figure A1,mean image-conditioned cosine similarity,M/High/Cons/Empa,F/High/Prog/Prag,0.88298368453979492
qwen-vl,Qwen3-VL,caption_similarity,Appendix Figure A1,mean image-conditioned cosine similarity,M/High/Cons/Prag,F/High/Prog/Prag,0.87484067678451538
qwen-vl,Qwen3-VL,caption_similarity,Appendix Figure A1,mean image-conditioned cosine similarity,M/High/Prog/Anal,F/High/Prog/Prag,0.88243621587753296
qwen-vl,Qwen3-VL,caption_similarity,Appendix Figure A1,mean image-conditioned cosine similarity,M/High/Prog/Empa,F/High/Prog/Prag,0.88400185108184814
qwen-vl,Qwen3-VL,caption_similarity,Appendix Figure A1,mean image-conditioned cosine similarity,M/High/Prog/Prag,F/High/Prog/Prag,0.88812333345413208
qwen-vl,Qwen3-VL,caption_similarity,Appendix Figure A1,mean image-conditioned cosine similarity,M/Low /Cons/Anal,F/High/Prog/Prag,0.86140733957290649
qwen-vl,Qwen3-VL,caption_similarity,Appendix Figure A1,mean image-conditioned cosine similarity,M/Low /Cons/Empa,F/High/Prog/Prag,0.86721199750900269
qwen-vl,Qwen3-VL,caption_similarity,Appendix Figure A1,mean image-conditioned cosine similarity,M/Low /Cons/Prag,F/High/Prog/Prag,0.86061233282089233
qwen-vl,Qwen3-VL,caption_similarity,Appendix Figure A1,mean image-conditioned cosine similarity,M/Low /Prog/Anal,F/High/Prog/Prag,0.86771309375762939
qwen-vl,Qwen3-VL,caption_similarity,Appendix Figure A1,mean image-conditioned cosine similarity,M/Low /Prog/Empa,F/High/Prog/Prag,0.87120974063873291
qwen-vl,Qwen3-VL,caption_similarity,Appendix Figure A1,mean image-conditioned cosine similarity,M/Low /Prog/Prag,F/High/Prog/Prag,0.86362236738204956
qwen-vl,Qwen3-VL,caption_similarity,Appendix Figure A1,mean image-conditioned cosine similarity,F/High/Cons/Anal,F/Low /Cons/Anal,0.868755042552948
qwen-vl,Qwen3-VL,caption_similarity,Appendix Figure A1,mean image-conditioned cosine similarity,F/High/Cons/Empa,F/Low /Cons/Anal,0.87100082635879517
qwen-vl,Qwen3-VL,caption_similarity,Appendix Figure A1,mean image-conditioned cosine similarity,F/High/Cons/Prag,F/Low /Cons/Anal,0.87229400873184204
qwen-vl,Qwen3-VL,caption_similarity,Appendix Figure A1,mean image-conditioned cosine similarity,F/High/Prog/Anal,F/Low /Cons/Anal,0.85906338691711426
qwen-vl,Qwen3-VL,caption_similarity,Appendix Figure A1,mean image-conditioned cosine similarity,F/High/Prog/Empa,F/Low /Cons/Anal,0.85894149541854858
qwen-vl,Qwen3-VL,caption_similarity,Appendix Figure A1,mean image-conditioned cosine similarity,F/High/Prog/Prag,F/Low /Cons/Anal,0.85863804817199707
qwen-vl,Qwen3-VL,caption_similarity,Appendix Figure A1,mean image-conditioned cosine similarity,F/Low /Cons/Anal,F/Low /Cons/Anal,0.89151652336120601
qwen-vl,Qwen3-VL,caption_similarity,Appendix Figure A1,mean image-conditioned cosine similarity,F/Low /Cons/Empa,F/Low /Cons/Anal,0.8852161169052124
qwen-vl,Qwen3-VL,caption_similarity,Appendix Figure A1,mean image-conditioned cosine similarity,F/Low /Cons/Prag,F/Low /Cons/Anal,0.88909316062927246
qwen-vl,Qwen3-VL,caption_similarity,Appendix Figure A1,mean image-conditioned cosine similarity,F/Low /Prog/Anal,F/Low /Cons/Anal,0.87629246711730957
qwen-vl,Qwen3-VL,caption_similarity,Appendix Figure A1,mean image-conditioned cosine similarity,F/Low /Prog/Empa,F/Low /Cons/Anal,0.87535512447357178
qwen-vl,Qwen3-VL,caption_similarity,Appendix Figure A1,mean image-conditioned cosine similarity,F/Low /Prog/Prag,F/Low /Cons/Anal,0.87724947929382324
qwen-vl,Qwen3-VL,caption_similarity,Appendix Figure A1,mean image-conditioned cosine similarity,M/High/Cons/Anal,F/Low /Cons/Anal,0.86516273021697998
qwen-vl,Qwen3-VL,caption_similarity,Appendix Figure A1,mean image-conditioned cosine similarity,M/High/Cons/Empa,F/Low /Cons/Anal,0.86473625898361206
qwen-vl,Qwen3-VL,caption_similarity,Appendix Figure A1,mean image-conditioned cosine similarity,M/High/Cons/Prag,F/Low /Cons/Anal,0.8687700629234314
qwen-vl,Qwen3-VL,caption_similarity,Appendix Figure A1,mean image-conditioned cosine similarity,M/High/Prog/Anal,F/Low /Cons/Anal,0.85458546876907349
qwen-vl,Qwen3-VL,caption_similarity,Appendix Figure A1,mean image-conditioned cosine similarity,M/High/Prog/Empa,F/Low /Cons/Anal,0.8531072735786438
qwen-vl,Qwen3-VL,caption_similarity,Appendix Figure A1,mean image-conditioned cosine similarity,M/High/Prog/Prag,F/Low /Cons/Anal,0.85535448789596558
qwen-vl,Qwen3-VL,caption_similarity,Appendix Figure A1,mean image-conditioned cosine similarity,M/Low /Cons/Anal,F/Low /Cons/Anal,0.88556623458862305
qwen-vl,Qwen3-VL,caption_similarity,Appendix Figure A1,mean image-conditioned cosine similarity,M/Low /Cons/Empa,F/Low /Cons/Anal,0.88252198696136475
qwen-vl,Qwen3-VL,caption_similarity,Appendix Figure A1,mean image-conditioned cosine similarity,M/Low /Cons/Prag,F/Low /Cons/Anal,0.88216173648834229
qwen-vl,Qwen3-VL,caption_similarity,Appendix Figure A1,mean image-conditioned cosine similarity,M/Low /Prog/Anal,F/Low /Cons/Anal,0.87542307376861572
qwen-vl,Qwen3-VL,caption_similarity,Appendix Figure A1,mean image-conditioned cosine similarity,M/Low /Prog/Empa,F/Low /Cons/Anal,0.86917096376419067
qwen-vl,Qwen3-VL,caption_similarity,Appendix Figure A1,mean image-conditioned cosine similarity,M/Low /Prog/Prag,F/Low /Cons/Anal,0.87409079074859619
qwen-vl,Qwen3-VL,caption_similarity,Appendix Figure A1,mean image-conditioned cosine similarity,F/High/Cons/Anal,F/Low /Cons/Empa,0.86885946989059448
qwen-vl,Qwen3-VL,caption_similarity,Appendix Figure A1,mean image-conditioned cosine similarity,F/High/Cons/Empa,F/Low /Cons/Empa,0.87775993347167969
qwen-vl,Qwen3-VL,caption_similarity,Appendix Figure A1,mean image-conditioned cosine similarity,F/High/Cons/Prag,F/Low /Cons/Empa,0.87761616706848145
qwen-vl,Qwen3-VL,caption_similarity,Appendix Figure A1,mean image-conditioned cosine similarity,F/High/Prog/Anal,F/Low /Cons/Empa,0.86251229047775269
qwen-vl,Qwen3-VL,caption_similarity,Appendix Figure A1,mean image-conditioned cosine similarity,F/High/Prog/Empa,F/Low /Cons/Empa,0.8663896918296814
qwen-vl,Qwen3-VL,caption_similarity,Appendix Figure A1,mean image-conditioned cosine similarity,F/High/Prog/Prag,F/Low /Cons/Empa,0.86576545238494873
qwen-vl,Qwen3-VL,caption_similarity,Appendix Figure A1,mean image-conditioned cosine similarity,F/Low /Cons/Anal,F/Low /Cons/Empa,0.8852161169052124
qwen-vl,Qwen3-VL,caption_similarity,Appendix Figure A1,mean image-conditioned cosine similarity,F/Low /Cons/Empa,F/Low /Cons/Empa,0.89656235933303829
qwen-vl,Qwen3-VL,caption_similarity,Appendix Figure A1,mean image-conditioned cosine similarity,F/Low /Cons/Prag,F/Low /Cons/Empa,0.89029824733734131
qwen-vl,Qwen3-VL,caption_similarity,Appendix Figure A1,mean image-conditioned cosine similarity,F/Low /Prog/Anal,F/Low /Cons/Empa,0.8754810094833374
qwen-vl,Qwen3-VL,caption_similarity,Appendix Figure A1,mean image-conditioned cosine similarity,F/Low /Prog/Empa,F/Low /Cons/Empa,0.88304167985916138
qwen-vl,Qwen3-VL,caption_similarity,Appendix Figure A1,mean image-conditioned cosine similarity,F/Low /Prog/Prag,F/Low /Cons/Empa,0.88085383176803589
qwen-vl,Qwen3-VL,caption_similarity,Appendix Figure A1,mean image-conditioned cosine similarity,M/High/Cons/Anal,F/Low /Cons/Empa,0.86656218767166138
qwen-vl,Qwen3-VL,caption_similarity,Appendix Figure A1,mean image-conditioned cosine similarity,M/High/Cons/Empa,F/Low /Cons/Empa,0.87150740623474121
qwen-vl,Qwen3-VL,caption_similarity,Appendix Figure A1,mean image-conditioned cosine similarity,M/High/Cons/Prag,F/Low /Cons/Empa,0.87337374687194824
qwen-vl,Qwen3-VL,caption_similarity,Appendix Figure A1,mean image-conditioned cosine similarity,M/High/Prog/Anal,F/Low /Cons/Empa,0.8589789867401123
qwen-vl,Qwen3-VL,caption_similarity,Appendix Figure A1,mean image-conditioned cosine similarity,M/High/Prog/Empa,F/Low /Cons/Empa,0.85902482271194458
qwen-vl,Qwen3-VL,caption_similarity,Appendix Figure A1,mean image-conditioned cosine similarity,M/High/Prog/Prag,F/Low /Cons/Empa,0.86149841547012329
qwen-vl,Qwen3-VL,caption_similarity,Appendix Figure A1,mean image-conditioned cosine similarity,M/Low /Cons/Anal,F/Low /Cons/Empa,0.88305145502090454
qwen-vl,Qwen3-VL,caption_similarity,Appendix Figure A1,mean image-conditioned cosine similarity,M/Low /Cons/Empa,F/Low /Cons/Empa,0.89045435190200806
qwen-vl,Qwen3-VL,caption_similarity,Appendix Figure A1,mean image-conditioned cosine similarity,M/Low /Cons/Prag,F/Low /Cons/Empa,0.88250595331192017
qwen-vl,Qwen3-VL,caption_similarity,Appendix Figure A1,mean image-conditioned cosine similarity,M/Low /Prog/Anal,F/Low /Cons/Empa,0.87624436616897583
qwen-vl,Qwen3-VL,caption_similarity,Appendix Figure A1,mean image-conditioned cosine similarity,M/Low /Prog/Empa,F/Low /Cons/Empa,0.87690412998199463
qwen-vl,Qwen3-VL,caption_similarity,Appendix Figure A1,mean image-conditioned cosine similarity,M/Low /Prog/Prag,F/Low /Cons/Empa,0.87564772367477417
qwen-vl,Qwen3-VL,caption_similarity,Appendix Figure A1,mean image-conditioned cosine similarity,F/High/Cons/Anal,F/Low /Cons/Prag,0.86881810426712036
qwen-vl,Qwen3-VL,caption_similarity,Appendix Figure A1,mean image-conditioned cosine similarity,F/High/Cons/Empa,F/Low /Cons/Prag,0.87437784671783447
qwen-vl,Qwen3-VL,caption_similarity,Appendix Figure A1,mean image-conditioned cosine similarity,F/High/Cons/Prag,F/Low /Cons/Prag,0.87632060050964355
qwen-vl,Qwen3-VL,caption_similarity,Appendix Figure A1,mean image-conditioned cosine similarity,F/High/Prog/Anal,F/Low /Cons/Prag,0.86076635122299194
qwen-vl,Qwen3-VL,caption_similarity,Appendix Figure A1,mean image-conditioned cosine similarity,F/High/Prog/Empa,F/Low /Cons/Prag,0.86367779970169067
qwen-vl,Qwen3-VL,caption_similarity,Appendix Figure A1,mean image-conditioned cosine similarity,F/High/Prog/Prag,F/Low /Cons/Prag,0.86273199319839478
qwen-vl,Qwen3-VL,caption_similarity,Appendix Figure A1,mean image-conditioned cosine similarity,F/Low /Cons/Anal,F/Low /Cons/Prag,0.88909316062927246
qwen-vl,Qwen3-VL,caption_similarity,Appendix Figure A1,mean image-conditioned cosine similarity,F/Low /Cons/Empa,F/Low /Cons/Prag,0.89029824733734131
qwen-vl,Qwen3-VL,caption_similarity,Appendix Figure A1,mean image-conditioned cosine similarity,F/Low /Cons/Prag,F/Low /Cons/Prag,0.89750441551208493
qwen-vl,Qwen3-VL,caption_similarity,Appendix Figure A1,mean image-conditioned cosine similarity,F/Low /Prog/Anal,F/Low /Cons/Prag,0.87831681966781616
qwen-vl,Qwen3-VL,caption_similarity,Appendix Figure A1,mean image-conditioned cosine similarity,F/Low /Prog/Empa,F/Low /Cons/Prag,0.88177728652954102
qwen-vl,Qwen3-VL,caption_similarity,Appendix Figure A1,mean image-conditioned cosine similarity,F/Low /Prog/Prag,F/Low /Cons/Prag,0.88265615701675415
qwen-vl,Qwen3-VL,caption_similarity,Appendix Figure A1,mean image-conditioned cosine similarity,M/High/Cons/Anal,F/Low /Cons/Prag,0.86598831415176392
qwen-vl,Qwen3-VL,caption_similarity,Appendix Figure A1,mean image-conditioned cosine similarity,M/High/Cons/Empa,F/Low /Cons/Prag,0.86873209476470947
qwen-vl,Qwen3-VL,caption_similarity,Appendix Figure A1,mean image-conditioned cosine similarity,M/High/Cons/Prag,F/Low /Cons/Prag,0.87197905778884888
qwen-vl,Qwen3-VL,caption_similarity,Appendix Figure A1,mean image-conditioned cosine similarity,M/High/Prog/Anal,F/Low /Cons/Prag,0.85654503107070923
qwen-vl,Qwen3-VL,caption_similarity,Appendix Figure A1,mean image-conditioned cosine similarity,M/High/Prog/Empa,F/Low /Cons/Prag,0.85785692930221558
qwen-vl,Qwen3-VL,caption_similarity,Appendix Figure A1,mean image-conditioned cosine similarity,M/High/Prog/Prag,F/Low /Cons/Prag,0.85975974798202515
qwen-vl,Qwen3-VL,caption_similarity,Appendix Figure A1,mean image-conditioned cosine similarity,M/Low /Cons/Anal,F/Low /Cons/Prag,0.88931876420974731
qwen-vl,Qwen3-VL,caption_similarity,Appendix Figure A1,mean image-conditioned cosine similarity,M/Low /Cons/Empa,F/Low /Cons/Prag,0.88838255405426025
qwen-vl,Qwen3-VL,caption_similarity,Appendix Figure A1,mean image-conditioned cosine similarity,M/Low /Cons/Prag,F/Low /Cons/Prag,0.88965052366256714
qwen-vl,Qwen3-VL,caption_similarity,Appendix Figure A1,mean image-conditioned cosine similarity,M/Low /Prog/Anal,F/Low /Cons/Prag,0.87849694490432739
qwen-vl,Qwen3-VL,caption_similarity,Appendix Figure A1,mean image-conditioned cosine similarity,M/Low /Prog/Empa,F/Low /Cons/Prag,0.87507295608520508
qwen-vl,Qwen3-VL,caption_similarity,Appendix Figure A1,mean image-conditioned cosine similarity,M/Low /Prog/Prag,F/Low /Cons/Prag,0.87930947542190552
qwen-vl,Qwen3-VL,caption_similarity,Appendix Figure A1,mean image-conditioned cosine similarity,F/High/Cons/Anal,F/Low /Prog/Anal,0.86653292179107666
qwen-vl,Qwen3-VL,caption_similarity,Appendix Figure A1,mean image-conditioned cosine similarity,F/High/Cons/Empa,F/Low /Prog/Anal,0.86662024259567261
qwen-vl,Qwen3-VL,caption_similarity,Appendix Figure A1,mean image-conditioned cosine similarity,F/High/Cons/Prag,F/Low /Prog/Anal,0.86958956718444824
qwen-vl,Qwen3-VL,caption_similarity,Appendix Figure A1,mean image-conditioned cosine similarity,F/High/Prog/Anal,F/Low /Prog/Anal,0.87041008472442627
qwen-vl,Qwen3-VL,caption_similarity,Appendix Figure A1,mean image-conditioned cosine similarity,F/High/Prog/Empa,F/Low /Prog/Anal,0.86695992946624756
qwen-vl,Qwen3-VL,caption_similarity,Appendix Figure A1,mean image-conditioned cosine similarity,F/High/Prog/Prag,F/Low /Prog/Anal,0.86749649047851562
qwen-vl,Qwen3-VL,caption_similarity,Appendix Figure A1,mean image-conditioned cosine similarity,F/Low /Cons/Anal,F/Low /Prog/Anal,0.87629246711730957
qwen-vl,Qwen3-VL,caption_similarity,Appendix Figure A1,mean image-conditioned cosine similarity,F/Low /Cons/Empa,F/Low /Prog/Anal,0.8754810094833374
qwen-vl,Qwen3-VL,caption_similarity,Appendix Figure A1,mean image-conditioned cosine similarity,F/Low /Cons/Prag,F/Low /Prog/Anal,0.87831681966781616
qwen-vl,Qwen3-VL,caption_similarity,Appendix Figure A1,mean image-conditioned cosine similarity,F/Low /Prog/Anal,F/Low /Prog/Anal,0.89127112507820128
qwen-vl,Qwen3-VL,caption_similarity,Appendix Figure A1,mean image-conditioned cosine similarity,F/Low /Prog/Empa,F/Low /Prog/Anal,0.88161522150039673
qwen-vl,Qwen3-VL,caption_similarity,Appendix Figure A1,mean image-conditioned cosine similarity,F/Low /Prog/Prag,F/Low /Prog/Anal,0.88562202453613281
qwen-vl,Qwen3-VL,caption_similarity,Appendix Figure A1,mean image-conditioned cosine similarity,M/High/Cons/Anal,F/Low /Prog/Anal,0.86856400966644287
qwen-vl,Qwen3-VL,caption_similarity,Appendix Figure A1,mean image-conditioned cosine similarity,M/High/Cons/Empa,F/Low /Prog/Anal,0.86398035287857056
qwen-vl,Qwen3-VL,caption_similarity,Appendix Figure A1,mean image-conditioned cosine similarity,M/High/Cons/Prag,F/Low /Prog/Anal,0.86952811479568481
qwen-vl,Qwen3-VL,caption_similarity,Appendix Figure A1,mean image-conditioned cosine similarity,M/High/Prog/Anal,F/Low /Prog/Anal,0.86649614572525024
qwen-vl,Qwen3-VL,caption_similarity,Appendix Figure A1,mean image-conditioned cosine similarity,M/High/Prog/Empa,F/Low /Prog/Anal,0.86370283365249634
qwen-vl,Qwen3-VL,caption_similarity,Appendix Figure A1,mean image-conditioned cosine similarity,M/High/Prog/Prag,F/Low /Prog/Anal,0.8661077618598938
qwen-vl,Qwen3-VL,caption_similarity,Appendix Figure A1,mean image-conditioned cosine similarity,M/Low /Cons/Anal,F/Low /Prog/Anal,0.87859475612640381
qwen-vl,Qwen3-VL,caption_similarity,Appendix Figure A1,mean image-conditioned cosine similarity,M/Low /Cons/Empa,F/Low /Prog/Anal,0.87517279386520386
qwen-vl,Qwen3-VL,caption_similarity,Appendix Figure A1,mean image-conditioned cosine similarity,M/Low /Cons/Prag,F/Low /Prog/Anal,0.87454253435134888
qwen-vl,Qwen3-VL,caption_similarity,Appendix Figure A1,mean image-conditioned cosine similarity,M/Low /Prog/Anal,F/Low /Prog/Anal,0.88719069957733154
qwen-vl,Qwen3-VL,caption_similarity,Appendix Figure A1,mean image-conditioned cosine similarity,M/Low /Prog/Empa,F/Low /Prog/Anal,0.87883466482162476
qwen-vl,Qwen3-VL,caption_similarity,Appendix Figure A1,mean image-conditioned cosine similarity,M/Low /Prog/Prag,F/Low /Prog/Anal,0.88392305374145508
qwen-vl,Qwen3-VL,caption_similarity,Appendix Figure A1,mean image-conditioned cosine similarity,F/High/Cons/Anal,F/Low /Prog/Empa,0.86331856250762939
qwen-vl,Qwen3-VL,caption_similarity,Appendix Figure A1,mean image-conditioned cosine similarity,F/High/Cons/Empa,F/Low /Prog/Empa,0.87143343687057495
qwen-vl,Qwen3-VL,caption_similarity,Appendix Figure A1,mean image-conditioned cosine similarity,F/High/Cons/Prag,F/Low /Prog/Empa,0.87202352285385132
qwen-vl,Qwen3-VL,caption_similarity,Appendix Figure A1,mean image-conditioned cosine similarity,F/High/Prog/Anal,F/Low /Prog/Empa,0.86750274896621704
qwen-vl,Qwen3-VL,caption_similarity,Appendix Figure A1,mean image-conditioned cosine similarity,F/High/Prog/Empa,F/Low /Prog/Empa,0.87036323547363281
qwen-vl,Qwen3-VL,caption_similarity,Appendix Figure A1,mean image-conditioned cosine similarity,F/High/Prog/Prag,F/Low /Prog/Empa,0.86811172962188721
qwen-vl,Qwen3-VL,caption_similarity,Appendix Figure A1,mean image-conditioned cosine similarity,F/Low /Cons/Anal,F/Low /Prog/Empa,0.87535512447357178
qwen-vl,Qwen3-VL,caption_similarity,Appendix Figure A1,mean image-conditioned cosine similarity,F/Low /Cons/Empa,F/Low /Prog/Empa,0.88304167985916138
qwen-vl,Qwen3-VL,caption_similarity,Appendix Figure A1,mean image-conditioned cosine similarity,F/Low /Cons/Prag,F/Low /Prog/Empa,0.88177728652954102
qwen-vl,Qwen3-VL,caption_similarity,Appendix Figure A1,mean image-conditioned cosine similarity,F/Low /Prog/Anal,F/Low /Prog/Empa,0.88161522150039673
qwen-vl,Qwen3-VL,caption_similarity,Appendix Figure A1,mean image-conditioned cosine similarity,F/Low /Prog/Empa,F/Low /Prog/Empa,0.89120965600013735
qwen-vl,Qwen3-VL,caption_similarity,Appendix Figure A1,mean image-conditioned cosine similarity,F/Low /Prog/Prag,F/Low /Prog/Empa,0.88492536544799805
qwen-vl,Qwen3-VL,caption_similarity,Appendix Figure A1,mean image-conditioned cosine similarity,M/High/Cons/Anal,F/Low /Prog/Empa,0.86329597234725952
qwen-vl,Qwen3-VL,caption_similarity,Appendix Figure A1,mean image-conditioned cosine similarity,M/High/Cons/Empa,F/Low /Prog/Empa,0.86790549755096436
qwen-vl,Qwen3-VL,caption_similarity,Appendix Figure A1,mean image-conditioned cosine similarity,M/High/Cons/Prag,F/Low /Prog/Empa,0.87097650766372681
qwen-vl,Qwen3-VL,caption_similarity,Appendix Figure A1,mean image-conditioned cosine similarity,M/High/Prog/Anal,F/Low /Prog/Empa,0.86497914791107178
qwen-vl,Qwen3-VL,caption_similarity,Appendix Figure A1,mean image-conditioned cosine similarity,M/High/Prog/Empa,F/Low /Prog/Empa,0.86503958702087402
qwen-vl,Qwen3-VL,caption_similarity,Appendix Figure A1,mean image-conditioned cosine similarity,M/High/Prog/Prag,F/Low /Prog/Empa,0.86492133140563965
qwen-vl,Qwen3-VL,caption_similarity,Appendix Figure A1,mean image-conditioned cosine similarity,M/Low /Cons/Anal,F/Low /Prog/Empa,0.87821656465530396
qwen-vl,Qwen3-VL,caption_similarity,Appendix Figure A1,mean image-conditioned cosine similarity,M/Low /Cons/Empa,F/Low /Prog/Empa,0.88211989402770996
qwen-vl,Qwen3-VL,caption_similarity,Appendix Figure A1,mean image-conditioned cosine similarity,M/Low /Cons/Prag,F/Low /Prog/Empa,0.87571722269058228
qwen-vl,Qwen3-VL,caption_similarity,Appendix Figure A1,mean image-conditioned cosine similarity,M/Low /Prog/Anal,F/Low /Prog/Empa,0.88005918264389038
qwen-vl,Qwen3-VL,caption_similarity,Appendix Figure A1,mean image-conditioned cosine similarity,M/Low /Prog/Empa,F/Low /Prog/Empa,0.88473153114318848
qwen-vl,Qwen3-VL,caption_similarity,Appendix Figure A1,mean image-conditioned cosine similarity,M/Low /Prog/Prag,F/Low /Prog/Empa,0.87929093837738037
qwen-vl,Qwen3-VL,caption_similarity,Appendix Figure A1,mean image-conditioned cosine similarity,F/High/Cons/Anal,F/Low /Prog/Prag,0.86230325698852539
qwen-vl,Qwen3-VL,caption_similarity,Appendix Figure A1,mean image-conditioned cosine similarity,F/High/Cons/Empa,F/Low /Prog/Prag,0.86543548107147217
qwen-vl,Qwen3-VL,caption_similarity,Appendix Figure A1,mean image-conditioned cosine similarity,F/High/Cons/Prag,F/Low /Prog/Prag,0.86997109651565552
qwen-vl,Qwen3-VL,caption_similarity,Appendix Figure A1,mean image-conditioned cosine similarity,F/High/Prog/Anal,F/Low /Prog/Prag,0.86484956741333008
qwen-vl,Qwen3-VL,caption_similarity,Appendix Figure A1,mean image-conditioned cosine similarity,F/High/Prog/Empa,F/Low /Prog/Prag,0.86525017023086548
qwen-vl,Qwen3-VL,caption_similarity,Appendix Figure A1,mean image-conditioned cosine similarity,F/High/Prog/Prag,F/Low /Prog/Prag,0.86442536115646362
qwen-vl,Qwen3-VL,caption_similarity,Appendix Figure A1,mean image-conditioned cosine similarity,F/Low /Cons/Anal,F/Low /Prog/Prag,0.87724947929382324
qwen-vl,Qwen3-VL,caption_similarity,Appendix Figure A1,mean image-conditioned cosine similarity,F/Low /Cons/Empa,F/Low /Prog/Prag,0.88085383176803589
qwen-vl,Qwen3-VL,caption_similarity,Appendix Figure A1,mean image-conditioned cosine similarity,F/Low /Cons/Prag,F/Low /Prog/Prag,0.88265615701675415
qwen-vl,Qwen3-VL,caption_similarity,Appendix Figure A1,mean image-conditioned cosine similarity,F/Low /Prog/Anal,F/Low /Prog/Prag,0.88562202453613281
qwen-vl,Qwen3-VL,caption_similarity,Appendix Figure A1,mean image-conditioned cosine similarity,F/Low /Prog/Empa,F/Low /Prog/Prag,0.88492536544799805
qwen-vl,Qwen3-VL,caption_similarity,Appendix Figure A1,mean image-conditioned cosine similarity,F/Low /Prog/Prag,F/Low /Prog/Prag,0.89280663251876835
qwen-vl,Qwen3-VL,caption_similarity,Appendix Figure A1,mean image-conditioned cosine similarity,M/High/Cons/Anal,F/Low /Prog/Prag,0.86232894659042358
qwen-vl,Qwen3-VL,caption_similarity,Appendix Figure A1,mean image-conditioned cosine similarity,M/High/Cons/Empa,F/Low /Prog/Prag,0.86360520124435425
qwen-vl,Qwen3-VL,caption_similarity,Appendix Figure A1,mean image-conditioned cosine similarity,M/High/Cons/Prag,F/Low /Prog/Prag,0.8669588565826416
qwen-vl,Qwen3-VL,caption_similarity,Appendix Figure A1,mean image-conditioned cosine similarity,M/High/Prog/Anal,F/Low /Prog/Prag,0.86014831066131592
qwen-vl,Qwen3-VL,caption_similarity,Appendix Figure A1,mean image-conditioned cosine similarity,M/High/Prog/Empa,F/Low /Prog/Prag,0.85872924327850342
qwen-vl,Qwen3-VL,caption_similarity,Appendix Figure A1,mean image-conditioned cosine similarity,M/High/Prog/Prag,F/Low /Prog/Prag,0.86182492971420288
qwen-vl,Qwen3-VL,caption_similarity,Appendix Figure A1,mean image-conditioned cosine similarity,M/Low /Cons/Anal,F/Low /Prog/Prag,0.87916296720504761
qwen-vl,Qwen3-VL,caption_similarity,Appendix Figure A1,mean image-conditioned cosine similarity,M/Low /Cons/Empa,F/Low /Prog/Prag,0.87764686346054077
qwen-vl,Qwen3-VL,caption_similarity,Appendix Figure A1,mean image-conditioned cosine similarity,M/Low /Cons/Prag,F/Low /Prog/Prag,0.87767845392227173
qwen-vl,Qwen3-VL,caption_similarity,Appendix Figure A1,mean image-conditioned cosine similarity,M/Low /Prog/Anal,F/Low /Prog/Prag,0.88581132888793945
qwen-vl,Qwen3-VL,caption_similarity,Appendix Figure A1,mean image-conditioned cosine similarity,M/Low /Prog/Empa,F/Low /Prog/Prag,0.88183313608169556
qwen-vl,Qwen3-VL,caption_similarity,Appendix Figure A1,mean image-conditioned cosine similarity,M/Low /Prog/Prag,F/Low /Prog/Prag,0.88668924570083618
qwen-vl,Qwen3-VL,caption_similarity,Appendix Figure A1,mean image-conditioned cosine similarity,F/High/Cons/Anal,M/High/Cons/Anal,0.88247942924499512
qwen-vl,Qwen3-VL,caption_similarity,Appendix Figure A1,mean image-conditioned cosine similarity,F/High/Cons/Empa,M/High/Cons/Anal,0.8782917857170105
qwen-vl,Qwen3-VL,caption_similarity,Appendix Figure A1,mean image-conditioned cosine similarity,F/High/Cons/Prag,M/High/Cons/Anal,0.87944966554641724
qwen-vl,Qwen3-VL,caption_similarity,Appendix Figure A1,mean image-conditioned cosine similarity,F/High/Prog/Anal,M/High/Cons/Anal,0.87721723318099976
qwen-vl,Qwen3-VL,caption_similarity,Appendix Figure A1,mean image-conditioned cosine similarity,F/High/Prog/Empa,M/High/Cons/Anal,0.86958277225494385
qwen-vl,Qwen3-VL,caption_similarity,Appendix Figure A1,mean image-conditioned cosine similarity,F/High/Prog/Prag,M/High/Cons/Anal,0.87403702735900879
qwen-vl,Qwen3-VL,caption_similarity,Appendix Figure A1,mean image-conditioned cosine similarity,F/Low /Cons/Anal,M/High/Cons/Anal,0.86516273021697998
qwen-vl,Qwen3-VL,caption_similarity,Appendix Figure A1,mean image-conditioned cosine similarity,F/Low /Cons/Empa,M/High/Cons/Anal,0.86656218767166138
qwen-vl,Qwen3-VL,caption_similarity,Appendix Figure A1,mean image-conditioned cosine similarity,F/Low /Cons/Prag,M/High/Cons/Anal,0.86598831415176392
qwen-vl,Qwen3-VL,caption_similarity,Appendix Figure A1,mean image-conditioned cosine similarity,F/Low /Prog/Anal,M/High/Cons/Anal,0.86856400966644287
qwen-vl,Qwen3-VL,caption_similarity,Appendix Figure A1,mean image-conditioned cosine similarity,F/Low /Prog/Empa,M/High/Cons/Anal,0.86329597234725952
qwen-vl,Qwen3-VL,caption_similarity,Appendix Figure A1,mean image-conditioned cosine similarity,F/Low /Prog/Prag,M/High/Cons/Anal,0.86232894659042358
qwen-vl,Qwen3-VL,caption_similarity,Appendix Figure A1,mean image-conditioned cosine similarity,M/High/Cons/Anal,M/High/Cons/Anal,0.89098949432373042
qwen-vl,Qwen3-VL,caption_similarity,Appendix Figure A1,mean image-conditioned cosine similarity,M/High/Cons/Empa,M/High/Cons/Anal,0.87403213977813721
qwen-vl,Qwen3-VL,caption_similarity,Appendix Figure A1,mean image-conditioned cosine similarity,M/High/Cons/Prag,M/High/Cons/Anal,0.88335084915161133
qwen-vl,Qwen3-VL,caption_similarity,Appendix Figure A1,mean image-conditioned cosine similarity,M/High/Prog/Anal,M/High/Cons/Anal,0.87573182582855225
qwen-vl,Qwen3-VL,caption_similarity,Appendix Figure A1,mean image-conditioned cosine similarity,M/High/Prog/Empa,M/High/Cons/Anal,0.86939889192581177
qwen-vl,Qwen3-VL,caption_similarity,Appendix Figure A1,mean image-conditioned cosine similarity,M/High/Prog/Prag,M/High/Cons/Anal,0.87187927961349487
qwen-vl,Qwen3-VL,caption_similarity,Appendix Figure A1,mean image-conditioned cosine similarity,M/Low /Cons/Anal,M/High/Cons/Anal,0.8682054877281189
qwen-vl,Qwen3-VL,caption_similarity,Appendix Figure A1,mean image-conditioned cosine similarity,M/Low /Cons/Empa,M/High/Cons/Anal,0.86910712718963623
qwen-vl,Qwen3-VL,caption_similarity,Appendix Figure A1,mean image-conditioned cosine similarity,M/Low /Cons/Prag,M/High/Cons/Anal,0.86590361595153809
qwen-vl,Qwen3-VL,caption_similarity,Appendix Figure A1,mean image-conditioned cosine similarity,M/Low /Prog/Anal,M/High/Cons/Anal,0.86651831865310669
qwen-vl,Qwen3-VL,caption_similarity,Appendix Figure A1,mean image-conditioned cosine similarity,M/Low /Prog/Empa,M/High/Cons/Anal,0.86307889223098755
qwen-vl,Qwen3-VL,caption_similarity,Appendix Figure A1,mean image-conditioned cosine similarity,M/Low /Prog/Prag,M/High/Cons/Anal,0.86296570301055908
qwen-vl,Qwen3-VL,caption_similarity,Appendix Figure A1,mean image-conditioned cosine similarity,F/High/Cons/Anal,M/High/Cons/Empa,0.8714529275894165
qwen-vl,Qwen3-VL,caption_similarity,Appendix Figure A1,mean image-conditioned cosine similarity,F/High/Cons/Empa,M/High/Cons/Empa,0.88081479072570801
qwen-vl,Qwen3-VL,caption_similarity,Appendix Figure A1,mean image-conditioned cosine similarity,F/High/Cons/Prag,M/High/Cons/Empa,0.87907087802886963
qwen-vl,Qwen3-VL,caption_similarity,Appendix Figure A1,mean image-conditioned cosine similarity,F/High/Prog/Anal,M/High/Cons/Empa,0.8718719482421875
qwen-vl,Qwen3-VL,caption_similarity,Appendix Figure A1,mean image-conditioned cosine similarity,F/High/Prog/Empa,M/High/Cons/Empa,0.8818819522857666
qwen-vl,Qwen3-VL,caption_similarity,Appendix Figure A1,mean image-conditioned cosine similarity,F/High/Prog/Prag,M/High/Cons/Empa,0.88298368453979492
qwen-vl,Qwen3-VL,caption_similarity,Appendix Figure A1,mean image-conditioned cosine similarity,F/Low /Cons/Anal,M/High/Cons/Empa,0.86473625898361206
qwen-vl,Qwen3-VL,caption_similarity,Appendix Figure A1,mean image-conditioned cosine similarity,F/Low /Cons/Empa,M/High/Cons/Empa,0.87150740623474121
qwen-vl,Qwen3-VL,caption_similarity,Appendix Figure A1,mean image-conditioned cosine similarity,F/Low /Cons/Prag,M/High/Cons/Empa,0.86873209476470947
qwen-vl,Qwen3-VL,caption_similarity,Appendix Figure A1,mean image-conditioned cosine similarity,F/Low /Prog/Anal,M/High/Cons/Empa,0.86398035287857056
qwen-vl,Qwen3-VL,caption_similarity,Appendix Figure A1,mean image-conditioned cosine similarity,F/Low /Prog/Empa,M/High/Cons/Empa,0.86790549755096436
qwen-vl,Qwen3-VL,caption_similarity,Appendix Figure A1,mean image-conditioned cosine similarity,F/Low /Prog/Prag,M/High/Cons/Empa,0.86360520124435425
qwen-vl,Qwen3-VL,caption_similarity,Appendix Figure A1,mean image-conditioned cosine similarity,M/High/Cons/Anal,M/High/Cons/Empa,0.87403213977813721
qwen-vl,Qwen3-VL,caption_similarity,Appendix Figure A1,mean image-conditioned cosine similarity,M/High/Cons/Empa,M/High/Cons/Empa,0.89625641703605652
qwen-vl,Qwen3-VL,caption_similarity,Appendix Figure A1,mean image-conditioned cosine similarity,M/High/Cons/Prag,M/High/Cons/Empa,0.8764081597328186
qwen-vl,Qwen3-VL,caption_similarity,Appendix Figure A1,mean image-conditioned cosine similarity,M/High/Prog/Anal,M/High/Cons/Empa,0.87517321109771729
qwen-vl,Qwen3-VL,caption_similarity,Appendix Figure A1,mean image-conditioned cosine similarity,M/High/Prog/Empa,M/High/Cons/Empa,0.87783104181289673
qwen-vl,Qwen3-VL,caption_similarity,Appendix Figure A1,mean image-conditioned cosine similarity,M/High/Prog/Prag,M/High/Cons/Empa,0.88105654716491699
qwen-vl,Qwen3-VL,caption_similarity,Appendix Figure A1,mean image-conditioned cosine similarity,M/Low /Cons/Anal,M/High/Cons/Empa,0.86693954467773438
qwen-vl,Qwen3-VL,caption_similarity,Appendix Figure A1,mean image-conditioned cosine similarity,M/Low /Cons/Empa,M/High/Cons/Empa,0.87586867809295654
qwen-vl,Qwen3-VL,caption_similarity,Appendix Figure A1,mean image-conditioned cosine similarity,M/Low /Cons/Prag,M/High/Cons/Empa,0.86700057983398438
qwen-vl,Qwen3-VL,caption_similarity,Appendix Figure A1,mean image-conditioned cosine similarity,M/Low /Prog/Anal,M/High/Cons/Empa,0.86557912826538086
qwen-vl,Qwen3-VL,caption_similarity,Appendix Figure A1,mean image-conditioned cosine similarity,M/Low /Prog/Empa,M/High/Cons/Empa,0.86934709548950195
qwen-vl,Qwen3-VL,caption_similarity,Appendix Figure A1,mean image-conditioned cosine similarity,M/Low /Prog/Prag,M/High/Cons/Empa,0.86281043291091919
qwen-vl,Qwen3-VL,caption_similarity,Appendix Figure A1,mean image-conditioned cosine similarity,F/High/Cons/Anal,M/High/Cons/Prag,0.87861043214797974
qwen-vl,Qwen3-VL,caption_similarity,Appendix Figure A1,mean image-conditioned cosine similarity,F/High/Cons/Empa,M/High/Cons/Prag,0.88138550519943237
qwen-vl,Qwen3-VL,caption_similarity,Appendix Figure A1,mean image-conditioned cosine similarity,F/High/Cons/Prag,M/High/Cons/Prag,0.88395547866821289
qwen-vl,Qwen3-VL,caption_similarity,Appendix Figure A1,mean image-conditioned cosine similarity,F/High/Prog/Anal,M/High/Cons/Prag,0.87614959478378296
qwen-vl,Qwen3-VL,caption_similarity,Appendix Figure A1,mean image-conditioned cosine similarity,F/High/Prog/Empa,M/High/Cons/Prag,0.8673444390296936
qwen-vl,Qwen3-VL,caption_similarity,Appendix Figure A1,mean image-conditioned cosine similarity,F/High/Prog/Prag,M/High/Cons/Prag,0.87484067678451538
qwen-vl,Qwen3-VL,caption_similarity,Appendix Figure A1,mean image-conditioned cosine similarity,F/Low /Cons/Anal,M/High/Cons/Prag,0.8687700629234314
qwen-vl,Qwen3-VL,caption_similarity,Appendix Figure A1,mean image-conditioned cosine similarity,F/Low /Cons/Empa,M/High/Cons/Prag,0.87337374687194824
qwen-vl,Qwen3-VL,caption_similarity,Appendix Figure A1,mean image-conditioned cosine similarity,F/Low /Cons/Prag,M/High/Cons/Prag,0.87197905778884888
qwen-vl,Qwen3-VL,caption_similarity,Appendix Figure A1,mean image-conditioned cosine similarity,F/Low /Prog/Anal,M/High/Cons/Prag,0.86952811479568481
qwen-vl,Qwen3-VL,caption_similarity,Appendix Figure A1,mean image-conditioned cosine similarity,F/Low /Prog/Empa,M/High/Cons/Prag,0.87097650766372681
qwen-vl,Qwen3-VL,caption_similarity,Appendix Figure A1,mean image-conditioned cosine similarity,F/Low /Prog/Prag,M/High/Cons/Prag,0.8669588565826416
qwen-vl,Qwen3-VL,caption_similarity,Appendix Figure A1,mean image-conditioned cosine similarity,M/High/Cons/Anal,M/High/Cons/Prag,0.88335084915161133
qwen-vl,Qwen3-VL,caption_similarity,Appendix Figure A1,mean image-conditioned cosine similarity,M/High/Cons/Empa,M/High/Cons/Prag,0.8764081597328186
qwen-vl,Qwen3-VL,caption_similarity,Appendix Figure A1,mean image-conditioned cosine similarity,M/High/Cons/Prag,M/High/Cons/Prag,0.89298321127891545
qwen-vl,Qwen3-VL,caption_similarity,Appendix Figure A1,mean image-conditioned cosine similarity,M/High/Prog/Anal,M/High/Cons/Prag,0.87448287010192871
qwen-vl,Qwen3-VL,caption_similarity,Appendix Figure A1,mean image-conditioned cosine similarity,M/High/Prog/Empa,M/High/Cons/Prag,0.8676753044128418
qwen-vl,Qwen3-VL,caption_similarity,Appendix Figure A1,mean image-conditioned cosine similarity,M/High/Prog/Prag,M/High/Cons/Prag,0.87208998203277588
qwen-vl,Qwen3-VL,caption_similarity,Appendix Figure A1,mean image-conditioned cosine similarity,M/Low /Cons/Anal,M/High/Cons/Prag,0.87286436557769775
qwen-vl,Qwen3-VL,caption_similarity,Appendix Figure A1,mean image-conditioned cosine similarity,M/Low /Cons/Empa,M/High/Cons/Prag,0.87700957059860229
qwen-vl,Qwen3-VL,caption_similarity,Appendix Figure A1,mean image-conditioned cosine similarity,M/Low /Cons/Prag,M/High/Cons/Prag,0.87060385942459106
qwen-vl,Qwen3-VL,caption_similarity,Appendix Figure A1,mean image-conditioned cosine similarity,M/Low /Prog/Anal,M/High/Cons/Prag,0.86884206533432007
qwen-vl,Qwen3-VL,caption_similarity,Appendix Figure A1,mean image-conditioned cosine similarity,M/Low /Prog/Empa,M/High/Cons/Prag,0.8681873083114624
qwen-vl,Qwen3-VL,caption_similarity,Appendix Figure A1,mean image-conditioned cosine similarity,M/Low /Prog/Prag,M/High/Cons/Prag,0.86641430854797363
qwen-vl,Qwen3-VL,caption_similarity,Appendix Figure A1,mean image-conditioned cosine similarity,F/High/Cons/Anal,M/High/Prog/Anal,0.86940199136734009
qwen-vl,Qwen3-VL,caption_similarity,Appendix Figure A1,mean image-conditioned cosine similarity,F/High/Cons/Empa,M/High/Prog/Anal,0.87069010734558105
qwen-vl,Qwen3-VL,caption_similarity,Appendix Figure A1,mean image-conditioned cosine similarity,F/High/Cons/Prag,M/High/Prog/Anal,0.86945724487304688
qwen-vl,Qwen3-VL,caption_similarity,Appendix Figure A1,mean image-conditioned cosine similarity,F/High/Prog/Anal,M/High/Prog/Anal,0.88324445486068726
qwen-vl,Qwen3-VL,caption_similarity,Appendix Figure A1,mean image-conditioned cosine similarity,F/High/Prog/Empa,M/High/Prog/Anal,0.8791344165802002
qwen-vl,Qwen3-VL,caption_similarity,Appendix Figure A1,mean image-conditioned cosine similarity,F/High/Prog/Prag,M/High/Prog/Anal,0.88243621587753296
qwen-vl,Qwen3-VL,caption_similarity,Appendix Figure A1,mean image-conditioned cosine similarity,F/Low /Cons/Anal,M/High/Prog/Anal,0.85458546876907349
qwen-vl,Qwen3-VL,caption_similarity,Appendix Figure A1,mean image-conditioned cosine similarity,F/Low /Cons/Empa,M/High/Prog/Anal,0.8589789867401123
qwen-vl,Qwen3-VL,caption_similarity,Appendix Figure A1,mean image-conditioned cosine similarity,F/Low /Cons/Prag,M/High/Prog/Anal,0.85654503107070923
qwen-vl,Qwen3-VL,caption_similarity,Appendix Figure A1,mean image-conditioned cosine similarity,F/Low /Prog/Anal,M/High/Prog/Anal,0.86649614572525024
qwen-vl,Qwen3-VL,caption_similarity,Appendix Figure A1,mean image-conditioned cosine similarity,F/Low /Prog/Empa,M/High/Prog/Anal,0.86497914791107178
qwen-vl,Qwen3-VL,caption_similarity,Appendix Figure A1,mean image-conditioned cosine similarity,F/Low /Prog/Prag,M/High/Prog/Anal,0.86014831066131592
qwen-vl,Qwen3-VL,caption_similarity,Appendix Figure A1,mean image-conditioned cosine similarity,M/High/Cons/Anal,M/High/Prog/Anal,0.87573182582855225
qwen-vl,Qwen3-VL,caption_similarity,Appendix Figure A1,mean image-conditioned cosine similarity,M/High/Cons/Empa,M/High/Prog/Anal,0.87517321109771729
qwen-vl,Qwen3-VL,caption_similarity,Appendix Figure A1,mean image-conditioned cosine similarity,M/High/Cons/Prag,M/High/Prog/Anal,0.87448287010192871
qwen-vl,Qwen3-VL,caption_similarity,Appendix Figure A1,mean image-conditioned cosine similarity,M/High/Prog/Anal,M/High/Prog/Anal,0.88847302675247197
qwen-vl,Qwen3-VL,caption_similarity,Appendix Figure A1,mean image-conditioned cosine similarity,M/High/Prog/Empa,M/High/Prog/Anal,0.87928354740142822
qwen-vl,Qwen3-VL,caption_similarity,Appendix Figure A1,mean image-conditioned cosine similarity,M/High/Prog/Prag,M/High/Prog/Anal,0.88196909427642822
qwen-vl,Qwen3-VL,caption_similarity,Appendix Figure A1,mean image-conditioned cosine similarity,M/Low /Cons/Anal,M/High/Prog/Anal,0.85914909839630127
qwen-vl,Qwen3-VL,caption_similarity,Appendix Figure A1,mean image-conditioned cosine similarity,M/Low /Cons/Empa,M/High/Prog/Anal,0.86241263151168823
qwen-vl,Qwen3-VL,caption_similarity,Appendix Figure A1,mean image-conditioned cosine similarity,M/Low /Cons/Prag,M/High/Prog/Anal,0.85662442445755005
qwen-vl,Qwen3-VL,caption_similarity,Appendix Figure A1,mean image-conditioned cosine similarity,M/Low /Prog/Anal,M/High/Prog/Anal,0.866066575050354
qwen-vl,Qwen3-VL,caption_similarity,Appendix Figure A1,mean image-conditioned cosine similarity,M/Low /Prog/Empa,M/High/Prog/Anal,0.86802160739898682
qwen-vl,Qwen3-VL,caption_similarity,Appendix Figure A1,mean image-conditioned cosine similarity,M/Low /Prog/Prag,M/High/Prog/Anal,0.86178159713745117
qwen-vl,Qwen3-VL,caption_similarity,Appendix Figure A1,mean image-conditioned cosine similarity,F/High/Cons/Anal,M/High/Prog/Empa,0.86316597461700439
qwen-vl,Qwen3-VL,caption_similarity,Appendix Figure A1,mean image-conditioned cosine similarity,F/High/Cons/Empa,M/High/Prog/Empa,0.86999017000198364
qwen-vl,Qwen3-VL,caption_similarity,Appendix Figure A1,mean image-conditioned cosine similarity,F/High/Cons/Prag,M/High/Prog/Empa,0.86721712350845337
qwen-vl,Qwen3-VL,caption_similarity,Appendix Figure A1,mean image-conditioned cosine similarity,F/High/Prog/Anal,M/High/Prog/Empa,0.87212347984313965
qwen-vl,Qwen3-VL,caption_similarity,Appendix Figure A1,mean image-conditioned cosine similarity,F/High/Prog/Empa,M/High/Prog/Empa,0.88240820169448853
qwen-vl,Qwen3-VL,caption_similarity,Appendix Figure A1,mean image-conditioned cosine similarity,F/High/Prog/Prag,M/High/Prog/Empa,0.88400185108184814
qwen-vl,Qwen3-VL,caption_similarity,Appendix Figure A1,mean image-conditioned cosine similarity,F/Low /Cons/Anal,M/High/Prog/Empa,0.8531072735786438
qwen-vl,Qwen3-VL,caption_similarity,Appendix Figure A1,mean image-conditioned cosine similarity,F/Low /Cons/Empa,M/High/Prog/Empa,0.85902482271194458
qwen-vl,Qwen3-VL,caption_similarity,Appendix Figure A1,mean image-conditioned cosine similarity,F/Low /Cons/Prag,M/High/Prog/Empa,0.85785692930221558
qwen-vl,Qwen3-VL,caption_similarity,Appendix Figure A1,mean image-conditioned cosine similarity,F/Low /Prog/Anal,M/High/Prog/Empa,0.86370283365249634
qwen-vl,Qwen3-VL,caption_similarity,Appendix Figure A1,mean image-conditioned cosine similarity,F/Low /Prog/Empa,M/High/Prog/Empa,0.86503958702087402
qwen-vl,Qwen3-VL,caption_similarity,Appendix Figure A1,mean image-conditioned cosine similarity,F/Low /Prog/Prag,M/High/Prog/Empa,0.85872924327850342
qwen-vl,Qwen3-VL,caption_similarity,Appendix Figure A1,mean image-conditioned cosine similarity,M/High/Cons/Anal,M/High/Prog/Empa,0.86939889192581177
qwen-vl,Qwen3-VL,caption_similarity,Appendix Figure A1,mean image-conditioned cosine similarity,M/High/Cons/Empa,M/High/Prog/Empa,0.87783104181289673
qwen-vl,Qwen3-VL,caption_similarity,Appendix Figure A1,mean image-conditioned cosine similarity,M/High/Cons/Prag,M/High/Prog/Empa,0.8676753044128418
qwen-vl,Qwen3-VL,caption_similarity,Appendix Figure A1,mean image-conditioned cosine similarity,M/High/Prog/Anal,M/High/Prog/Empa,0.87928354740142822
qwen-vl,Qwen3-VL,caption_similarity,Appendix Figure A1,mean image-conditioned cosine similarity,M/High/Prog/Empa,M/High/Prog/Empa,0.89329035282135005
qwen-vl,Qwen3-VL,caption_similarity,Appendix Figure A1,mean image-conditioned cosine similarity,M/High/Prog/Prag,M/High/Prog/Empa,0.88734906911849976
qwen-vl,Qwen3-VL,caption_similarity,Appendix Figure A1,mean image-conditioned cosine similarity,M/Low /Cons/Anal,M/High/Prog/Empa,0.85641705989837646
qwen-vl,Qwen3-VL,caption_similarity,Appendix Figure A1,mean image-conditioned cosine similarity,M/Low /Cons/Empa,M/High/Prog/Empa,0.86286157369613647
qwen-vl,Qwen3-VL,caption_similarity,Appendix Figure A1,mean image-conditioned cosine similarity,M/Low /Cons/Prag,M/High/Prog/Empa,0.85539418458938599
qwen-vl,Qwen3-VL,caption_similarity,Appendix Figure A1,mean image-conditioned cosine similarity,M/Low /Prog/Anal,M/High/Prog/Empa,0.86202311515808105
qwen-vl,Qwen3-VL,caption_similarity,Appendix Figure A1,mean image-conditioned cosine similarity,M/Low /Prog/Empa,M/High/Prog/Empa,0.86822783946990967
qwen-vl,Qwen3-VL,caption_similarity,Appendix Figure A1,mean image-conditioned cosine similarity,M/Low /Prog/Prag,M/High/Prog/Empa,0.85951852798461914
qwen-vl,Qwen3-VL,caption_similarity,Appendix Figure A1,mean image-conditioned cosine similarity,F/High/Cons/Anal,M/High/Prog/Prag,0.86682355403900146
qwen-vl,Qwen3-VL,caption_similarity,Appendix Figure A1,mean image-conditioned cosine similarity,F/High/Cons/Empa,M/High/Prog/Prag,0.87099653482437134
qwen-vl,Qwen3-VL,caption_similarity,Appendix Figure A1,mean image-conditioned cosine similarity,F/High/Cons/Prag,M/High/Prog/Prag,0.87249165773391724
qwen-vl,Qwen3-VL,caption_similarity,Appendix Figure A1,mean image-conditioned cosine similarity,F/High/Prog/Anal,M/High/Prog/Prag,0.87498003244400024
qwen-vl,Qwen3-VL,caption_similarity,Appendix Figure A1,mean image-conditioned cosine similarity,F/High/Prog/Empa,M/High/Prog/Prag,0.88257867097854614
qwen-vl,Qwen3-VL,caption_similarity,Appendix Figure A1,mean image-conditioned cosine similarity,F/High/Prog/Prag,M/High/Prog/Prag,0.88812333345413208
qwen-vl,Qwen3-VL,caption_similarity,Appendix Figure A1,mean image-conditioned cosine similarity,F/Low /Cons/Anal,M/High/Prog/Prag,0.85535448789596558
qwen-vl,Qwen3-VL,caption_similarity,Appendix Figure A1,mean image-conditioned cosine similarity,F/Low /Cons/Empa,M/High/Prog/Prag,0.86149841547012329
qwen-vl,Qwen3-VL,caption_similarity,Appendix Figure A1,mean image-conditioned cosine similarity,F/Low /Cons/Prag,M/High/Prog/Prag,0.85975974798202515
qwen-vl,Qwen3-VL,caption_similarity,Appendix Figure A1,mean image-conditioned cosine similarity,F/Low /Prog/Anal,M/High/Prog/Prag,0.8661077618598938
qwen-vl,Qwen3-VL,caption_similarity,Appendix Figure A1,mean image-conditioned cosine similarity,F/Low /Prog/Empa,M/High/Prog/Prag,0.86492133140563965
qwen-vl,Qwen3-VL,caption_similarity,Appendix Figure A1,mean image-conditioned cosine similarity,F/Low /Prog/Prag,M/High/Prog/Prag,0.86182492971420288
qwen-vl,Qwen3-VL,caption_similarity,Appendix Figure A1,mean image-conditioned cosine similarity,M/High/Cons/Anal,M/High/Prog/Prag,0.87187927961349487
qwen-vl,Qwen3-VL,caption_similarity,Appendix Figure A1,mean image-conditioned cosine similarity,M/High/Cons/Empa,M/High/Prog/Prag,0.88105654716491699
qwen-vl,Qwen3-VL,caption_similarity,Appendix Figure A1,mean image-conditioned cosine similarity,M/High/Cons/Prag,M/High/Prog/Prag,0.87208998203277588
qwen-vl,Qwen3-VL,caption_similarity,Appendix Figure A1,mean image-conditioned cosine similarity,M/High/Prog/Anal,M/High/Prog/Prag,0.88196909427642822
qwen-vl,Qwen3-VL,caption_similarity,Appendix Figure A1,mean image-conditioned cosine similarity,M/High/Prog/Empa,M/High/Prog/Prag,0.88734906911849976
qwen-vl,Qwen3-VL,caption_similarity,Appendix Figure A1,mean image-conditioned cosine similarity,M/High/Prog/Prag,M/High/Prog/Prag,0.89497847080230708
qwen-vl,Qwen3-VL,caption_similarity,Appendix Figure A1,mean image-conditioned cosine similarity,M/Low /Cons/Anal,M/High/Prog/Prag,0.85865980386734009
qwen-vl,Qwen3-VL,caption_similarity,Appendix Figure A1,mean image-conditioned cosine similarity,M/Low /Cons/Empa,M/High/Prog/Prag,0.86407464742660522
qwen-vl,Qwen3-VL,caption_similarity,Appendix Figure A1,mean image-conditioned cosine similarity,M/Low /Cons/Prag,M/High/Prog/Prag,0.8588716983795166
qwen-vl,Qwen3-VL,caption_similarity,Appendix Figure A1,mean image-conditioned cosine similarity,M/Low /Prog/Anal,M/High/Prog/Prag,0.86419332027435303
qwen-vl,Qwen3-VL,caption_similarity,Appendix Figure A1,mean image-conditioned cosine similarity,M/Low /Prog/Empa,M/High/Prog/Prag,0.86955231428146362
qwen-vl,Qwen3-VL,caption_similarity,Appendix Figure A1,mean image-conditioned cosine similarity,M/Low /Prog/Prag,M/High/Prog/Prag,0.86244529485702515
qwen-vl,Qwen3-VL,caption_similarity,Appendix Figure A1,mean image-conditioned cosine similarity,F/High/Cons/Anal,M/Low /Cons/Anal,0.86886268854141235
qwen-vl,Qwen3-VL,caption_similarity,Appendix Figure A1,mean image-conditioned cosine similarity,F/High/Cons/Empa,M/Low /Cons/Anal,0.87180930376052856
qwen-vl,Qwen3-VL,caption_similarity,Appendix Figure A1,mean image-conditioned cosine similarity,F/High/Cons/Prag,M/Low /Cons/Anal,0.87269842624664307
qwen-vl,Qwen3-VL,caption_similarity,Appendix Figure A1,mean image-conditioned cosine similarity,F/High/Prog/Anal,M/Low /Cons/Anal,0.86222958564758301
qwen-vl,Qwen3-VL,caption_similarity,Appendix Figure A1,mean image-conditioned cosine similarity,F/High/Prog/Empa,M/Low /Cons/Anal,0.86152559518814087
qwen-vl,Qwen3-VL,caption_similarity,Appendix Figure A1,mean image-conditioned cosine similarity,F/High/Prog/Prag,M/Low /Cons/Anal,0.86140733957290649
qwen-vl,Qwen3-VL,caption_similarity,Appendix Figure A1,mean image-conditioned cosine similarity,F/Low /Cons/Anal,M/Low /Cons/Anal,0.88556623458862305
qwen-vl,Qwen3-VL,caption_similarity,Appendix Figure A1,mean image-conditioned cosine similarity,F/Low /Cons/Empa,M/Low /Cons/Anal,0.88305145502090454
qwen-vl,Qwen3-VL,caption_similarity,Appendix Figure A1,mean image-conditioned cosine similarity,F/Low /Cons/Prag,M/Low /Cons/Anal,0.88931876420974731
qwen-vl,Qwen3-VL,caption_similarity,Appendix Figure A1,mean image-conditioned cosine similarity,F/Low /Prog/Anal,M/Low /Cons/Anal,0.87859475612640381
qwen-vl,Qwen3-VL,caption_similarity,Appendix Figure A1,mean image-conditioned cosine similarity,F/Low /Prog/Empa,M/Low /Cons/Anal,0.87821656465530396
qwen-vl,Qwen3-VL,caption_similarity,Appendix Figure A1,mean image-conditioned cosine similarity,F/Low /Prog/Prag,M/Low /Cons/Anal,0.87916296720504761
qwen-vl,Qwen3-VL,caption_similarity,Appendix Figure A1,mean image-conditioned cosine similarity,M/High/Cons/Anal,M/Low /Cons/Anal,0.8682054877281189
qwen-vl,Qwen3-VL,caption_similarity,Appendix Figure A1,mean image-conditioned cosine similarity,M/High/Cons/Empa,M/Low /Cons/Anal,0.86693954467773438
qwen-vl,Qwen3-VL,caption_similarity,Appendix Figure A1,mean image-conditioned cosine similarity,M/High/Cons/Prag,M/Low /Cons/Anal,0.87286436557769775
qwen-vl,Qwen3-VL,caption_similarity,Appendix Figure A1,mean image-conditioned cosine similarity,M/High/Prog/Anal,M/Low /Cons/Anal,0.85914909839630127
qwen-vl,Qwen3-VL,caption_similarity,Appendix Figure A1,mean image-conditioned cosine similarity,M/High/Prog/Empa,M/Low /Cons/Anal,0.85641705989837646
qwen-vl,Qwen3-VL,caption_similarity,Appendix Figure A1,mean image-conditioned cosine similarity,M/High/Prog/Prag,M/Low /Cons/Anal,0.85865980386734009
qwen-vl,Qwen3-VL,caption_similarity,Appendix Figure A1,mean image-conditioned cosine similarity,M/Low /Cons/Anal,M/Low /Cons/Anal,0.89479805111885069
qwen-vl,Qwen3-VL,caption_similarity,Appendix Figure A1,mean image-conditioned cosine similarity,M/Low /Cons/Empa,M/Low /Cons/Anal,0.88747423887252808
qwen-vl,Qwen3-VL,caption_similarity,Appendix Figure A1,mean image-conditioned cosine similarity,M/Low /Cons/Prag,M/Low /Cons/Anal,0.8879244327545166
qwen-vl,Qwen3-VL,caption_similarity,Appendix Figure A1,mean image-conditioned cosine similarity,M/Low /Prog/Anal,M/Low /Cons/Anal,0.8821864128112793
qwen-vl,Qwen3-VL,caption_similarity,Appendix Figure A1,mean image-conditioned cosine similarity,M/Low /Prog/Empa,M/Low /Cons/Anal,0.8733673095703125
qwen-vl,Qwen3-VL,caption_similarity,Appendix Figure A1,mean image-conditioned cosine similarity,M/Low /Prog/Prag,M/Low /Cons/Anal,0.87892425060272217
qwen-vl,Qwen3-VL,caption_similarity,Appendix Figure A1,mean image-conditioned cosine similarity,F/High/Cons/Anal,M/Low /Cons/Empa,0.868793785572052
qwen-vl,Qwen3-VL,caption_similarity,Appendix Figure A1,mean image-conditioned cosine similarity,F/High/Cons/Empa,M/Low /Cons/Empa,0.87970161437988281
qwen-vl,Qwen3-VL,caption_similarity,Appendix Figure A1,mean image-conditioned cosine similarity,F/High/Cons/Prag,M/Low /Cons/Empa,0.8772284984588623
qwen-vl,Qwen3-VL,caption_similarity,Appendix Figure A1,mean image-conditioned cosine similarity,F/High/Prog/Anal,M/Low /Cons/Empa,0.86372262239456177
qwen-vl,Qwen3-VL,caption_similarity,Appendix Figure A1,mean image-conditioned cosine similarity,F/High/Prog/Empa,M/Low /Cons/Empa,0.86840194463729858
qwen-vl,Qwen3-VL,caption_similarity,Appendix Figure A1,mean image-conditioned cosine similarity,F/High/Prog/Prag,M/Low /Cons/Empa,0.86721199750900269
qwen-vl,Qwen3-VL,caption_similarity,Appendix Figure A1,mean image-conditioned cosine similarity,F/Low /Cons/Anal,M/Low /Cons/Empa,0.88252198696136475
qwen-vl,Qwen3-VL,caption_similarity,Appendix Figure A1,mean image-conditioned cosine similarity,F/Low /Cons/Empa,M/Low /Cons/Empa,0.89045435190200806
qwen-vl,Qwen3-VL,caption_similarity,Appendix Figure A1,mean image-conditioned cosine similarity,F/Low /Cons/Prag,M/Low /Cons/Empa,0.88838255405426025
qwen-vl,Qwen3-VL,caption_similarity,Appendix Figure A1,mean image-conditioned cosine similarity,F/Low /Prog/Anal,M/Low /Cons/Empa,0.87517279386520386
qwen-vl,Qwen3-VL,caption_similarity,Appendix Figure A1,mean image-conditioned cosine similarity,F/Low /Prog/Empa,M/Low /Cons/Empa,0.88211989402770996
qwen-vl,Qwen3-VL,caption_similarity,Appendix Figure A1,mean image-conditioned cosine similarity,F/Low /Prog/Prag,M/Low /Cons/Empa,0.87764686346054077
qwen-vl,Qwen3-VL,caption_similarity,Appendix Figure A1,mean image-conditioned cosine similarity,M/High/Cons/Anal,M/Low /Cons/Empa,0.86910712718963623
qwen-vl,Qwen3-VL,caption_similarity,Appendix Figure A1,mean image-conditioned cosine similarity,M/High/Cons/Empa,M/Low /Cons/Empa,0.87586867809295654
qwen-vl,Qwen3-VL,caption_similarity,Appendix Figure A1,mean image-conditioned cosine similarity,M/High/Cons/Prag,M/Low /Cons/Empa,0.87700957059860229
qwen-vl,Qwen3-VL,caption_similarity,Appendix Figure A1,mean image-conditioned cosine similarity,M/High/Prog/Anal,M/Low /Cons/Empa,0.86241263151168823
qwen-vl,Qwen3-VL,caption_similarity,Appendix Figure A1,mean image-conditioned cosine similarity,M/High/Prog/Empa,M/Low /Cons/Empa,0.86286157369613647
qwen-vl,Qwen3-VL,caption_similarity,Appendix Figure A1,mean image-conditioned cosine similarity,M/High/Prog/Prag,M/Low /Cons/Empa,0.86407464742660522
qwen-vl,Qwen3-VL,caption_similarity,Appendix Figure A1,mean image-conditioned cosine similarity,M/Low /Cons/Anal,M/Low /Cons/Empa,0.88747423887252808
qwen-vl,Qwen3-VL,caption_similarity,Appendix Figure A1,mean image-conditioned cosine similarity,M/Low /Cons/Empa,M/Low /Cons/Empa,0.8976524066925049
qwen-vl,Qwen3-VL,caption_similarity,Appendix Figure A1,mean image-conditioned cosine similarity,M/Low /Cons/Prag,M/Low /Cons/Empa,0.88531213998794556
qwen-vl,Qwen3-VL,caption_similarity,Appendix Figure A1,mean image-conditioned cosine similarity,M/Low /Prog/Anal,M/Low /Cons/Empa,0.87873721122741699
qwen-vl,Qwen3-VL,caption_similarity,Appendix Figure A1,mean image-conditioned cosine similarity,M/Low /Prog/Empa,M/Low /Cons/Empa,0.87753540277481079
qwen-vl,Qwen3-VL,caption_similarity,Appendix Figure A1,mean image-conditioned cosine similarity,M/Low /Prog/Prag,M/Low /Cons/Empa,0.87774312496185303
qwen-vl,Qwen3-VL,caption_similarity,Appendix Figure A1,mean image-conditioned cosine similarity,F/High/Cons/Anal,M/Low /Cons/Prag,0.86764085292816162
qwen-vl,Qwen3-VL,caption_similarity,Appendix Figure A1,mean image-conditioned cosine similarity,F/High/Cons/Empa,M/Low /Cons/Prag,0.86956703662872314
qwen-vl,Qwen3-VL,caption_similarity,Appendix Figure A1,mean image-conditioned cosine similarity,F/High/Cons/Prag,M/Low /Cons/Prag,0.87121635675430298
qwen-vl,Qwen3-VL,caption_similarity,Appendix Figure A1,mean image-conditioned cosine similarity,F/High/Prog/Anal,M/Low /Cons/Prag,0.85937047004699707
qwen-vl,Qwen3-VL,caption_similarity,Appendix Figure A1,mean image-conditioned cosine similarity,F/High/Prog/Empa,M/Low /Cons/Prag,0.86100959777832031
qwen-vl,Qwen3-VL,caption_similarity,Appendix Figure A1,mean image-conditioned cosine similarity,F/High/Prog/Prag,M/Low /Cons/Prag,0.86061233282089233
qwen-vl,Qwen3-VL,caption_similarity,Appendix Figure A1,mean image-conditioned cosine similarity,F/Low /Cons/Anal,M/Low /Cons/Prag,0.88216173648834229
qwen-vl,Qwen3-VL,caption_similarity,Appendix Figure A1,mean image-conditioned cosine similarity,F/Low /Cons/Empa,M/Low /Cons/Prag,0.88250595331192017
qwen-vl,Qwen3-VL,caption_similarity,Appendix Figure A1,mean image-conditioned cosine similarity,F/Low /Cons/Prag,M/Low /Cons/Prag,0.88965052366256714
qwen-vl,Qwen3-VL,caption_similarity,Appendix Figure A1,mean image-conditioned cosine similarity,F/Low /Prog/Anal,M/Low /Cons/Prag,0.87454253435134888
qwen-vl,Qwen3-VL,caption_similarity,Appendix Figure A1,mean image-conditioned cosine similarity,F/Low /Prog/Empa,M/Low /Cons/Prag,0.87571722269058228
qwen-vl,Qwen3-VL,caption_similarity,Appendix Figure A1,mean image-conditioned cosine similarity,F/Low /Prog/Prag,M/Low /Cons/Prag,0.87767845392227173
qwen-vl,Qwen3-VL,caption_similarity,Appendix Figure A1,mean image-conditioned cosine similarity,M/High/Cons/Anal,M/Low /Cons/Prag,0.86590361595153809
qwen-vl,Qwen3-VL,caption_similarity,Appendix Figure A1,mean image-conditioned cosine similarity,M/High/Cons/Empa,M/Low /Cons/Prag,0.86700057983398438
qwen-vl,Qwen3-VL,caption_similarity,Appendix Figure A1,mean image-conditioned cosine similarity,M/High/Cons/Prag,M/Low /Cons/Prag,0.87060385942459106
qwen-vl,Qwen3-VL,caption_similarity,Appendix Figure A1,mean image-conditioned cosine similarity,M/High/Prog/Anal,M/Low /Cons/Prag,0.85662442445755005
qwen-vl,Qwen3-VL,caption_similarity,Appendix Figure A1,mean image-conditioned cosine similarity,M/High/Prog/Empa,M/Low /Cons/Prag,0.85539418458938599
qwen-vl,Qwen3-VL,caption_similarity,Appendix Figure A1,mean image-conditioned cosine similarity,M/High/Prog/Prag,M/Low /Cons/Prag,0.8588716983795166
qwen-vl,Qwen3-VL,caption_similarity,Appendix Figure A1,mean image-conditioned cosine similarity,M/Low /Cons/Anal,M/Low /Cons/Prag,0.8879244327545166
qwen-vl,Qwen3-VL,caption_similarity,Appendix Figure A1,mean image-conditioned cosine similarity,M/Low /Cons/Empa,M/Low /Cons/Prag,0.88531213998794556
qwen-vl,Qwen3-VL,caption_similarity,Appendix Figure A1,mean image-conditioned cosine similarity,M/Low /Cons/Prag,M/Low /Cons/Prag,0.89248281955718989
qwen-vl,Qwen3-VL,caption_similarity,Appendix Figure A1,mean image-conditioned cosine similarity,M/Low /Prog/Anal,M/Low /Cons/Prag,0.8770642876625061
qwen-vl,Qwen3-VL,caption_similarity,Appendix Figure A1,mean image-conditioned cosine similarity,M/Low /Prog/Empa,M/Low /Cons/Prag,0.87174081802368164
qwen-vl,Qwen3-VL,caption_similarity,Appendix Figure A1,mean image-conditioned cosine similarity,M/Low /Prog/Prag,M/Low /Cons/Prag,0.87692892551422119
qwen-vl,Qwen3-VL,caption_similarity,Appendix Figure A1,mean image-conditioned cosine similarity,F/High/Cons/Anal,M/Low /Prog/Anal,0.86329835653305054
qwen-vl,Qwen3-VL,caption_similarity,Appendix Figure A1,mean image-conditioned cosine similarity,F/High/Cons/Empa,M/Low /Prog/Anal,0.86695653200149536
qwen-vl,Qwen3-VL,caption_similarity,Appendix Figure A1,mean image-conditioned cosine similarity,F/High/Cons/Prag,M/Low /Prog/Anal,0.86815202236175537
qwen-vl,Qwen3-VL,caption_similarity,Appendix Figure A1,mean image-conditioned cosine similarity,F/High/Prog/Anal,M/Low /Prog/Anal,0.86845666170120239
qwen-vl,Qwen3-VL,caption_similarity,Appendix Figure A1,mean image-conditioned cosine similarity,F/High/Prog/Empa,M/Low /Prog/Anal,0.86756575107574463
qwen-vl,Qwen3-VL,caption_similarity,Appendix Figure A1,mean image-conditioned cosine similarity,F/High/Prog/Prag,M/Low /Prog/Anal,0.86771309375762939
qwen-vl,Qwen3-VL,caption_similarity,Appendix Figure A1,mean image-conditioned cosine similarity,F/Low /Cons/Anal,M/Low /Prog/Anal,0.87542307376861572
qwen-vl,Qwen3-VL,caption_similarity,Appendix Figure A1,mean image-conditioned cosine similarity,F/Low /Cons/Empa,M/Low /Prog/Anal,0.87624436616897583
qwen-vl,Qwen3-VL,caption_similarity,Appendix Figure A1,mean image-conditioned cosine similarity,F/Low /Cons/Prag,M/Low /Prog/Anal,0.87849694490432739
qwen-vl,Qwen3-VL,caption_similarity,Appendix Figure A1,mean image-conditioned cosine similarity,F/Low /Prog/Anal,M/Low /Prog/Anal,0.88719069957733154
qwen-vl,Qwen3-VL,caption_similarity,Appendix Figure A1,mean image-conditioned cosine similarity,F/Low /Prog/Empa,M/Low /Prog/Anal,0.88005918264389038
qwen-vl,Qwen3-VL,caption_similarity,Appendix Figure A1,mean image-conditioned cosine similarity,F/Low /Prog/Prag,M/Low /Prog/Anal,0.88581132888793945
qwen-vl,Qwen3-VL,caption_similarity,Appendix Figure A1,mean image-conditioned cosine similarity,M/High/Cons/Anal,M/Low /Prog/Anal,0.86651831865310669
qwen-vl,Qwen3-VL,caption_similarity,Appendix Figure A1,mean image-conditioned cosine similarity,M/High/Cons/Empa,M/Low /Prog/Anal,0.86557912826538086
qwen-vl,Qwen3-VL,caption_similarity,Appendix Figure A1,mean image-conditioned cosine similarity,M/High/Cons/Prag,M/Low /Prog/Anal,0.86884206533432007
qwen-vl,Qwen3-VL,caption_similarity,Appendix Figure A1,mean image-conditioned cosine similarity,M/High/Prog/Anal,M/Low /Prog/Anal,0.866066575050354
qwen-vl,Qwen3-VL,caption_similarity,Appendix Figure A1,mean image-conditioned cosine similarity,M/High/Prog/Empa,M/Low /Prog/Anal,0.86202311515808105
qwen-vl,Qwen3-VL,caption_similarity,Appendix Figure A1,mean image-conditioned cosine similarity,M/High/Prog/Prag,M/Low /Prog/Anal,0.86419332027435303
qwen-vl,Qwen3-VL,caption_similarity,Appendix Figure A1,mean image-conditioned cosine similarity,M/Low /Cons/Anal,M/Low /Prog/Anal,0.8821864128112793
qwen-vl,Qwen3-VL,caption_similarity,Appendix Figure A1,mean image-conditioned cosine similarity,M/Low /Cons/Empa,M/Low /Prog/Anal,0.87873721122741699
qwen-vl,Qwen3-VL,caption_similarity,Appendix Figure A1,mean image-conditioned cosine similarity,M/Low /Cons/Prag,M/Low /Prog/Anal,0.8770642876625061
qwen-vl,Qwen3-VL,caption_similarity,Appendix Figure A1,mean image-conditioned cosine similarity,M/Low /Prog/Anal,M/Low /Prog/Anal,0.89584969043731688
qwen-vl,Qwen3-VL,caption_similarity,Appendix Figure A1,mean image-conditioned cosine similarity,M/Low /Prog/Empa,M/Low /Prog/Anal,0.88142168521881104
qwen-vl,Qwen3-VL,caption_similarity,Appendix Figure A1,mean image-conditioned cosine similarity,M/Low /Prog/Prag,M/Low /Prog/Anal,0.887032151222229
qwen-vl,Qwen3-VL,caption_similarity,Appendix Figure A1,mean image-conditioned cosine similarity,F/High/Cons/Anal,M/Low /Prog/Empa,0.86044085025787354
qwen-vl,Qwen3-VL,caption_similarity,Appendix Figure A1,mean image-conditioned cosine similarity,F/High/Cons/Empa,M/Low /Prog/Empa,0.86720776557922363
qwen-vl,Qwen3-VL,caption_similarity,Appendix Figure A1,mean image-conditioned cosine similarity,F/High/Cons/Prag,M/Low /Prog/Empa,0.86857336759567261
qwen-vl,Qwen3-VL,caption_similarity,Appendix Figure A1,mean image-conditioned cosine similarity,F/High/Prog/Anal,M/Low /Prog/Empa,0.86706262826919556
qwen-vl,Qwen3-VL,caption_similarity,Appendix Figure A1,mean image-conditioned cosine similarity,F/High/Prog/Empa,M/Low /Prog/Empa,0.87492454051971436
qwen-vl,Qwen3-VL,caption_similarity,Appendix Figure A1,mean image-conditioned cosine similarity,F/High/Prog/Prag,M/Low /Prog/Empa,0.87120974063873291
qwen-vl,Qwen3-VL,caption_similarity,Appendix Figure A1,mean image-conditioned cosine similarity,F/Low /Cons/Anal,M/Low /Prog/Empa,0.86917096376419067
qwen-vl,Qwen3-VL,caption_similarity,Appendix Figure A1,mean image-conditioned cosine similarity,F/Low /Cons/Empa,M/Low /Prog/Empa,0.87690412998199463
qwen-vl,Qwen3-VL,caption_similarity,Appendix Figure A1,mean image-conditioned cosine similarity,F/Low /Cons/Prag,M/Low /Prog/Empa,0.87507295608520508
qwen-vl,Qwen3-VL,caption_similarity,Appendix Figure A1,mean image-conditioned cosine similarity,F/Low /Prog/Anal,M/Low /Prog/Empa,0.87883466482162476
qwen-vl,Qwen3-VL,caption_similarity,Appendix Figure A1,mean image-conditioned cosine similarity,F/Low /Prog/Empa,M/Low /Prog/Empa,0.88473153114318848
qwen-vl,Qwen3-VL,caption_similarity,Appendix Figure A1,mean image-conditioned cosine similarity,F/Low /Prog/Prag,M/Low /Prog/Empa,0.88183313608169556
qwen-vl,Qwen3-VL,caption_similarity,Appendix Figure A1,mean image-conditioned cosine similarity,M/High/Cons/Anal,M/Low /Prog/Empa,0.86307889223098755
qwen-vl,Qwen3-VL,caption_similarity,Appendix Figure A1,mean image-conditioned cosine similarity,M/High/Cons/Empa,M/Low /Prog/Empa,0.86934709548950195
qwen-vl,Qwen3-VL,caption_similarity,Appendix Figure A1,mean image-conditioned cosine similarity,M/High/Cons/Prag,M/Low /Prog/Empa,0.8681873083114624
qwen-vl,Qwen3-VL,caption_similarity,Appendix Figure A1,mean image-conditioned cosine similarity,M/High/Prog/Anal,M/Low /Prog/Empa,0.86802160739898682
qwen-vl,Qwen3-VL,caption_similarity,Appendix Figure A1,mean image-conditioned cosine similarity,M/High/Prog/Empa,M/Low /Prog/Empa,0.86822783946990967
qwen-vl,Qwen3-VL,caption_similarity,Appendix Figure A1,mean image-conditioned cosine similarity,M/High/Prog/Prag,M/Low /Prog/Empa,0.86955231428146362
qwen-vl,Qwen3-VL,caption_similarity,Appendix Figure A1,mean image-conditioned cosine similarity,M/Low /Cons/Anal,M/Low /Prog/Empa,0.8733673095703125
qwen-vl,Qwen3-VL,caption_similarity,Appendix Figure A1,mean image-conditioned cosine similarity,M/Low /Cons/Empa,M/Low /Prog/Empa,0.87753540277481079
qwen-vl,Qwen3-VL,caption_similarity,Appendix Figure A1,mean image-conditioned cosine similarity,M/Low /Cons/Prag,M/Low /Prog/Empa,0.87174081802368164
qwen-vl,Qwen3-VL,caption_similarity,Appendix Figure A1,mean image-conditioned cosine similarity,M/Low /Prog/Anal,M/Low /Prog/Empa,0.88142168521881104
qwen-vl,Qwen3-VL,caption_similarity,Appendix Figure A1,mean image-conditioned cosine similarity,M/Low /Prog/Empa,M/Low /Prog/Empa,0.88953107476234439
qwen-vl,Qwen3-VL,caption_similarity,Appendix Figure A1,mean image-conditioned cosine similarity,M/Low /Prog/Prag,M/Low /Prog/Empa,0.8809359073638916
qwen-vl,Qwen3-VL,caption_similarity,Appendix Figure A1,mean image-conditioned cosine similarity,F/High/Cons/Anal,M/Low /Prog/Prag,0.86104822158813477
qwen-vl,Qwen3-VL,caption_similarity,Appendix Figure A1,mean image-conditioned cosine similarity,F/High/Cons/Empa,M/Low /Prog/Prag,0.86390769481658936
qwen-vl,Qwen3-VL,caption_similarity,Appendix Figure A1,mean image-conditioned cosine similarity,F/High/Cons/Prag,M/Low /Prog/Prag,0.86683154106140137
qwen-vl,Qwen3-VL,caption_similarity,Appendix Figure A1,mean image-conditioned cosine similarity,F/High/Prog/Anal,M/Low /Prog/Prag,0.86539244651794434
qwen-vl,Qwen3-VL,caption_similarity,Appendix Figure A1,mean image-conditioned cosine similarity,F/High/Prog/Empa,M/Low /Prog/Prag,0.86444580554962158
qwen-vl,Qwen3-VL,caption_similarity,Appendix Figure A1,mean image-conditioned cosine similarity,F/High/Prog/Prag,M/Low /Prog/Prag,0.86362236738204956
qwen-vl,Qwen3-VL,caption_similarity,Appendix Figure A1,mean image-conditioned cosine similarity,F/Low /Cons/Anal,M/Low /Prog/Prag,0.87409079074859619
qwen-vl,Qwen3-VL,caption_similarity,Appendix Figure A1,mean image-conditioned cosine similarity,F/Low /Cons/Empa,M/Low /Prog/Prag,0.87564772367477417
qwen-vl,Qwen3-VL,caption_similarity,Appendix Figure A1,mean image-conditioned cosine similarity,F/Low /Cons/Prag,M/Low /Prog/Prag,0.87930947542190552
qwen-vl,Qwen3-VL,caption_similarity,Appendix Figure A1,mean image-conditioned cosine similarity,F/Low /Prog/Anal,M/Low /Prog/Prag,0.88392305374145508
qwen-vl,Qwen3-VL,caption_similarity,Appendix Figure A1,mean image-conditioned cosine similarity,F/Low /Prog/Empa,M/Low /Prog/Prag,0.87929093837738037
qwen-vl,Qwen3-VL,caption_similarity,Appendix Figure A1,mean image-conditioned cosine similarity,F/Low /Prog/Prag,M/Low /Prog/Prag,0.88668924570083618
qwen-vl,Qwen3-VL,caption_similarity,Appendix Figure A1,mean image-conditioned cosine similarity,M/High/Cons/Anal,M/Low /Prog/Prag,0.86296570301055908
qwen-vl,Qwen3-VL,caption_similarity,Appendix Figure A1,mean image-conditioned cosine similarity,M/High/Cons/Empa,M/Low /Prog/Prag,0.86281043291091919
qwen-vl,Qwen3-VL,caption_similarity,Appendix Figure A1,mean image-conditioned cosine similarity,M/High/Cons/Prag,M/Low /Prog/Prag,0.86641430854797363
qwen-vl,Qwen3-VL,caption_similarity,Appendix Figure A1,mean image-conditioned cosine similarity,M/High/Prog/Anal,M/Low /Prog/Prag,0.86178159713745117
qwen-vl,Qwen3-VL,caption_similarity,Appendix Figure A1,mean image-conditioned cosine similarity,M/High/Prog/Empa,M/Low /Prog/Prag,0.85951852798461914
qwen-vl,Qwen3-VL,caption_similarity,Appendix Figure A1,mean image-conditioned cosine similarity,M/High/Prog/Prag,M/Low /Prog/Prag,0.86244529485702515
qwen-vl,Qwen3-VL,caption_similarity,Appendix Figure A1,mean image-conditioned cosine similarity,M/Low /Cons/Anal,M/Low /Prog/Prag,0.87892425060272217
qwen-vl,Qwen3-VL,caption_similarity,Appendix Figure A1,mean image-conditioned cosine similarity,M/Low /Cons/Empa,M/Low /Prog/Prag,0.87774312496185303
qwen-vl,Qwen3-VL,caption_similarity,Appendix Figure A1,mean image-conditioned cosine similarity,M/Low /Cons/Prag,M/Low /Prog/Prag,0.87692892551422119
qwen-vl,Qwen3-VL,caption_similarity,Appendix Figure A1,mean image-conditioned cosine similarity,M/Low /Prog/Anal,M/Low /Prog/Prag,0.887032151222229
qwen-vl,Qwen3-VL,caption_similarity,Appendix Figure A1,mean image-conditioned cosine similarity,M/Low /Prog/Empa,M/Low /Prog/Prag,0.8809359073638916
qwen-vl,Qwen3-VL,caption_similarity,Appendix Figure A1,mean image-conditioned cosine similarity,M/Low /Prog/Prag,M/Low /Prog/Prag,0.89238836526870724
qwen-vl,Qwen3-VL,justification_similarity,Appendix Figure A2,mean image-conditioned cosine similarity,F/High/Cons/Anal,F/High/Cons/Anal,0.65662582635879518
qwen-vl,Qwen3-VL,justification_similarity,Appendix Figure A2,mean image-conditioned cosine similarity,F/High/Cons/Empa,F/High/Cons/Anal,0.60654753446578979
qwen-vl,Qwen3-VL,justification_similarity,Appendix Figure A2,mean image-conditioned cosine similarity,F/High/Cons/Prag,F/High/Cons/Anal,0.61971229314804077
qwen-vl,Qwen3-VL,justification_similarity,Appendix Figure A2,mean image-conditioned cosine similarity,F/High/Prog/Anal,F/High/Cons/Anal,0.60025125741958618
qwen-vl,Qwen3-VL,justification_similarity,Appendix Figure A2,mean image-conditioned cosine similarity,F/High/Prog/Empa,F/High/Cons/Anal,0.56570833921432495
qwen-vl,Qwen3-VL,justification_similarity,Appendix Figure A2,mean image-conditioned cosine similarity,F/High/Prog/Prag,F/High/Cons/Anal,0.60259872674942017
qwen-vl,Qwen3-VL,justification_similarity,Appendix Figure A2,mean image-conditioned cosine similarity,F/Low /Cons/Anal,F/High/Cons/Anal,0.57312262058258057
qwen-vl,Qwen3-VL,justification_similarity,Appendix Figure A2,mean image-conditioned cosine similarity,F/Low /Cons/Empa,F/High/Cons/Anal,0.52334576845169067
qwen-vl,Qwen3-VL,justification_similarity,Appendix Figure A2,mean image-conditioned cosine similarity,F/Low /Cons/Prag,F/High/Cons/Anal,0.48999020457267761
qwen-vl,Qwen3-VL,justification_similarity,Appendix Figure A2,mean image-conditioned cosine similarity,F/Low /Prog/Anal,F/High/Cons/Anal,0.52739405632019043
qwen-vl,Qwen3-VL,justification_similarity,Appendix Figure A2,mean image-conditioned cosine similarity,F/Low /Prog/Empa,F/High/Cons/Anal,0.51715540885925293
qwen-vl,Qwen3-VL,justification_similarity,Appendix Figure A2,mean image-conditioned cosine similarity,F/Low /Prog/Prag,F/High/Cons/Anal,0.51501607894897461
qwen-vl,Qwen3-VL,justification_similarity,Appendix Figure A2,mean image-conditioned cosine similarity,M/High/Cons/Anal,F/High/Cons/Anal,0.64567255973815918
qwen-vl,Qwen3-VL,justification_similarity,Appendix Figure A2,mean image-conditioned cosine similarity,M/High/Cons/Empa,F/High/Cons/Anal,0.61423379182815552
qwen-vl,Qwen3-VL,justification_similarity,Appendix Figure A2,mean image-conditioned cosine similarity,M/High/Cons/Prag,F/High/Cons/Anal,0.61411702632904053
qwen-vl,Qwen3-VL,justification_similarity,Appendix Figure A2,mean image-conditioned cosine similarity,M/High/Prog/Anal,F/High/Cons/Anal,0.59737753868103027
qwen-vl,Qwen3-VL,justification_similarity,Appendix Figure A2,mean image-conditioned cosine similarity,M/High/Prog/Empa,F/High/Cons/Anal,0.57117551565170288
qwen-vl,Qwen3-VL,justification_similarity,Appendix Figure A2,mean image-conditioned cosine similarity,M/High/Prog/Prag,F/High/Cons/Anal,0.60143285989761353
qwen-vl,Qwen3-VL,justification_similarity,Appendix Figure A2,mean image-conditioned cosine similarity,M/Low /Cons/Anal,F/High/Cons/Anal,0.56376123428344727
qwen-vl,Qwen3-VL,justification_similarity,Appendix Figure A2,mean image-conditioned cosine similarity,M/Low /Cons/Empa,F/High/Cons/Anal,0.524871826171875
qwen-vl,Qwen3-VL,justification_similarity,Appendix Figure A2,mean image-conditioned cosine similarity,M/Low /Cons/Prag,F/High/Cons/Anal,0.47529929876327515
qwen-vl,Qwen3-VL,justification_similarity,Appendix Figure A2,mean image-conditioned cosine similarity,M/Low /Prog/Anal,F/High/Cons/Anal,0.52875959873199463
qwen-vl,Qwen3-VL,justification_similarity,Appendix Figure A2,mean image-conditioned cosine similarity,M/Low /Prog/Empa,F/High/Cons/Anal,0.52225208282470703
qwen-vl,Qwen3-VL,justification_similarity,Appendix Figure A2,mean image-conditioned cosine similarity,M/Low /Prog/Prag,F/High/Cons/Anal,0.51347124576568604
qwen-vl,Qwen3-VL,justification_similarity,Appendix Figure A2,mean image-conditioned cosine similarity,F/High/Cons/Anal,F/High/Cons/Empa,0.60654753446578979
qwen-vl,Qwen3-VL,justification_similarity,Appendix Figure A2,mean image-conditioned cosine similarity,F/High/Cons/Empa,F/High/Cons/Empa,0.67206444323062897
qwen-vl,Qwen3-VL,justification_similarity,Appendix Figure A2,mean image-conditioned cosine similarity,F/High/Cons/Prag,F/High/Cons/Empa,0.58795440196990967
qwen-vl,Qwen3-VL,justification_similarity,Appendix Figure A2,mean image-conditioned cosine similarity,F/High/Prog/Anal,F/High/Cons/Empa,0.61097127199172974
qwen-vl,Qwen3-VL,justification_similarity,Appendix Figure A2,mean image-conditioned cosine similarity,F/High/Prog/Empa,F/High/Cons/Empa,0.62198102474212646
qwen-vl,Qwen3-VL,justification_similarity,Appendix Figure A2,mean image-conditioned cosine similarity,F/High/Prog/Prag,F/High/Cons/Empa,0.61159664392471313
qwen-vl,Qwen3-VL,justification_similarity,Appendix Figure A2,mean image-conditioned cosine similarity,F/Low /Cons/Anal,F/High/Cons/Empa,0.56014657020568848
qwen-vl,Qwen3-VL,justification_similarity,Appendix Figure A2,mean image-conditioned cosine similarity,F/Low /Cons/Empa,F/High/Cons/Empa,0.57127642631530762
qwen-vl,Qwen3-VL,justification_similarity,Appendix Figure A2,mean image-conditioned cosine similarity,F/Low /Cons/Prag,F/High/Cons/Empa,0.49493786692619324
qwen-vl,Qwen3-VL,justification_similarity,Appendix Figure A2,mean image-conditioned cosine similarity,F/Low /Prog/Anal,F/High/Cons/Empa,0.53795790672302246
qwen-vl,Qwen3-VL,justification_similarity,Appendix Figure A2,mean image-conditioned cosine similarity,F/Low /Prog/Empa,F/High/Cons/Empa,0.56172609329223633
qwen-vl,Qwen3-VL,justification_similarity,Appendix Figure A2,mean image-conditioned cosine similarity,F/Low /Prog/Prag,F/High/Cons/Empa,0.53050440549850464
qwen-vl,Qwen3-VL,justification_similarity,Appendix Figure A2,mean image-conditioned cosine similarity,M/High/Cons/Anal,F/High/Cons/Empa,0.59358906745910645
qwen-vl,Qwen3-VL,justification_similarity,Appendix Figure A2,mean image-conditioned cosine similarity,M/High/Cons/Empa,F/High/Cons/Empa,0.65480780601501465
qwen-vl,Qwen3-VL,justification_similarity,Appendix Figure A2,mean image-conditioned cosine similarity,M/High/Cons/Prag,F/High/Cons/Empa,0.57308405637741089
qwen-vl,Qwen3-VL,justification_similarity,Appendix Figure A2,mean image-conditioned cosine similarity,M/High/Prog/Anal,F/High/Cons/Empa,0.60659307241439819
qwen-vl,Qwen3-VL,justification_similarity,Appendix Figure A2,mean image-conditioned cosine similarity,M/High/Prog/Empa,F/High/Cons/Empa,0.62086659669876099
qwen-vl,Qwen3-VL,justification_similarity,Appendix Figure A2,mean image-conditioned cosine similarity,M/High/Prog/Prag,F/High/Cons/Empa,0.60532468557357788
qwen-vl,Qwen3-VL,justification_similarity,Appendix Figure A2,mean image-conditioned cosine similarity,M/Low /Cons/Anal,F/High/Cons/Empa,0.54176527261734009
qwen-vl,Qwen3-VL,justification_similarity,Appendix Figure A2,mean image-conditioned cosine similarity,M/Low /Cons/Empa,F/High/Cons/Empa,0.56763380765914917
qwen-vl,Qwen3-VL,justification_similarity,Appendix Figure A2,mean image-conditioned cosine similarity,M/Low /Cons/Prag,F/High/Cons/Empa,0.46954235434532166
qwen-vl,Qwen3-VL,justification_similarity,Appendix Figure A2,mean image-conditioned cosine similarity,M/Low /Prog/Anal,F/High/Cons/Empa,0.53964650630950928
qwen-vl,Qwen3-VL,justification_similarity,Appendix Figure A2,mean image-conditioned cosine similarity,M/Low /Prog/Empa,F/High/Cons/Empa,0.55931234359741211
qwen-vl,Qwen3-VL,justification_similarity,Appendix Figure A2,mean image-conditioned cosine similarity,M/Low /Prog/Prag,F/High/Cons/Empa,0.52396112680435181
qwen-vl,Qwen3-VL,justification_similarity,Appendix Figure A2,mean image-conditioned cosine similarity,F/High/Cons/Anal,F/High/Cons/Prag,0.61971229314804077
qwen-vl,Qwen3-VL,justification_similarity,Appendix Figure A2,mean image-conditioned cosine similarity,F/High/Cons/Empa,F/High/Cons/Prag,0.58795440196990967
qwen-vl,Qwen3-VL,justification_similarity,Appendix Figure A2,mean image-conditioned cosine similarity,F/High/Cons/Prag,F/High/Cons/Prag,0.63775153756141667
qwen-vl,Qwen3-VL,justification_similarity,Appendix Figure A2,mean image-conditioned cosine similarity,F/High/Prog/Anal,F/High/Cons/Prag,0.56493812799453735
qwen-vl,Qwen3-VL,justification_similarity,Appendix Figure A2,mean image-conditioned cosine similarity,F/High/Prog/Empa,F/High/Cons/Prag,0.53967642784118652
qwen-vl,Qwen3-VL,justification_similarity,Appendix Figure A2,mean image-conditioned cosine similarity,F/High/Prog/Prag,F/High/Cons/Prag,0.57905536890029907
qwen-vl,Qwen3-VL,justification_similarity,Appendix Figure A2,mean image-conditioned cosine similarity,F/Low /Cons/Anal,F/High/Cons/Prag,0.58045822381973267
qwen-vl,Qwen3-VL,justification_similarity,Appendix Figure A2,mean image-conditioned cosine similarity,F/Low /Cons/Empa,F/High/Cons/Prag,0.52608799934387207
qwen-vl,Qwen3-VL,justification_similarity,Appendix Figure A2,mean image-conditioned cosine similarity,F/Low /Cons/Prag,F/High/Cons/Prag,0.51361203193664551
qwen-vl,Qwen3-VL,justification_similarity,Appendix Figure A2,mean image-conditioned cosine similarity,F/Low /Prog/Anal,F/High/Cons/Prag,0.51659566164016724
qwen-vl,Qwen3-VL,justification_similarity,Appendix Figure A2,mean image-conditioned cosine similarity,F/Low /Prog/Empa,F/High/Cons/Prag,0.51482206583023071
qwen-vl,Qwen3-VL,justification_similarity,Appendix Figure A2,mean image-conditioned cosine similarity,F/Low /Prog/Prag,F/High/Cons/Prag,0.52177435159683228
qwen-vl,Qwen3-VL,justification_similarity,Appendix Figure A2,mean image-conditioned cosine similarity,M/High/Cons/Anal,F/High/Cons/Prag,0.61730116605758667
qwen-vl,Qwen3-VL,justification_similarity,Appendix Figure A2,mean image-conditioned cosine similarity,M/High/Cons/Empa,F/High/Cons/Prag,0.59155327081680298
qwen-vl,Qwen3-VL,justification_similarity,Appendix Figure A2,mean image-conditioned cosine similarity,M/High/Cons/Prag,F/High/Cons/Prag,0.62386792898178101
qwen-vl,Qwen3-VL,justification_similarity,Appendix Figure A2,mean image-conditioned cosine similarity,M/High/Prog/Anal,F/High/Cons/Prag,0.56098341941833496
qwen-vl,Qwen3-VL,justification_similarity,Appendix Figure A2,mean image-conditioned cosine similarity,M/High/Prog/Empa,F/High/Cons/Prag,0.54630786180496216
qwen-vl,Qwen3-VL,justification_similarity,Appendix Figure A2,mean image-conditioned cosine similarity,M/High/Prog/Prag,F/High/Cons/Prag,0.57890719175338745
qwen-vl,Qwen3-VL,justification_similarity,Appendix Figure A2,mean image-conditioned cosine similarity,M/Low /Cons/Anal,F/High/Cons/Prag,0.56784147024154663
qwen-vl,Qwen3-VL,justification_similarity,Appendix Figure A2,mean image-conditioned cosine similarity,M/Low /Cons/Empa,F/High/Cons/Prag,0.52958768606185913
qwen-vl,Qwen3-VL,justification_similarity,Appendix Figure A2,mean image-conditioned cosine similarity,M/Low /Cons/Prag,F/High/Cons/Prag,0.50208890438079834
qwen-vl,Qwen3-VL,justification_similarity,Appendix Figure A2,mean image-conditioned cosine similarity,M/Low /Prog/Anal,F/High/Cons/Prag,0.51675951480865479
qwen-vl,Qwen3-VL,justification_similarity,Appendix Figure A2,mean image-conditioned cosine similarity,M/Low /Prog/Empa,F/High/Cons/Prag,0.51896768808364868
qwen-vl,Qwen3-VL,justification_similarity,Appendix Figure A2,mean image-conditioned cosine similarity,M/Low /Prog/Prag,F/High/Cons/Prag,0.51954305171966553
qwen-vl,Qwen3-VL,justification_similarity,Appendix Figure A2,mean image-conditioned cosine similarity,F/High/Cons/Anal,F/High/Prog/Anal,0.60025125741958618
qwen-vl,Qwen3-VL,justification_similarity,Appendix Figure A2,mean image-conditioned cosine similarity,F/High/Cons/Empa,F/High/Prog/Anal,0.61097127199172974
qwen-vl,Qwen3-VL,justification_similarity,Appendix Figure A2,mean image-conditioned cosine similarity,F/High/Cons/Prag,F/High/Prog/Anal,0.56493812799453735
qwen-vl,Qwen3-VL,justification_similarity,Appendix Figure A2,mean image-conditioned cosine similarity,F/High/Prog/Anal,F/High/Prog/Anal,0.69972904443740847
qwen-vl,Qwen3-VL,justification_similarity,Appendix Figure A2,mean image-conditioned cosine similarity,F/High/Prog/Empa,F/High/Prog/Anal,0.65891188383102417
qwen-vl,Qwen3-VL,justification_similarity,Appendix Figure A2,mean image-conditioned cosine similarity,F/High/Prog/Prag,F/High/Prog/Anal,0.67511224746704102
qwen-vl,Qwen3-VL,justification_similarity,Appendix Figure A2,mean image-conditioned cosine similarity,F/Low /Cons/Anal,F/High/Prog/Anal,0.53617078065872192
qwen-vl,Qwen3-VL,justification_similarity,Appendix Figure A2,mean image-conditioned cosine similarity,F/Low /Cons/Empa,F/High/Prog/Anal,0.53532135486602783
qwen-vl,Qwen3-VL,justification_similarity,Appendix Figure A2,mean image-conditioned cosine similarity,F/Low /Cons/Prag,F/High/Prog/Anal,0.47320285439491272
qwen-vl,Qwen3-VL,justification_similarity,Appendix Figure A2,mean image-conditioned cosine similarity,F/Low /Prog/Anal,F/High/Prog/Anal,0.58022284507751465
qwen-vl,Qwen3-VL,justification_similarity,Appendix Figure A2,mean image-conditioned cosine similarity,F/Low /Prog/Empa,F/High/Prog/Anal,0.57488358020782471
qwen-vl,Qwen3-VL,justification_similarity,Appendix Figure A2,mean image-conditioned cosine similarity,F/Low /Prog/Prag,F/High/Prog/Anal,0.54869246482849121
qwen-vl,Qwen3-VL,justification_similarity,Appendix Figure A2,mean image-conditioned cosine similarity,M/High/Cons/Anal,F/High/Prog/Anal,0.59614753723144531
qwen-vl,Qwen3-VL,justification_similarity,Appendix Figure A2,mean image-conditioned cosine similarity,M/High/Cons/Empa,F/High/Prog/Anal,0.62167716026306152
qwen-vl,Qwen3-VL,justification_similarity,Appendix Figure A2,mean image-conditioned cosine similarity,M/High/Cons/Prag,F/High/Prog/Anal,0.56464040279388428
qwen-vl,Qwen3-VL,justification_similarity,Appendix Figure A2,mean image-conditioned cosine similarity,M/High/Prog/Anal,F/High/Prog/Anal,0.69024133682250977
qwen-vl,Qwen3-VL,justification_similarity,Appendix Figure A2,mean image-conditioned cosine similarity,M/High/Prog/Empa,F/High/Prog/Anal,0.6667783260345459
qwen-vl,Qwen3-VL,justification_similarity,Appendix Figure A2,mean image-conditioned cosine similarity,M/High/Prog/Prag,F/High/Prog/Anal,0.67008376121520996
qwen-vl,Qwen3-VL,justification_similarity,Appendix Figure A2,mean image-conditioned cosine similarity,M/Low /Cons/Anal,F/High/Prog/Anal,0.5273662805557251
qwen-vl,Qwen3-VL,justification_similarity,Appendix Figure A2,mean image-conditioned cosine similarity,M/Low /Cons/Empa,F/High/Prog/Anal,0.53374725580215454
qwen-vl,Qwen3-VL,justification_similarity,Appendix Figure A2,mean image-conditioned cosine similarity,M/Low /Cons/Prag,F/High/Prog/Anal,0.45162773132324219
qwen-vl,Qwen3-VL,justification_similarity,Appendix Figure A2,mean image-conditioned cosine similarity,M/Low /Prog/Anal,F/High/Prog/Anal,0.58334362506866455
qwen-vl,Qwen3-VL,justification_similarity,Appendix Figure A2,mean image-conditioned cosine similarity,M/Low /Prog/Empa,F/High/Prog/Anal,0.57733780145645142
qwen-vl,Qwen3-VL,justification_similarity,Appendix Figure A2,mean image-conditioned cosine similarity,M/Low /Prog/Prag,F/High/Prog/Anal,0.54349684715270996
qwen-vl,Qwen3-VL,justification_similarity,Appendix Figure A2,mean image-conditioned cosine similarity,F/High/Cons/Anal,F/High/Prog/Empa,0.56570833921432495
qwen-vl,Qwen3-VL,justification_similarity,Appendix Figure A2,mean image-conditioned cosine similarity,F/High/Cons/Empa,F/High/Prog/Empa,0.62198102474212646
qwen-vl,Qwen3-VL,justification_similarity,Appendix Figure A2,mean image-conditioned cosine similarity,F/High/Cons/Prag,F/High/Prog/Empa,0.53967642784118652
qwen-vl,Qwen3-VL,justification_similarity,Appendix Figure A2,mean image-conditioned cosine similarity,F/High/Prog/Anal,F/High/Prog/Empa,0.65891188383102417
qwen-vl,Qwen3-VL,justification_similarity,Appendix Figure A2,mean image-conditioned cosine similarity,F/High/Prog/Empa,F/High/Prog/Empa,0.70097896933555603
qwen-vl,Qwen3-VL,justification_similarity,Appendix Figure A2,mean image-conditioned cosine similarity,F/High/Prog/Prag,F/High/Prog/Empa,0.64618879556655884
qwen-vl,Qwen3-VL,justification_similarity,Appendix Figure A2,mean image-conditioned cosine similarity,F/Low /Cons/Anal,F/High/Prog/Empa,0.51648300886154175
qwen-vl,Qwen3-VL,justification_similarity,Appendix Figure A2,mean image-conditioned cosine similarity,F/Low /Cons/Empa,F/High/Prog/Empa,0.55232536792755127
qwen-vl,Qwen3-VL,justification_similarity,Appendix Figure A2,mean image-conditioned cosine similarity,F/Low /Cons/Prag,F/High/Prog/Empa,0.46202155947685242
qwen-vl,Qwen3-VL,justification_similarity,Appendix Figure A2,mean image-conditioned cosine similarity,F/Low /Prog/Anal,F/High/Prog/Empa,0.56183254718780518
qwen-vl,Qwen3-VL,justification_similarity,Appendix Figure A2,mean image-conditioned cosine similarity,F/Low /Prog/Empa,F/High/Prog/Empa,0.59087675809860229
qwen-vl,Qwen3-VL,justification_similarity,Appendix Figure A2,mean image-conditioned cosine similarity,F/Low /Prog/Prag,F/High/Prog/Empa,0.53850919008255005
qwen-vl,Qwen3-VL,justification_similarity,Appendix Figure A2,mean image-conditioned cosine similarity,M/High/Cons/Anal,F/High/Prog/Empa,0.56053656339645386
qwen-vl,Qwen3-VL,justification_similarity,Appendix Figure A2,mean image-conditioned cosine similarity,M/High/Cons/Empa,F/High/Prog/Empa,0.62518507242202759
qwen-vl,Qwen3-VL,justification_similarity,Appendix Figure A2,mean image-conditioned cosine similarity,M/High/Cons/Prag,F/High/Prog/Empa,0.53476256132125854
qwen-vl,Qwen3-VL,justification_similarity,Appendix Figure A2,mean image-conditioned cosine similarity,M/High/Prog/Anal,F/High/Prog/Empa,0.65195852518081665
qwen-vl,Qwen3-VL,justification_similarity,Appendix Figure A2,mean image-conditioned cosine similarity,M/High/Prog/Empa,F/High/Prog/Empa,0.69102019071578979
qwen-vl,Qwen3-VL,justification_similarity,Appendix Figure A2,mean image-conditioned cosine similarity,M/High/Prog/Prag,F/High/Prog/Empa,0.63618481159210205
qwen-vl,Qwen3-VL,justification_similarity,Appendix Figure A2,mean image-conditioned cosine similarity,M/Low /Cons/Anal,F/High/Prog/Empa,0.50323081016540527
qwen-vl,Qwen3-VL,justification_similarity,Appendix Figure A2,mean image-conditioned cosine similarity,M/Low /Cons/Empa,F/High/Prog/Empa,0.54610782861709595
qwen-vl,Qwen3-VL,justification_similarity,Appendix Figure A2,mean image-conditioned cosine similarity,M/Low /Cons/Prag,F/High/Prog/Empa,0.43630200624465942
qwen-vl,Qwen3-VL,justification_similarity,Appendix Figure A2,mean image-conditioned cosine similarity,M/Low /Prog/Anal,F/High/Prog/Empa,0.56251955032348633
qwen-vl,Qwen3-VL,justification_similarity,Appendix Figure A2,mean image-conditioned cosine similarity,M/Low /Prog/Empa,F/High/Prog/Empa,0.58518391847610474
qwen-vl,Qwen3-VL,justification_similarity,Appendix Figure A2,mean image-conditioned cosine similarity,M/Low /Prog/Prag,F/High/Prog/Empa,0.53086566925048828
qwen-vl,Qwen3-VL,justification_similarity,Appendix Figure A2,mean image-conditioned cosine similarity,F/High/Cons/Anal,F/High/Prog/Prag,0.60259872674942017
qwen-vl,Qwen3-VL,justification_similarity,Appendix Figure A2,mean image-conditioned cosine similarity,F/High/Cons/Empa,F/High/Prog/Prag,0.61159664392471313
qwen-vl,Qwen3-VL,justification_similarity,Appendix Figure A2,mean image-conditioned cosine similarity,F/High/Cons/Prag,F/High/Prog/Prag,0.57905536890029907
qwen-vl,Qwen3-VL,justification_similarity,Appendix Figure A2,mean image-conditioned cosine similarity,F/High/Prog/Anal,F/High/Prog/Prag,0.67511224746704102
qwen-vl,Qwen3-VL,justification_similarity,Appendix Figure A2,mean image-conditioned cosine similarity,F/High/Prog/Empa,F/High/Prog/Prag,0.64618879556655884
qwen-vl,Qwen3-VL,justification_similarity,Appendix Figure A2,mean image-conditioned cosine similarity,F/High/Prog/Prag,F/High/Prog/Prag,0.68668745040893553
qwen-vl,Qwen3-VL,justification_similarity,Appendix Figure A2,mean image-conditioned cosine similarity,F/Low /Cons/Anal,F/High/Prog/Prag,0.54577517509460449
qwen-vl,Qwen3-VL,justification_similarity,Appendix Figure A2,mean image-conditioned cosine similarity,F/Low /Cons/Empa,F/High/Prog/Prag,0.54214304685592651
qwen-vl,Qwen3-VL,justification_similarity,Appendix Figure A2,mean image-conditioned cosine similarity,F/Low /Cons/Prag,F/High/Prog/Prag,0.48909634351730347
qwen-vl,Qwen3-VL,justification_similarity,Appendix Figure A2,mean image-conditioned cosine similarity,F/Low /Prog/Anal,F/High/Prog/Prag,0.57248735427856445
qwen-vl,Qwen3-VL,justification_similarity,Appendix Figure A2,mean image-conditioned cosine similarity,F/Low /Prog/Empa,F/High/Prog/Prag,0.57230556011199951
qwen-vl,Qwen3-VL,justification_similarity,Appendix Figure A2,mean image-conditioned cosine similarity,F/Low /Prog/Prag,F/High/Prog/Prag,0.55660486221313477
qwen-vl,Qwen3-VL,justification_similarity,Appendix Figure A2,mean image-conditioned cosine similarity,M/High/Cons/Anal,F/High/Prog/Prag,0.5991973876953125
qwen-vl,Qwen3-VL,justification_similarity,Appendix Figure A2,mean image-conditioned cosine similarity,M/High/Cons/Empa,F/High/Prog/Prag,0.62410205602645874
qwen-vl,Qwen3-VL,justification_similarity,Appendix Figure A2,mean image-conditioned cosine similarity,M/High/Cons/Prag,F/High/Prog/Prag,0.5799744725227356
qwen-vl,Qwen3-VL,justification_similarity,Appendix Figure A2,mean image-conditioned cosine similarity,M/High/Prog/Anal,F/High/Prog/Prag,0.67315840721130371
qwen-vl,Qwen3-VL,justification_similarity,Appendix Figure A2,mean image-conditioned cosine similarity,M/High/Prog/Empa,F/High/Prog/Prag,0.65414679050445557
qwen-vl,Qwen3-VL,justification_similarity,Appendix Figure A2,mean image-conditioned cosine similarity,M/High/Prog/Prag,F/High/Prog/Prag,0.67900568246841431
qwen-vl,Qwen3-VL,justification_similarity,Appendix Figure A2,mean image-conditioned cosine similarity,M/Low /Cons/Anal,F/High/Prog/Prag,0.53722852468490601
qwen-vl,Qwen3-VL,justification_similarity,Appendix Figure A2,mean image-conditioned cosine similarity,M/Low /Cons/Empa,F/High/Prog/Prag,0.54045581817626953
qwen-vl,Qwen3-VL,justification_similarity,Appendix Figure A2,mean image-conditioned cosine similarity,M/Low /Cons/Prag,F/High/Prog/Prag,0.46758130192756653
qwen-vl,Qwen3-VL,justification_similarity,Appendix Figure A2,mean image-conditioned cosine similarity,M/Low /Prog/Anal,F/High/Prog/Prag,0.57508379220962524
qwen-vl,Qwen3-VL,justification_similarity,Appendix Figure A2,mean image-conditioned cosine similarity,M/Low /Prog/Empa,F/High/Prog/Prag,0.57461637258529663
qwen-vl,Qwen3-VL,justification_similarity,Appendix Figure A2,mean image-conditioned cosine similarity,M/Low /Prog/Prag,F/High/Prog/Prag,0.55114614963531494
qwen-vl,Qwen3-VL,justification_similarity,Appendix Figure A2,mean image-conditioned cosine similarity,F/High/Cons/Anal,F/Low /Cons/Anal,0.57312262058258057
qwen-vl,Qwen3-VL,justification_similarity,Appendix Figure A2,mean image-conditioned cosine similarity,F/High/Cons/Empa,F/Low /Cons/Anal,0.56014657020568848
qwen-vl,Qwen3-VL,justification_similarity,Appendix Figure A2,mean image-conditioned cosine similarity,F/High/Cons/Prag,F/Low /Cons/Anal,0.58045822381973267
qwen-vl,Qwen3-VL,justification_similarity,Appendix Figure A2,mean image-conditioned cosine similarity,F/High/Prog/Anal,F/Low /Cons/Anal,0.53617078065872192
qwen-vl,Qwen3-VL,justification_similarity,Appendix Figure A2,mean image-conditioned cosine similarity,F/High/Prog/Empa,F/Low /Cons/Anal,0.51648300886154175
qwen-vl,Qwen3-VL,justification_similarity,Appendix Figure A2,mean image-conditioned cosine similarity,F/High/Prog/Prag,F/Low /Cons/Anal,0.54577517509460449
qwen-vl,Qwen3-VL,justification_similarity,Appendix Figure A2,mean image-conditioned cosine similarity,F/Low /Cons/Anal,F/Low /Cons/Anal,0.61928994774818424
qwen-vl,Qwen3-VL,justification_similarity,Appendix Figure A2,mean image-conditioned cosine similarity,F/Low /Cons/Empa,F/Low /Cons/Anal,0.56782317161560059
qwen-vl,Qwen3-VL,justification_similarity,Appendix Figure A2,mean image-conditioned cosine similarity,F/Low /Cons/Prag,F/Low /Cons/Anal,0.55952531099319458
qwen-vl,Qwen3-VL,justification_similarity,Appendix Figure A2,mean image-conditioned cosine similarity,F/Low /Prog/Anal,F/Low /Cons/Anal,0.54734402894973755
qwen-vl,Qwen3-VL,justification_similarity,Appendix Figure A2,mean image-conditioned cosine similarity,F/Low /Prog/Empa,F/Low /Cons/Anal,0.54366153478622437
qwen-vl,Qwen3-VL,justification_similarity,Appendix Figure A2,mean image-conditioned cosine similarity,F/Low /Prog/Prag,F/Low /Cons/Anal,0.55877840518951416
qwen-vl,Qwen3-VL,justification_similarity,Appendix Figure A2,mean image-conditioned cosine similarity,M/High/Cons/Anal,F/Low /Cons/Anal,0.56925475597381592
qwen-vl,Qwen3-VL,justification_similarity,Appendix Figure A2,mean image-conditioned cosine similarity,M/High/Cons/Empa,F/Low /Cons/Anal,0.55937260389328003
qwen-vl,Qwen3-VL,justification_similarity,Appendix Figure A2,mean image-conditioned cosine similarity,M/High/Cons/Prag,F/Low /Cons/Anal,0.57577419281005859
qwen-vl,Qwen3-VL,justification_similarity,Appendix Figure A2,mean image-conditioned cosine similarity,M/High/Prog/Anal,F/Low /Cons/Anal,0.53206640481948853
qwen-vl,Qwen3-VL,justification_similarity,Appendix Figure A2,mean image-conditioned cosine similarity,M/High/Prog/Empa,F/Low /Cons/Anal,0.5237964391708374
qwen-vl,Qwen3-VL,justification_similarity,Appendix Figure A2,mean image-conditioned cosine similarity,M/High/Prog/Prag,F/Low /Cons/Anal,0.54509276151657104
qwen-vl,Qwen3-VL,justification_similarity,Appendix Figure A2,mean image-conditioned cosine similarity,M/Low /Cons/Anal,F/Low /Cons/Anal,0.60672664642333984
qwen-vl,Qwen3-VL,justification_similarity,Appendix Figure A2,mean image-conditioned cosine similarity,M/Low /Cons/Empa,F/Low /Cons/Anal,0.56908655166625977
qwen-vl,Qwen3-VL,justification_similarity,Appendix Figure A2,mean image-conditioned cosine similarity,M/Low /Cons/Prag,F/Low /Cons/Anal,0.54672372341156006
qwen-vl,Qwen3-VL,justification_similarity,Appendix Figure A2,mean image-conditioned cosine similarity,M/Low /Prog/Anal,F/Low /Cons/Anal,0.54738402366638184
qwen-vl,Qwen3-VL,justification_similarity,Appendix Figure A2,mean image-conditioned cosine similarity,M/Low /Prog/Empa,F/Low /Cons/Anal,0.54673105478286743
qwen-vl,Qwen3-VL,justification_similarity,Appendix Figure A2,mean image-conditioned cosine similarity,M/Low /Prog/Prag,F/Low /Cons/Anal,0.55842441320419312
qwen-vl,Qwen3-VL,justification_similarity,Appendix Figure A2,mean image-conditioned cosine similarity,F/High/Cons/Anal,F/Low /Cons/Empa,0.52334576845169067
qwen-vl,Qwen3-VL,justification_similarity,Appendix Figure A2,mean image-conditioned cosine similarity,F/High/Cons/Empa,F/Low /Cons/Empa,0.57127642631530762
qwen-vl,Qwen3-VL,justification_similarity,Appendix Figure A2,mean image-conditioned cosine similarity,F/High/Cons/Prag,F/Low /Cons/Empa,0.52608799934387207
qwen-vl,Qwen3-VL,justification_similarity,Appendix Figure A2,mean image-conditioned cosine similarity,F/High/Prog/Anal,F/Low /Cons/Empa,0.53532135486602783
qwen-vl,Qwen3-VL,justification_similarity,Appendix Figure A2,mean image-conditioned cosine similarity,F/High/Prog/Empa,F/Low /Cons/Empa,0.55232536792755127
qwen-vl,Qwen3-VL,justification_similarity,Appendix Figure A2,mean image-conditioned cosine similarity,F/High/Prog/Prag,F/Low /Cons/Empa,0.54214304685592651
qwen-vl,Qwen3-VL,justification_similarity,Appendix Figure A2,mean image-conditioned cosine similarity,F/Low /Cons/Anal,F/Low /Cons/Empa,0.56782317161560059
qwen-vl,Qwen3-VL,justification_similarity,Appendix Figure A2,mean image-conditioned cosine similarity,F/Low /Cons/Empa,F/Low /Cons/Empa,0.63531680464744567
qwen-vl,Qwen3-VL,justification_similarity,Appendix Figure A2,mean image-conditioned cosine similarity,F/Low /Cons/Prag,F/Low /Cons/Empa,0.54784774780273438
qwen-vl,Qwen3-VL,justification_similarity,Appendix Figure A2,mean image-conditioned cosine similarity,F/Low /Prog/Anal,F/Low /Cons/Empa,0.545876145362854
qwen-vl,Qwen3-VL,justification_similarity,Appendix Figure A2,mean image-conditioned cosine similarity,F/Low /Prog/Empa,F/Low /Cons/Empa,0.5874972939491272
qwen-vl,Qwen3-VL,justification_similarity,Appendix Figure A2,mean image-conditioned cosine similarity,F/Low /Prog/Prag,F/Low /Cons/Empa,0.57042527198791504
qwen-vl,Qwen3-VL,justification_similarity,Appendix Figure A2,mean image-conditioned cosine similarity,M/High/Cons/Anal,F/Low /Cons/Empa,0.51656538248062134
qwen-vl,Qwen3-VL,justification_similarity,Appendix Figure A2,mean image-conditioned cosine similarity,M/High/Cons/Empa,F/Low /Cons/Empa,0.56178158521652222
qwen-vl,Qwen3-VL,justification_similarity,Appendix Figure A2,mean image-conditioned cosine similarity,M/High/Cons/Prag,F/Low /Cons/Empa,0.51962804794311523
qwen-vl,Qwen3-VL,justification_similarity,Appendix Figure A2,mean image-conditioned cosine similarity,M/High/Prog/Anal,F/Low /Cons/Empa,0.53140133619308472
qwen-vl,Qwen3-VL,justification_similarity,Appendix Figure A2,mean image-conditioned cosine similarity,M/High/Prog/Empa,F/Low /Cons/Empa,0.55042201280593872
qwen-vl,Qwen3-VL,justification_similarity,Appendix Figure A2,mean image-conditioned cosine similarity,M/High/Prog/Prag,F/Low /Cons/Empa,0.53684878349304199
qwen-vl,Qwen3-VL,justification_similarity,Appendix Figure A2,mean image-conditioned cosine similarity,M/Low /Cons/Anal,F/Low /Cons/Empa,0.55299264192581177
qwen-vl,Qwen3-VL,justification_similarity,Appendix Figure A2,mean image-conditioned cosine similarity,M/Low /Cons/Empa,F/Low /Cons/Empa,0.61739510297775269
qwen-vl,Qwen3-VL,justification_similarity,Appendix Figure A2,mean image-conditioned cosine similarity,M/Low /Cons/Prag,F/Low /Cons/Empa,0.51799750328063965
qwen-vl,Qwen3-VL,justification_similarity,Appendix Figure A2,mean image-conditioned cosine similarity,M/Low /Prog/Anal,F/Low /Cons/Empa,0.54680180549621582
qwen-vl,Qwen3-VL,justification_similarity,Appendix Figure A2,mean image-conditioned cosine similarity,M/Low /Prog/Empa,F/Low /Cons/Empa,0.58000248670578003
qwen-vl,Qwen3-VL,justification_similarity,Appendix Figure A2,mean image-conditioned cosine similarity,M/Low /Prog/Prag,F/Low /Cons/Empa,0.5623164176940918
qwen-vl,Qwen3-VL,justification_similarity,Appendix Figure A2,mean image-conditioned cosine similarity,F/High/Cons/Anal,F/Low /Cons/Prag,0.48999020457267761
qwen-vl,Qwen3-VL,justification_similarity,Appendix Figure A2,mean image-conditioned cosine similarity,F/High/Cons/Empa,F/Low /Cons/Prag,0.49493786692619324
qwen-vl,Qwen3-VL,justification_similarity,Appendix Figure A2,mean image-conditioned cosine similarity,F/High/Cons/Prag,F/Low /Cons/Prag,0.51361203193664551
qwen-vl,Qwen3-VL,justification_similarity,Appendix Figure A2,mean image-conditioned cosine similarity,F/High/Prog/Anal,F/Low /Cons/Prag,0.47320285439491272
qwen-vl,Qwen3-VL,justification_similarity,Appendix Figure A2,mean image-conditioned cosine similarity,F/High/Prog/Empa,F/Low /Cons/Prag,0.46202155947685242
qwen-vl,Qwen3-VL,justification_similarity,Appendix Figure A2,mean image-conditioned cosine similarity,F/High/Prog/Prag,F/Low /Cons/Prag,0.48909634351730347
qwen-vl,Qwen3-VL,justification_similarity,Appendix Figure A2,mean image-conditioned cosine similarity,F/Low /Cons/Anal,F/Low /Cons/Prag,0.55952531099319458
qwen-vl,Qwen3-VL,justification_similarity,Appendix Figure A2,mean image-conditioned cosine similarity,F/Low /Cons/Empa,F/Low /Cons/Prag,0.54784774780273438
qwen-vl,Qwen3-VL,justification_similarity,Appendix Figure A2,mean image-conditioned cosine similarity,F/Low /Cons/Prag,F/Low /Cons/Prag,0.59672196924686427
qwen-vl,Qwen3-VL,justification_similarity,Appendix Figure A2,mean image-conditioned cosine similarity,F/Low /Prog/Anal,F/Low /Cons/Prag,0.49386274814605713
qwen-vl,Qwen3-VL,justification_similarity,Appendix Figure A2,mean image-conditioned cosine similarity,F/Low /Prog/Empa,F/Low /Cons/Prag,0.50629240274429321
qwen-vl,Qwen3-VL,justification_similarity,Appendix Figure A2,mean image-conditioned cosine similarity,F/Low /Prog/Prag,F/Low /Cons/Prag,0.53491407632827759
qwen-vl,Qwen3-VL,justification_similarity,Appendix Figure A2,mean image-conditioned cosine similarity,M/High/Cons/Anal,F/Low /Cons/Prag,0.48762074112892151
qwen-vl,Qwen3-VL,justification_similarity,Appendix Figure A2,mean image-conditioned cosine similarity,M/High/Cons/Empa,F/Low /Cons/Prag,0.48957964777946472
qwen-vl,Qwen3-VL,justification_similarity,Appendix Figure A2,mean image-conditioned cosine similarity,M/High/Cons/Prag,F/Low /Cons/Prag,0.51113861799240112
qwen-vl,Qwen3-VL,justification_similarity,Appendix Figure A2,mean image-conditioned cosine similarity,M/High/Prog/Anal,F/Low /Cons/Prag,0.47058197855949402
qwen-vl,Qwen3-VL,justification_similarity,Appendix Figure A2,mean image-conditioned cosine similarity,M/High/Prog/Empa,F/Low /Cons/Prag,0.46766772866249084
qwen-vl,Qwen3-VL,justification_similarity,Appendix Figure A2,mean image-conditioned cosine similarity,M/High/Prog/Prag,F/Low /Cons/Prag,0.48823040723800659
qwen-vl,Qwen3-VL,justification_similarity,Appendix Figure A2,mean image-conditioned cosine similarity,M/Low /Cons/Anal,F/Low /Cons/Prag,0.55502843856811523
qwen-vl,Qwen3-VL,justification_similarity,Appendix Figure A2,mean image-conditioned cosine similarity,M/Low /Cons/Empa,F/Low /Cons/Prag,0.54259103536605835
qwen-vl,Qwen3-VL,justification_similarity,Appendix Figure A2,mean image-conditioned cosine similarity,M/Low /Cons/Prag,F/Low /Cons/Prag,0.58030432462692261
qwen-vl,Qwen3-VL,justification_similarity,Appendix Figure A2,mean image-conditioned cosine similarity,M/Low /Prog/Anal,F/Low /Cons/Prag,0.49514949321746826
qwen-vl,Qwen3-VL,justification_similarity,Appendix Figure A2,mean image-conditioned cosine similarity,M/Low /Prog/Empa,F/Low /Cons/Prag,0.50754237174987793
qwen-vl,Qwen3-VL,justification_similarity,Appendix Figure A2,mean image-conditioned cosine similarity,M/Low /Prog/Prag,F/Low /Cons/Prag,0.53372788429260254
qwen-vl,Qwen3-VL,justification_similarity,Appendix Figure A2,mean image-conditioned cosine similarity,F/High/Cons/Anal,F/Low /Prog/Anal,0.52739405632019043
qwen-vl,Qwen3-VL,justification_similarity,Appendix Figure A2,mean image-conditioned cosine similarity,F/High/Cons/Empa,F/Low /Prog/Anal,0.53795790672302246
qwen-vl,Qwen3-VL,justification_similarity,Appendix Figure A2,mean image-conditioned cosine similarity,F/High/Cons/Prag,F/Low /Prog/Anal,0.51659566164016724
qwen-vl,Qwen3-VL,justification_similarity,Appendix Figure A2,mean image-conditioned cosine similarity,F/High/Prog/Anal,F/Low /Prog/Anal,0.58022284507751465
qwen-vl,Qwen3-VL,justification_similarity,Appendix Figure A2,mean image-conditioned cosine similarity,F/High/Prog/Empa,F/Low /Prog/Anal,0.56183254718780518
qwen-vl,Qwen3-VL,justification_similarity,Appendix Figure A2,mean image-conditioned cosine similarity,F/High/Prog/Prag,F/Low /Prog/Anal,0.57248735427856445
qwen-vl,Qwen3-VL,justification_similarity,Appendix Figure A2,mean image-conditioned cosine similarity,F/Low /Cons/Anal,F/Low /Prog/Anal,0.54734402894973755
qwen-vl,Qwen3-VL,justification_similarity,Appendix Figure A2,mean image-conditioned cosine similarity,F/Low /Cons/Empa,F/Low /Prog/Anal,0.545876145362854
qwen-vl,Qwen3-VL,justification_similarity,Appendix Figure A2,mean image-conditioned cosine similarity,F/Low /Cons/Prag,F/Low /Prog/Anal,0.49386274814605713
qwen-vl,Qwen3-VL,justification_similarity,Appendix Figure A2,mean image-conditioned cosine similarity,F/Low /Prog/Anal,F/Low /Prog/Anal,0.68612247586250308
qwen-vl,Qwen3-VL,justification_similarity,Appendix Figure A2,mean image-conditioned cosine similarity,F/Low /Prog/Empa,F/Low /Prog/Anal,0.64478462934494019
qwen-vl,Qwen3-VL,justification_similarity,Appendix Figure A2,mean image-conditioned cosine similarity,F/Low /Prog/Prag,F/Low /Prog/Anal,0.63223153352737427
qwen-vl,Qwen3-VL,justification_similarity,Appendix Figure A2,mean image-conditioned cosine similarity,M/High/Cons/Anal,F/Low /Prog/Anal,0.52682077884674072
qwen-vl,Qwen3-VL,justification_similarity,Appendix Figure A2,mean image-conditioned cosine similarity,M/High/Cons/Empa,F/Low /Prog/Anal,0.53985685110092163
qwen-vl,Qwen3-VL,justification_similarity,Appendix Figure A2,mean image-conditioned cosine similarity,M/High/Cons/Prag,F/Low /Prog/Anal,0.5164341926574707
qwen-vl,Qwen3-VL,justification_similarity,Appendix Figure A2,mean image-conditioned cosine similarity,M/High/Prog/Anal,F/Low /Prog/Anal,0.56964486837387085
qwen-vl,Qwen3-VL,justification_similarity,Appendix Figure A2,mean image-conditioned cosine similarity,M/High/Prog/Empa,F/Low /Prog/Anal,0.5723496675491333
qwen-vl,Qwen3-VL,justification_similarity,Appendix Figure A2,mean image-conditioned cosine similarity,M/High/Prog/Prag,F/Low /Prog/Anal,0.56390196084976196
qwen-vl,Qwen3-VL,justification_similarity,Appendix Figure A2,mean image-conditioned cosine similarity,M/Low /Cons/Anal,F/Low /Prog/Anal,0.55034011602401733
qwen-vl,Qwen3-VL,justification_similarity,Appendix Figure A2,mean image-conditioned cosine similarity,M/Low /Cons/Empa,F/Low /Prog/Anal,0.54490381479263306
qwen-vl,Qwen3-VL,justification_similarity,Appendix Figure A2,mean image-conditioned cosine similarity,M/Low /Cons/Prag,F/Low /Prog/Anal,0.48125568032264709
qwen-vl,Qwen3-VL,justification_similarity,Appendix Figure A2,mean image-conditioned cosine similarity,M/Low /Prog/Anal,F/Low /Prog/Anal,0.67606687545776367
qwen-vl,Qwen3-VL,justification_similarity,Appendix Figure A2,mean image-conditioned cosine similarity,M/Low /Prog/Empa,F/Low /Prog/Anal,0.65011757612228394
qwen-vl,Qwen3-VL,justification_similarity,Appendix Figure A2,mean image-conditioned cosine similarity,M/Low /Prog/Prag,F/Low /Prog/Anal,0.62457937002182007
qwen-vl,Qwen3-VL,justification_similarity,Appendix Figure A2,mean image-conditioned cosine similarity,F/High/Cons/Anal,F/Low /Prog/Empa,0.51715540885925293
qwen-vl,Qwen3-VL,justification_similarity,Appendix Figure A2,mean image-conditioned cosine similarity,F/High/Cons/Empa,F/Low /Prog/Empa,0.56172609329223633
qwen-vl,Qwen3-VL,justification_similarity,Appendix Figure A2,mean image-conditioned cosine similarity,F/High/Cons/Prag,F/Low /Prog/Empa,0.51482206583023071
qwen-vl,Qwen3-VL,justification_similarity,Appendix Figure A2,mean image-conditioned cosine similarity,F/High/Prog/Anal,F/Low /Prog/Empa,0.57488358020782471
qwen-vl,Qwen3-VL,justification_similarity,Appendix Figure A2,mean image-conditioned cosine similarity,F/High/Prog/Empa,F/Low /Prog/Empa,0.59087675809860229
qwen-vl,Qwen3-VL,justification_similarity,Appendix Figure A2,mean image-conditioned cosine similarity,F/High/Prog/Prag,F/Low /Prog/Empa,0.57230556011199951
qwen-vl,Qwen3-VL,justification_similarity,Appendix Figure A2,mean image-conditioned cosine similarity,F/Low /Cons/Anal,F/Low /Prog/Empa,0.54366153478622437
qwen-vl,Qwen3-VL,justification_similarity,Appendix Figure A2,mean image-conditioned cosine similarity,F/Low /Cons/Empa,F/Low /Prog/Empa,0.5874972939491272
qwen-vl,Qwen3-VL,justification_similarity,Appendix Figure A2,mean image-conditioned cosine similarity,F/Low /Cons/Prag,F/Low /Prog/Empa,0.50629240274429321
qwen-vl,Qwen3-VL,justification_similarity,Appendix Figure A2,mean image-conditioned cosine similarity,F/Low /Prog/Anal,F/Low /Prog/Empa,0.64478462934494019
qwen-vl,Qwen3-VL,justification_similarity,Appendix Figure A2,mean image-conditioned cosine similarity,F/Low /Prog/Empa,F/Low /Prog/Empa,0.67472300767898563
qwen-vl,Qwen3-VL,justification_similarity,Appendix Figure A2,mean image-conditioned cosine similarity,F/Low /Prog/Prag,F/Low /Prog/Empa,0.62939310073852539
qwen-vl,Qwen3-VL,justification_similarity,Appendix Figure A2,mean image-conditioned cosine similarity,M/High/Cons/Anal,F/Low /Prog/Empa,0.51347970962524414
qwen-vl,Qwen3-VL,justification_similarity,Appendix Figure A2,mean image-conditioned cosine similarity,M/High/Cons/Empa,F/Low /Prog/Empa,0.55539214611053467
qwen-vl,Qwen3-VL,justification_similarity,Appendix Figure A2,mean image-conditioned cosine similarity,M/High/Cons/Prag,F/Low /Prog/Empa,0.51174819469451904
qwen-vl,Qwen3-VL,justification_similarity,Appendix Figure A2,mean image-conditioned cosine similarity,M/High/Prog/Anal,F/Low /Prog/Empa,0.56650376319885254
qwen-vl,Qwen3-VL,justification_similarity,Appendix Figure A2,mean image-conditioned cosine similarity,M/High/Prog/Empa,F/Low /Prog/Empa,0.59273141622543335
qwen-vl,Qwen3-VL,justification_similarity,Appendix Figure A2,mean image-conditioned cosine similarity,M/High/Prog/Prag,F/Low /Prog/Empa,0.56215649843215942
qwen-vl,Qwen3-VL,justification_similarity,Appendix Figure A2,mean image-conditioned cosine similarity,M/Low /Cons/Anal,F/Low /Prog/Empa,0.54057526588439941
qwen-vl,Qwen3-VL,justification_similarity,Appendix Figure A2,mean image-conditioned cosine similarity,M/Low /Cons/Empa,F/Low /Prog/Empa,0.581939697265625
qwen-vl,Qwen3-VL,justification_similarity,Appendix Figure A2,mean image-conditioned cosine similarity,M/Low /Cons/Prag,F/Low /Prog/Empa,0.48544001579284668
qwen-vl,Qwen3-VL,justification_similarity,Appendix Figure A2,mean image-conditioned cosine similarity,M/Low /Prog/Anal,F/Low /Prog/Empa,0.64078879356384277
qwen-vl,Qwen3-VL,justification_similarity,Appendix Figure A2,mean image-conditioned cosine similarity,M/Low /Prog/Empa,F/Low /Prog/Empa,0.6693992018699646
qwen-vl,Qwen3-VL,justification_similarity,Appendix Figure A2,mean image-conditioned cosine similarity,M/Low /Prog/Prag,F/Low /Prog/Empa,0.61574816703796387
qwen-vl,Qwen3-VL,justification_similarity,Appendix Figure A2,mean image-conditioned cosine similarity,F/High/Cons/Anal,F/Low /Prog/Prag,0.51501607894897461
qwen-vl,Qwen3-VL,justification_similarity,Appendix Figure A2,mean image-conditioned cosine similarity,F/High/Cons/Empa,F/Low /Prog/Prag,0.53050440549850464
qwen-vl,Qwen3-VL,justification_similarity,Appendix Figure A2,mean image-conditioned cosine similarity,F/High/Cons/Prag,F/Low /Prog/Prag,0.52177435159683228
qwen-vl,Qwen3-VL,justification_similarity,Appendix Figure A2,mean image-conditioned cosine similarity,F/High/Prog/Anal,F/Low /Prog/Prag,0.54869246482849121
qwen-vl,Qwen3-VL,justification_similarity,Appendix Figure A2,mean image-conditioned cosine similarity,F/High/Prog/Empa,F/Low /Prog/Prag,0.53850919008255005
qwen-vl,Qwen3-VL,justification_similarity,Appendix Figure A2,mean image-conditioned cosine similarity,F/High/Prog/Prag,F/Low /Prog/Prag,0.55660486221313477
qwen-vl,Qwen3-VL,justification_similarity,Appendix Figure A2,mean image-conditioned cosine similarity,F/Low /Cons/Anal,F/Low /Prog/Prag,0.55877840518951416
qwen-vl,Qwen3-VL,justification_similarity,Appendix Figure A2,mean image-conditioned cosine similarity,F/Low /Cons/Empa,F/Low /Prog/Prag,0.57042527198791504
qwen-vl,Qwen3-VL,justification_similarity,Appendix Figure A2,mean image-conditioned cosine similarity,F/Low /Cons/Prag,F/Low /Prog/Prag,0.53491407632827759
qwen-vl,Qwen3-VL,justification_similarity,Appendix Figure A2,mean image-conditioned cosine similarity,F/Low /Prog/Anal,F/Low /Prog/Prag,0.63223153352737427
qwen-vl,Qwen3-VL,justification_similarity,Appendix Figure A2,mean image-conditioned cosine similarity,F/Low /Prog/Empa,F/Low /Prog/Prag,0.62939310073852539
qwen-vl,Qwen3-VL,justification_similarity,Appendix Figure A2,mean image-conditioned cosine similarity,F/Low /Prog/Prag,F/Low /Prog/Prag,0.64818464636802675
qwen-vl,Qwen3-VL,justification_similarity,Appendix Figure A2,mean image-conditioned cosine similarity,M/High/Cons/Anal,F/Low /Prog/Prag,0.51394033432006836
qwen-vl,Qwen3-VL,justification_similarity,Appendix Figure A2,mean image-conditioned cosine similarity,M/High/Cons/Empa,F/Low /Prog/Prag,0.53001534938812256
qwen-vl,Qwen3-VL,justification_similarity,Appendix Figure A2,mean image-conditioned cosine similarity,M/High/Cons/Prag,F/Low /Prog/Prag,0.5216032862663269
qwen-vl,Qwen3-VL,justification_similarity,Appendix Figure A2,mean image-conditioned cosine similarity,M/High/Prog/Anal,F/Low /Prog/Prag,0.54220426082611084
qwen-vl,Qwen3-VL,justification_similarity,Appendix Figure A2,mean image-conditioned cosine similarity,M/High/Prog/Empa,F/Low /Prog/Prag,0.54578936100006104
qwen-vl,Qwen3-VL,justification_similarity,Appendix Figure A2,mean image-conditioned cosine similarity,M/High/Prog/Prag,F/Low /Prog/Prag,0.5508994460105896
qwen-vl,Qwen3-VL,justification_similarity,Appendix Figure A2,mean image-conditioned cosine similarity,M/Low /Cons/Anal,F/Low /Prog/Prag,0.55914056301116943
qwen-vl,Qwen3-VL,justification_similarity,Appendix Figure A2,mean image-conditioned cosine similarity,M/Low /Cons/Empa,F/Low /Prog/Prag,0.56626760959625244
qwen-vl,Qwen3-VL,justification_similarity,Appendix Figure A2,mean image-conditioned cosine similarity,M/Low /Cons/Prag,F/Low /Prog/Prag,0.51879745721817017
qwen-vl,Qwen3-VL,justification_similarity,Appendix Figure A2,mean image-conditioned cosine similarity,M/Low /Prog/Anal,F/Low /Prog/Prag,0.62857651710510254
qwen-vl,Qwen3-VL,justification_similarity,Appendix Figure A2,mean image-conditioned cosine similarity,M/Low /Prog/Empa,F/Low /Prog/Prag,0.63086074590682983
qwen-vl,Qwen3-VL,justification_similarity,Appendix Figure A2,mean image-conditioned cosine similarity,M/Low /Prog/Prag,F/Low /Prog/Prag,0.63507145643234253
qwen-vl,Qwen3-VL,justification_similarity,Appendix Figure A2,mean image-conditioned cosine similarity,F/High/Cons/Anal,M/High/Cons/Anal,0.64567255973815918
qwen-vl,Qwen3-VL,justification_similarity,Appendix Figure A2,mean image-conditioned cosine similarity,F/High/Cons/Empa,M/High/Cons/Anal,0.59358906745910645
qwen-vl,Qwen3-VL,justification_similarity,Appendix Figure A2,mean image-conditioned cosine similarity,F/High/Cons/Prag,M/High/Cons/Anal,0.61730116605758667
qwen-vl,Qwen3-VL,justification_similarity,Appendix Figure A2,mean image-conditioned cosine similarity,F/High/Prog/Anal,M/High/Cons/Anal,0.59614753723144531
qwen-vl,Qwen3-VL,justification_similarity,Appendix Figure A2,mean image-conditioned cosine similarity,F/High/Prog/Empa,M/High/Cons/Anal,0.56053656339645386
qwen-vl,Qwen3-VL,justification_similarity,Appendix Figure A2,mean image-conditioned cosine similarity,F/High/Prog/Prag,M/High/Cons/Anal,0.5991973876953125
qwen-vl,Qwen3-VL,justification_similarity,Appendix Figure A2,mean image-conditioned cosine similarity,F/Low /Cons/Anal,M/High/Cons/Anal,0.56925475597381592
qwen-vl,Qwen3-VL,justification_similarity,Appendix Figure A2,mean image-conditioned cosine similarity,F/Low /Cons/Empa,M/High/Cons/Anal,0.51656538248062134
qwen-vl,Qwen3-VL,justification_similarity,Appendix Figure A2,mean image-conditioned cosine similarity,F/Low /Cons/Prag,M/High/Cons/Anal,0.48762074112892151
qwen-vl,Qwen3-VL,justification_similarity,Appendix Figure A2,mean image-conditioned cosine similarity,F/Low /Prog/Anal,M/High/Cons/Anal,0.52682077884674072
qwen-vl,Qwen3-VL,justification_similarity,Appendix Figure A2,mean image-conditioned cosine similarity,F/Low /Prog/Empa,M/High/Cons/Anal,0.51347970962524414
qwen-vl,Qwen3-VL,justification_similarity,Appendix Figure A2,mean image-conditioned cosine similarity,F/Low /Prog/Prag,M/High/Cons/Anal,0.51394033432006836
qwen-vl,Qwen3-VL,justification_similarity,Appendix Figure A2,mean image-conditioned cosine similarity,M/High/Cons/Anal,M/High/Cons/Anal,0.66004487633705144
qwen-vl,Qwen3-VL,justification_similarity,Appendix Figure A2,mean image-conditioned cosine similarity,M/High/Cons/Empa,M/High/Cons/Anal,0.60743498802185059
qwen-vl,Qwen3-VL,justification_similarity,Appendix Figure A2,mean image-conditioned cosine similarity,M/High/Cons/Prag,M/High/Cons/Anal,0.61990261077880859
qwen-vl,Qwen3-VL,justification_similarity,Appendix Figure A2,mean image-conditioned cosine similarity,M/High/Prog/Anal,M/High/Cons/Anal,0.59637892246246338
qwen-vl,Qwen3-VL,justification_similarity,Appendix Figure A2,mean image-conditioned cosine similarity,M/High/Prog/Empa,M/High/Cons/Anal,0.56781929731369019
qwen-vl,Qwen3-VL,justification_similarity,Appendix Figure A2,mean image-conditioned cosine similarity,M/High/Prog/Prag,M/High/Cons/Anal,0.60265612602233887
qwen-vl,Qwen3-VL,justification_similarity,Appendix Figure A2,mean image-conditioned cosine similarity,M/Low /Cons/Anal,M/High/Cons/Anal,0.56440222263336182
qwen-vl,Qwen3-VL,justification_similarity,Appendix Figure A2,mean image-conditioned cosine similarity,M/Low /Cons/Empa,M/High/Cons/Anal,0.52070051431655884
qwen-vl,Qwen3-VL,justification_similarity,Appendix Figure A2,mean image-conditioned cosine similarity,M/Low /Cons/Prag,M/High/Cons/Anal,0.47740226984024048
qwen-vl,Qwen3-VL,justification_similarity,Appendix Figure A2,mean image-conditioned cosine similarity,M/Low /Prog/Anal,M/High/Cons/Anal,0.52847820520401001
qwen-vl,Qwen3-VL,justification_similarity,Appendix Figure A2,mean image-conditioned cosine similarity,M/Low /Prog/Empa,M/High/Cons/Anal,0.5202212929725647
qwen-vl,Qwen3-VL,justification_similarity,Appendix Figure A2,mean image-conditioned cosine similarity,M/Low /Prog/Prag,M/High/Cons/Anal,0.51489251852035522
qwen-vl,Qwen3-VL,justification_similarity,Appendix Figure A2,mean image-conditioned cosine similarity,F/High/Cons/Anal,M/High/Cons/Empa,0.61423379182815552
qwen-vl,Qwen3-VL,justification_similarity,Appendix Figure A2,mean image-conditioned cosine similarity,F/High/Cons/Empa,M/High/Cons/Empa,0.65480780601501465
qwen-vl,Qwen3-VL,justification_similarity,Appendix Figure A2,mean image-conditioned cosine similarity,F/High/Cons/Prag,M/High/Cons/Empa,0.59155327081680298
qwen-vl,Qwen3-VL,justification_similarity,Appendix Figure A2,mean image-conditioned cosine similarity,F/High/Prog/Anal,M/High/Cons/Empa,0.62167716026306152
qwen-vl,Qwen3-VL,justification_similarity,Appendix Figure A2,mean image-conditioned cosine similarity,F/High/Prog/Empa,M/High/Cons/Empa,0.62518507242202759
qwen-vl,Qwen3-VL,justification_similarity,Appendix Figure A2,mean image-conditioned cosine similarity,F/High/Prog/Prag,M/High/Cons/Empa,0.62410205602645874
qwen-vl,Qwen3-VL,justification_similarity,Appendix Figure A2,mean image-conditioned cosine similarity,F/Low /Cons/Anal,M/High/Cons/Empa,0.55937260389328003
qwen-vl,Qwen3-VL,justification_similarity,Appendix Figure A2,mean image-conditioned cosine similarity,F/Low /Cons/Empa,M/High/Cons/Empa,0.56178158521652222
qwen-vl,Qwen3-VL,justification_similarity,Appendix Figure A2,mean image-conditioned cosine similarity,F/Low /Cons/Prag,M/High/Cons/Empa,0.48957964777946472
qwen-vl,Qwen3-VL,justification_similarity,Appendix Figure A2,mean image-conditioned cosine similarity,F/Low /Prog/Anal,M/High/Cons/Empa,0.53985685110092163
qwen-vl,Qwen3-VL,justification_similarity,Appendix Figure A2,mean image-conditioned cosine similarity,F/Low /Prog/Empa,M/High/Cons/Empa,0.55539214611053467
qwen-vl,Qwen3-VL,justification_similarity,Appendix Figure A2,mean image-conditioned cosine similarity,F/Low /Prog/Prag,M/High/Cons/Empa,0.53001534938812256
qwen-vl,Qwen3-VL,justification_similarity,Appendix Figure A2,mean image-conditioned cosine similarity,M/High/Cons/Anal,M/High/Cons/Empa,0.60743498802185059
qwen-vl,Qwen3-VL,justification_similarity,Appendix Figure A2,mean image-conditioned cosine similarity,M/High/Cons/Empa,M/High/Cons/Empa,0.66466527402400966
qwen-vl,Qwen3-VL,justification_similarity,Appendix Figure A2,mean image-conditioned cosine similarity,M/High/Cons/Prag,M/High/Cons/Empa,0.58250325918197632
qwen-vl,Qwen3-VL,justification_similarity,Appendix Figure A2,mean image-conditioned cosine similarity,M/High/Prog/Anal,M/High/Cons/Empa,0.62117290496826172
qwen-vl,Qwen3-VL,justification_similarity,Appendix Figure A2,mean image-conditioned cosine similarity,M/High/Prog/Empa,M/High/Cons/Empa,0.62785446643829346
qwen-vl,Qwen3-VL,justification_similarity,Appendix Figure A2,mean image-conditioned cosine similarity,M/High/Prog/Prag,M/High/Cons/Empa,0.62013143301010132
qwen-vl,Qwen3-VL,justification_similarity,Appendix Figure A2,mean image-conditioned cosine similarity,M/Low /Cons/Anal,M/High/Cons/Empa,0.54433530569076538
qwen-vl,Qwen3-VL,justification_similarity,Appendix Figure A2,mean image-conditioned cosine similarity,M/Low /Cons/Empa,M/High/Cons/Empa,0.5615195631980896
qwen-vl,Qwen3-VL,justification_similarity,Appendix Figure A2,mean image-conditioned cosine similarity,M/Low /Cons/Prag,M/High/Cons/Empa,0.46824729442596436
qwen-vl,Qwen3-VL,justification_similarity,Appendix Figure A2,mean image-conditioned cosine similarity,M/Low /Prog/Anal,M/High/Cons/Empa,0.54276037216186523
qwen-vl,Qwen3-VL,justification_similarity,Appendix Figure A2,mean image-conditioned cosine similarity,M/Low /Prog/Empa,M/High/Cons/Empa,0.55624395608901978
qwen-vl,Qwen3-VL,justification_similarity,Appendix Figure A2,mean image-conditioned cosine similarity,M/Low /Prog/Prag,M/High/Cons/Empa,0.52575433254241943
qwen-vl,Qwen3-VL,justification_similarity,Appendix Figure A2,mean image-conditioned cosine similarity,F/High/Cons/Anal,M/High/Cons/Prag,0.61411702632904053
qwen-vl,Qwen3-VL,justification_similarity,Appendix Figure A2,mean image-conditioned cosine similarity,F/High/Cons/Empa,M/High/Cons/Prag,0.57308405637741089
qwen-vl,Qwen3-VL,justification_similarity,Appendix Figure A2,mean image-conditioned cosine similarity,F/High/Cons/Prag,M/High/Cons/Prag,0.62386792898178101
qwen-vl,Qwen3-VL,justification_similarity,Appendix Figure A2,mean image-conditioned cosine similarity,F/High/Prog/Anal,M/High/Cons/Prag,0.56464040279388428
qwen-vl,Qwen3-VL,justification_similarity,Appendix Figure A2,mean image-conditioned cosine similarity,F/High/Prog/Empa,M/High/Cons/Prag,0.53476256132125854
qwen-vl,Qwen3-VL,justification_similarity,Appendix Figure A2,mean image-conditioned cosine similarity,F/High/Prog/Prag,M/High/Cons/Prag,0.5799744725227356
qwen-vl,Qwen3-VL,justification_similarity,Appendix Figure A2,mean image-conditioned cosine similarity,F/Low /Cons/Anal,M/High/Cons/Prag,0.57577419281005859
qwen-vl,Qwen3-VL,justification_similarity,Appendix Figure A2,mean image-conditioned cosine similarity,F/Low /Cons/Empa,M/High/Cons/Prag,0.51962804794311523
qwen-vl,Qwen3-VL,justification_similarity,Appendix Figure A2,mean image-conditioned cosine similarity,F/Low /Cons/Prag,M/High/Cons/Prag,0.51113861799240112
qwen-vl,Qwen3-VL,justification_similarity,Appendix Figure A2,mean image-conditioned cosine similarity,F/Low /Prog/Anal,M/High/Cons/Prag,0.5164341926574707
qwen-vl,Qwen3-VL,justification_similarity,Appendix Figure A2,mean image-conditioned cosine similarity,F/Low /Prog/Empa,M/High/Cons/Prag,0.51174819469451904
qwen-vl,Qwen3-VL,justification_similarity,Appendix Figure A2,mean image-conditioned cosine similarity,F/Low /Prog/Prag,M/High/Cons/Prag,0.5216032862663269
qwen-vl,Qwen3-VL,justification_similarity,Appendix Figure A2,mean image-conditioned cosine similarity,M/High/Cons/Anal,M/High/Cons/Prag,0.61990261077880859
qwen-vl,Qwen3-VL,justification_similarity,Appendix Figure A2,mean image-conditioned cosine similarity,M/High/Cons/Empa,M/High/Cons/Prag,0.58250325918197632
qwen-vl,Qwen3-VL,justification_similarity,Appendix Figure A2,mean image-conditioned cosine similarity,M/High/Cons/Prag,M/High/Cons/Prag,0.63671128213405614
qwen-vl,Qwen3-VL,justification_similarity,Appendix Figure A2,mean image-conditioned cosine similarity,M/High/Prog/Anal,M/High/Cons/Prag,0.56498056650161743
qwen-vl,Qwen3-VL,justification_similarity,Appendix Figure A2,mean image-conditioned cosine similarity,M/High/Prog/Empa,M/High/Cons/Prag,0.54431194067001343
qwen-vl,Qwen3-VL,justification_similarity,Appendix Figure A2,mean image-conditioned cosine similarity,M/High/Prog/Prag,M/High/Cons/Prag,0.58369684219360352
qwen-vl,Qwen3-VL,justification_similarity,Appendix Figure A2,mean image-conditioned cosine similarity,M/Low /Cons/Anal,M/High/Cons/Prag,0.57114863395690918
qwen-vl,Qwen3-VL,justification_similarity,Appendix Figure A2,mean image-conditioned cosine similarity,M/Low /Cons/Empa,M/High/Cons/Prag,0.52516859769821167
qwen-vl,Qwen3-VL,justification_similarity,Appendix Figure A2,mean image-conditioned cosine similarity,M/Low /Cons/Prag,M/High/Cons/Prag,0.50237226486206055
qwen-vl,Qwen3-VL,justification_similarity,Appendix Figure A2,mean image-conditioned cosine similarity,M/Low /Prog/Anal,M/High/Cons/Prag,0.51994138956069946
qwen-vl,Qwen3-VL,justification_similarity,Appendix Figure A2,mean image-conditioned cosine similarity,M/Low /Prog/Empa,M/High/Cons/Prag,0.51690733432769775
qwen-vl,Qwen3-VL,justification_similarity,Appendix Figure A2,mean image-conditioned cosine similarity,M/Low /Prog/Prag,M/High/Cons/Prag,0.52094495296478271
qwen-vl,Qwen3-VL,justification_similarity,Appendix Figure A2,mean image-conditioned cosine similarity,F/High/Cons/Anal,M/High/Prog/Anal,0.59737753868103027
qwen-vl,Qwen3-VL,justification_similarity,Appendix Figure A2,mean image-conditioned cosine similarity,F/High/Cons/Empa,M/High/Prog/Anal,0.60659307241439819
qwen-vl,Qwen3-VL,justification_similarity,Appendix Figure A2,mean image-conditioned cosine similarity,F/High/Cons/Prag,M/High/Prog/Anal,0.56098341941833496
qwen-vl,Qwen3-VL,justification_similarity,Appendix Figure A2,mean image-conditioned cosine similarity,F/High/Prog/Anal,M/High/Prog/Anal,0.69024133682250977
qwen-vl,Qwen3-VL,justification_similarity,Appendix Figure A2,mean image-conditioned cosine similarity,F/High/Prog/Empa,M/High/Prog/Anal,0.65195852518081665
qwen-vl,Qwen3-VL,justification_similarity,Appendix Figure A2,mean image-conditioned cosine similarity,F/High/Prog/Prag,M/High/Prog/Anal,0.67315840721130371
qwen-vl,Qwen3-VL,justification_similarity,Appendix Figure A2,mean image-conditioned cosine similarity,F/Low /Cons/Anal,M/High/Prog/Anal,0.53206640481948853
qwen-vl,Qwen3-VL,justification_similarity,Appendix Figure A2,mean image-conditioned cosine similarity,F/Low /Cons/Empa,M/High/Prog/Anal,0.53140133619308472
qwen-vl,Qwen3-VL,justification_similarity,Appendix Figure A2,mean image-conditioned cosine similarity,F/Low /Cons/Prag,M/High/Prog/Anal,0.47058197855949402
qwen-vl,Qwen3-VL,justification_similarity,Appendix Figure A2,mean image-conditioned cosine similarity,F/Low /Prog/Anal,M/High/Prog/Anal,0.56964486837387085
qwen-vl,Qwen3-VL,justification_similarity,Appendix Figure A2,mean image-conditioned cosine similarity,F/Low /Prog/Empa,M/High/Prog/Anal,0.56650376319885254
qwen-vl,Qwen3-VL,justification_similarity,Appendix Figure A2,mean image-conditioned cosine similarity,F/Low /Prog/Prag,M/High/Prog/Anal,0.54220426082611084
qwen-vl,Qwen3-VL,justification_similarity,Appendix Figure A2,mean image-conditioned cosine similarity,M/High/Cons/Anal,M/High/Prog/Anal,0.59637892246246338
qwen-vl,Qwen3-VL,justification_similarity,Appendix Figure A2,mean image-conditioned cosine similarity,M/High/Cons/Empa,M/High/Prog/Anal,0.62117290496826172
qwen-vl,Qwen3-VL,justification_similarity,Appendix Figure A2,mean image-conditioned cosine similarity,M/High/Cons/Prag,M/High/Prog/Anal,0.56498056650161743
qwen-vl,Qwen3-VL,justification_similarity,Appendix Figure A2,mean image-conditioned cosine similarity,M/High/Prog/Anal,M/High/Prog/Anal,0.69474150598049167
qwen-vl,Qwen3-VL,justification_similarity,Appendix Figure A2,mean image-conditioned cosine similarity,M/High/Prog/Empa,M/High/Prog/Anal,0.66201293468475342
qwen-vl,Qwen3-VL,justification_similarity,Appendix Figure A2,mean image-conditioned cosine similarity,M/High/Prog/Prag,M/High/Prog/Anal,0.67280077934265137
qwen-vl,Qwen3-VL,justification_similarity,Appendix Figure A2,mean image-conditioned cosine similarity,M/Low /Cons/Anal,M/High/Prog/Anal,0.5246543288230896
qwen-vl,Qwen3-VL,justification_similarity,Appendix Figure A2,mean image-conditioned cosine similarity,M/Low /Cons/Empa,M/High/Prog/Anal,0.53005534410476685
qwen-vl,Qwen3-VL,justification_similarity,Appendix Figure A2,mean image-conditioned cosine similarity,M/Low /Cons/Prag,M/High/Prog/Anal,0.44946235418319702
qwen-vl,Qwen3-VL,justification_similarity,Appendix Figure A2,mean image-conditioned cosine similarity,M/Low /Prog/Anal,M/High/Prog/Anal,0.57364356517791748
qwen-vl,Qwen3-VL,justification_similarity,Appendix Figure A2,mean image-conditioned cosine similarity,M/Low /Prog/Empa,M/High/Prog/Anal,0.56960225105285645
qwen-vl,Qwen3-VL,justification_similarity,Appendix Figure A2,mean image-conditioned cosine similarity,M/Low /Prog/Prag,M/High/Prog/Anal,0.53749161958694458
qwen-vl,Qwen3-VL,justification_similarity,Appendix Figure A2,mean image-conditioned cosine similarity,F/High/Cons/Anal,M/High/Prog/Empa,0.57117551565170288
qwen-vl,Qwen3-VL,justification_similarity,Appendix Figure A2,mean image-conditioned cosine similarity,F/High/Cons/Empa,M/High/Prog/Empa,0.62086659669876099
qwen-vl,Qwen3-VL,justification_similarity,Appendix Figure A2,mean image-conditioned cosine similarity,F/High/Cons/Prag,M/High/Prog/Empa,0.54630786180496216
qwen-vl,Qwen3-VL,justification_similarity,Appendix Figure A2,mean image-conditioned cosine similarity,F/High/Prog/Anal,M/High/Prog/Empa,0.6667783260345459
qwen-vl,Qwen3-VL,justification_similarity,Appendix Figure A2,mean image-conditioned cosine similarity,F/High/Prog/Empa,M/High/Prog/Empa,0.69102019071578979
qwen-vl,Qwen3-VL,justification_similarity,Appendix Figure A2,mean image-conditioned cosine similarity,F/High/Prog/Prag,M/High/Prog/Empa,0.65414679050445557
qwen-vl,Qwen3-VL,justification_similarity,Appendix Figure A2,mean image-conditioned cosine similarity,F/Low /Cons/Anal,M/High/Prog/Empa,0.5237964391708374
qwen-vl,Qwen3-VL,justification_similarity,Appendix Figure A2,mean image-conditioned cosine similarity,F/Low /Cons/Empa,M/High/Prog/Empa,0.55042201280593872
qwen-vl,Qwen3-VL,justification_similarity,Appendix Figure A2,mean image-conditioned cosine similarity,F/Low /Cons/Prag,M/High/Prog/Empa,0.46766772866249084
qwen-vl,Qwen3-VL,justification_similarity,Appendix Figure A2,mean image-conditioned cosine similarity,F/Low /Prog/Anal,M/High/Prog/Empa,0.5723496675491333
qwen-vl,Qwen3-VL,justification_similarity,Appendix Figure A2,mean image-conditioned cosine similarity,F/Low /Prog/Empa,M/High/Prog/Empa,0.59273141622543335
qwen-vl,Qwen3-VL,justification_similarity,Appendix Figure A2,mean image-conditioned cosine similarity,F/Low /Prog/Prag,M/High/Prog/Empa,0.54578936100006104
qwen-vl,Qwen3-VL,justification_similarity,Appendix Figure A2,mean image-conditioned cosine similarity,M/High/Cons/Anal,M/High/Prog/Empa,0.56781929731369019
qwen-vl,Qwen3-VL,justification_similarity,Appendix Figure A2,mean image-conditioned cosine similarity,M/High/Cons/Empa,M/High/Prog/Empa,0.62785446643829346
qwen-vl,Qwen3-VL,justification_similarity,Appendix Figure A2,mean image-conditioned cosine similarity,M/High/Cons/Prag,M/High/Prog/Empa,0.54431194067001343
qwen-vl,Qwen3-VL,justification_similarity,Appendix Figure A2,mean image-conditioned cosine similarity,M/High/Prog/Anal,M/High/Prog/Empa,0.66201293468475342
qwen-vl,Qwen3-VL,justification_similarity,Appendix Figure A2,mean image-conditioned cosine similarity,M/High/Prog/Empa,M/High/Prog/Empa,0.69961860179901125
qwen-vl,Qwen3-VL,justification_similarity,Appendix Figure A2,mean image-conditioned cosine similarity,M/High/Prog/Prag,M/High/Prog/Empa,0.64845001697540283
qwen-vl,Qwen3-VL,justification_similarity,Appendix Figure A2,mean image-conditioned cosine similarity,M/Low /Cons/Anal,M/High/Prog/Empa,0.51331973075866699
qwen-vl,Qwen3-VL,justification_similarity,Appendix Figure A2,mean image-conditioned cosine similarity,M/Low /Cons/Empa,M/High/Prog/Empa,0.54680043458938599
qwen-vl,Qwen3-VL,justification_similarity,Appendix Figure A2,mean image-conditioned cosine similarity,M/Low /Cons/Prag,M/High/Prog/Empa,0.44417276978492737
qwen-vl,Qwen3-VL,justification_similarity,Appendix Figure A2,mean image-conditioned cosine similarity,M/Low /Prog/Anal,M/High/Prog/Empa,0.57426798343658447
qwen-vl,Qwen3-VL,justification_similarity,Appendix Figure A2,mean image-conditioned cosine similarity,M/Low /Prog/Empa,M/High/Prog/Empa,0.59005105495452881
qwen-vl,Qwen3-VL,justification_similarity,Appendix Figure A2,mean image-conditioned cosine similarity,M/Low /Prog/Prag,M/High/Prog/Empa,0.53947681188583374
qwen-vl,Qwen3-VL,justification_similarity,Appendix Figure A2,mean image-conditioned cosine similarity,F/High/Cons/Anal,M/High/Prog/Prag,0.60143285989761353
qwen-vl,Qwen3-VL,justification_similarity,Appendix Figure A2,mean image-conditioned cosine similarity,F/High/Cons/Empa,M/High/Prog/Prag,0.60532468557357788
qwen-vl,Qwen3-VL,justification_similarity,Appendix Figure A2,mean image-conditioned cosine similarity,F/High/Cons/Prag,M/High/Prog/Prag,0.57890719175338745
qwen-vl,Qwen3-VL,justification_similarity,Appendix Figure A2,mean image-conditioned cosine similarity,F/High/Prog/Anal,M/High/Prog/Prag,0.67008376121520996
qwen-vl,Qwen3-VL,justification_similarity,Appendix Figure A2,mean image-conditioned cosine similarity,F/High/Prog/Empa,M/High/Prog/Prag,0.63618481159210205
qwen-vl,Qwen3-VL,justification_similarity,Appendix Figure A2,mean image-conditioned cosine similarity,F/High/Prog/Prag,M/High/Prog/Prag,0.67900568246841431
qwen-vl,Qwen3-VL,justification_similarity,Appendix Figure A2,mean image-conditioned cosine similarity,F/Low /Cons/Anal,M/High/Prog/Prag,0.54509276151657104
qwen-vl,Qwen3-VL,justification_similarity,Appendix Figure A2,mean image-conditioned cosine similarity,F/Low /Cons/Empa,M/High/Prog/Prag,0.53684878349304199
qwen-vl,Qwen3-VL,justification_similarity,Appendix Figure A2,mean image-conditioned cosine similarity,F/Low /Cons/Prag,M/High/Prog/Prag,0.48823040723800659
qwen-vl,Qwen3-VL,justification_similarity,Appendix Figure A2,mean image-conditioned cosine similarity,F/Low /Prog/Anal,M/High/Prog/Prag,0.56390196084976196
qwen-vl,Qwen3-VL,justification_similarity,Appendix Figure A2,mean image-conditioned cosine similarity,F/Low /Prog/Empa,M/High/Prog/Prag,0.56215649843215942
qwen-vl,Qwen3-VL,justification_similarity,Appendix Figure A2,mean image-conditioned cosine similarity,F/Low /Prog/Prag,M/High/Prog/Prag,0.5508994460105896
qwen-vl,Qwen3-VL,justification_similarity,Appendix Figure A2,mean image-conditioned cosine similarity,M/High/Cons/Anal,M/High/Prog/Prag,0.60265612602233887
qwen-vl,Qwen3-VL,justification_similarity,Appendix Figure A2,mean image-conditioned cosine similarity,M/High/Cons/Empa,M/High/Prog/Prag,0.62013143301010132
qwen-vl,Qwen3-VL,justification_similarity,Appendix Figure A2,mean image-conditioned cosine similarity,M/High/Cons/Prag,M/High/Prog/Prag,0.58369684219360352
qwen-vl,Qwen3-VL,justification_similarity,Appendix Figure A2,mean image-conditioned cosine similarity,M/High/Prog/Anal,M/High/Prog/Prag,0.67280077934265137
qwen-vl,Qwen3-VL,justification_similarity,Appendix Figure A2,mean image-conditioned cosine similarity,M/High/Prog/Empa,M/High/Prog/Prag,0.64845001697540283
qwen-vl,Qwen3-VL,justification_similarity,Appendix Figure A2,mean image-conditioned cosine similarity,M/High/Prog/Prag,M/High/Prog/Prag,0.68643194794654849
qwen-vl,Qwen3-VL,justification_similarity,Appendix Figure A2,mean image-conditioned cosine similarity,M/Low /Cons/Anal,M/High/Prog/Prag,0.53714567422866821
qwen-vl,Qwen3-VL,justification_similarity,Appendix Figure A2,mean image-conditioned cosine similarity,M/Low /Cons/Empa,M/High/Prog/Prag,0.53653353452682495
qwen-vl,Qwen3-VL,justification_similarity,Appendix Figure A2,mean image-conditioned cosine similarity,M/Low /Cons/Prag,M/High/Prog/Prag,0.46761623024940491
qwen-vl,Qwen3-VL,justification_similarity,Appendix Figure A2,mean image-conditioned cosine similarity,M/Low /Prog/Anal,M/High/Prog/Prag,0.5676581859588623
qwen-vl,Qwen3-VL,justification_similarity,Appendix Figure A2,mean image-conditioned cosine similarity,M/Low /Prog/Empa,M/High/Prog/Prag,0.56565946340560913
qwen-vl,Qwen3-VL,justification_similarity,Appendix Figure A2,mean image-conditioned cosine similarity,M/Low /Prog/Prag,M/High/Prog/Prag,0.54715847969055176
qwen-vl,Qwen3-VL,justification_similarity,Appendix Figure A2,mean image-conditioned cosine similarity,F/High/Cons/Anal,M/Low /Cons/Anal,0.56376123428344727
qwen-vl,Qwen3-VL,justification_similarity,Appendix Figure A2,mean image-conditioned cosine similarity,F/High/Cons/Empa,M/Low /Cons/Anal,0.54176527261734009
qwen-vl,Qwen3-VL,justification_similarity,Appendix Figure A2,mean image-conditioned cosine similarity,F/High/Cons/Prag,M/Low /Cons/Anal,0.56784147024154663
qwen-vl,Qwen3-VL,justification_similarity,Appendix Figure A2,mean image-conditioned cosine similarity,F/High/Prog/Anal,M/Low /Cons/Anal,0.5273662805557251
qwen-vl,Qwen3-VL,justification_similarity,Appendix Figure A2,mean image-conditioned cosine similarity,F/High/Prog/Empa,M/Low /Cons/Anal,0.50323081016540527
qwen-vl,Qwen3-VL,justification_similarity,Appendix Figure A2,mean image-conditioned cosine similarity,F/High/Prog/Prag,M/Low /Cons/Anal,0.53722852468490601
qwen-vl,Qwen3-VL,justification_similarity,Appendix Figure A2,mean image-conditioned cosine similarity,F/Low /Cons/Anal,M/Low /Cons/Anal,0.60672664642333984
qwen-vl,Qwen3-VL,justification_similarity,Appendix Figure A2,mean image-conditioned cosine similarity,F/Low /Cons/Empa,M/Low /Cons/Anal,0.55299264192581177
qwen-vl,Qwen3-VL,justification_similarity,Appendix Figure A2,mean image-conditioned cosine similarity,F/Low /Cons/Prag,M/Low /Cons/Anal,0.55502843856811523
qwen-vl,Qwen3-VL,justification_similarity,Appendix Figure A2,mean image-conditioned cosine similarity,F/Low /Prog/Anal,M/Low /Cons/Anal,0.55034011602401733
qwen-vl,Qwen3-VL,justification_similarity,Appendix Figure A2,mean image-conditioned cosine similarity,F/Low /Prog/Empa,M/Low /Cons/Anal,0.54057526588439941
qwen-vl,Qwen3-VL,justification_similarity,Appendix Figure A2,mean image-conditioned cosine similarity,F/Low /Prog/Prag,M/Low /Cons/Anal,0.55914056301116943
qwen-vl,Qwen3-VL,justification_similarity,Appendix Figure A2,mean image-conditioned cosine similarity,M/High/Cons/Anal,M/Low /Cons/Anal,0.56440222263336182
qwen-vl,Qwen3-VL,justification_similarity,Appendix Figure A2,mean image-conditioned cosine similarity,M/High/Cons/Empa,M/Low /Cons/Anal,0.54433530569076538
qwen-vl,Qwen3-VL,justification_similarity,Appendix Figure A2,mean image-conditioned cosine similarity,M/High/Cons/Prag,M/Low /Cons/Anal,0.57114863395690918
qwen-vl,Qwen3-VL,justification_similarity,Appendix Figure A2,mean image-conditioned cosine similarity,M/High/Prog/Anal,M/Low /Cons/Anal,0.5246543288230896
qwen-vl,Qwen3-VL,justification_similarity,Appendix Figure A2,mean image-conditioned cosine similarity,M/High/Prog/Empa,M/Low /Cons/Anal,0.51331973075866699
qwen-vl,Qwen3-VL,justification_similarity,Appendix Figure A2,mean image-conditioned cosine similarity,M/High/Prog/Prag,M/Low /Cons/Anal,0.53714567422866821
qwen-vl,Qwen3-VL,justification_similarity,Appendix Figure A2,mean image-conditioned cosine similarity,M/Low /Cons/Anal,M/Low /Cons/Anal,0.62240404129028315
qwen-vl,Qwen3-VL,justification_similarity,Appendix Figure A2,mean image-conditioned cosine similarity,M/Low /Cons/Empa,M/Low /Cons/Anal,0.55912584066390991
qwen-vl,Qwen3-VL,justification_similarity,Appendix Figure A2,mean image-conditioned cosine similarity,M/Low /Cons/Prag,M/Low /Cons/Anal,0.55633634328842163
qwen-vl,Qwen3-VL,justification_similarity,Appendix Figure A2,mean image-conditioned cosine similarity,M/Low /Prog/Anal,M/Low /Cons/Anal,0.55371260643005371
qwen-vl,Qwen3-VL,justification_similarity,Appendix Figure A2,mean image-conditioned cosine similarity,M/Low /Prog/Empa,M/Low /Cons/Anal,0.54446256160736084
qwen-vl,Qwen3-VL,justification_similarity,Appendix Figure A2,mean image-conditioned cosine similarity,M/Low /Prog/Prag,M/Low /Cons/Anal,0.56222039461135864
qwen-vl,Qwen3-VL,justification_similarity,Appendix Figure A2,mean image-conditioned cosine similarity,F/High/Cons/Anal,M/Low /Cons/Empa,0.524871826171875
qwen-vl,Qwen3-VL,justification_similarity,Appendix Figure A2,mean image-conditioned cosine similarity,F/High/Cons/Empa,M/Low /Cons/Empa,0.56763380765914917
qwen-vl,Qwen3-VL,justification_similarity,Appendix Figure A2,mean image-conditioned cosine similarity,F/High/Cons/Prag,M/Low /Cons/Empa,0.52958768606185913
qwen-vl,Qwen3-VL,justification_similarity,Appendix Figure A2,mean image-conditioned cosine similarity,F/High/Prog/Anal,M/Low /Cons/Empa,0.53374725580215454
qwen-vl,Qwen3-VL,justification_similarity,Appendix Figure A2,mean image-conditioned cosine similarity,F/High/Prog/Empa,M/Low /Cons/Empa,0.54610782861709595
qwen-vl,Qwen3-VL,justification_similarity,Appendix Figure A2,mean image-conditioned cosine similarity,F/High/Prog/Prag,M/Low /Cons/Empa,0.54045581817626953
qwen-vl,Qwen3-VL,justification_similarity,Appendix Figure A2,mean image-conditioned cosine similarity,F/Low /Cons/Anal,M/Low /Cons/Empa,0.56908655166625977
qwen-vl,Qwen3-VL,justification_similarity,Appendix Figure A2,mean image-conditioned cosine similarity,F/Low /Cons/Empa,M/Low /Cons/Empa,0.61739510297775269
qwen-vl,Qwen3-VL,justification_similarity,Appendix Figure A2,mean image-conditioned cosine similarity,F/Low /Cons/Prag,M/Low /Cons/Empa,0.54259103536605835
qwen-vl,Qwen3-VL,justification_similarity,Appendix Figure A2,mean image-conditioned cosine similarity,F/Low /Prog/Anal,M/Low /Cons/Empa,0.54490381479263306
qwen-vl,Qwen3-VL,justification_similarity,Appendix Figure A2,mean image-conditioned cosine similarity,F/Low /Prog/Empa,M/Low /Cons/Empa,0.581939697265625
qwen-vl,Qwen3-VL,justification_similarity,Appendix Figure A2,mean image-conditioned cosine similarity,F/Low /Prog/Prag,M/Low /Cons/Empa,0.56626760959625244
qwen-vl,Qwen3-VL,justification_similarity,Appendix Figure A2,mean image-conditioned cosine similarity,M/High/Cons/Anal,M/Low /Cons/Empa,0.52070051431655884
qwen-vl,Qwen3-VL,justification_similarity,Appendix Figure A2,mean image-conditioned cosine similarity,M/High/Cons/Empa,M/Low /Cons/Empa,0.5615195631980896
qwen-vl,Qwen3-VL,justification_similarity,Appendix Figure A2,mean image-conditioned cosine similarity,M/High/Cons/Prag,M/Low /Cons/Empa,0.52516859769821167
qwen-vl,Qwen3-VL,justification_similarity,Appendix Figure A2,mean image-conditioned cosine similarity,M/High/Prog/Anal,M/Low /Cons/Empa,0.53005534410476685
qwen-vl,Qwen3-VL,justification_similarity,Appendix Figure A2,mean image-conditioned cosine similarity,M/High/Prog/Empa,M/Low /Cons/Empa,0.54680043458938599
qwen-vl,Qwen3-VL,justification_similarity,Appendix Figure A2,mean image-conditioned cosine similarity,M/High/Prog/Prag,M/Low /Cons/Empa,0.53653353452682495
qwen-vl,Qwen3-VL,justification_similarity,Appendix Figure A2,mean image-conditioned cosine similarity,M/Low /Cons/Anal,M/Low /Cons/Empa,0.55912584066390991
qwen-vl,Qwen3-VL,justification_similarity,Appendix Figure A2,mean image-conditioned cosine similarity,M/Low /Cons/Empa,M/Low /Cons/Empa,0.62231675505638118
qwen-vl,Qwen3-VL,justification_similarity,Appendix Figure A2,mean image-conditioned cosine similarity,M/Low /Cons/Prag,M/Low /Cons/Empa,0.52030068635940552
qwen-vl,Qwen3-VL,justification_similarity,Appendix Figure A2,mean image-conditioned cosine similarity,M/Low /Prog/Anal,M/Low /Cons/Empa,0.54740560054779053
qwen-vl,Qwen3-VL,justification_similarity,Appendix Figure A2,mean image-conditioned cosine similarity,M/Low /Prog/Empa,M/Low /Cons/Empa,0.57757234573364258
qwen-vl,Qwen3-VL,justification_similarity,Appendix Figure A2,mean image-conditioned cosine similarity,M/Low /Prog/Prag,M/Low /Cons/Empa,0.56386649608612061
qwen-vl,Qwen3-VL,justification_similarity,Appendix Figure A2,mean image-conditioned cosine similarity,F/High/Cons/Anal,M/Low /Cons/Prag,0.47529929876327515
qwen-vl,Qwen3-VL,justification_similarity,Appendix Figure A2,mean image-conditioned cosine similarity,F/High/Cons/Empa,M/Low /Cons/Prag,0.46954235434532166
qwen-vl,Qwen3-VL,justification_similarity,Appendix Figure A2,mean image-conditioned cosine similarity,F/High/Cons/Prag,M/Low /Cons/Prag,0.50208890438079834
qwen-vl,Qwen3-VL,justification_similarity,Appendix Figure A2,mean image-conditioned cosine similarity,F/High/Prog/Anal,M/Low /Cons/Prag,0.45162773132324219
qwen-vl,Qwen3-VL,justification_similarity,Appendix Figure A2,mean image-conditioned cosine similarity,F/High/Prog/Empa,M/Low /Cons/Prag,0.43630200624465942
qwen-vl,Qwen3-VL,justification_similarity,Appendix Figure A2,mean image-conditioned cosine similarity,F/High/Prog/Prag,M/Low /Cons/Prag,0.46758130192756653
qwen-vl,Qwen3-VL,justification_similarity,Appendix Figure A2,mean image-conditioned cosine similarity,F/Low /Cons/Anal,M/Low /Cons/Prag,0.54672372341156006
qwen-vl,Qwen3-VL,justification_similarity,Appendix Figure A2,mean image-conditioned cosine similarity,F/Low /Cons/Empa,M/Low /Cons/Prag,0.51799750328063965
qwen-vl,Qwen3-VL,justification_similarity,Appendix Figure A2,mean image-conditioned cosine similarity,F/Low /Cons/Prag,M/Low /Cons/Prag,0.58030432462692261
qwen-vl,Qwen3-VL,justification_similarity,Appendix Figure A2,mean image-conditioned cosine similarity,F/Low /Prog/Anal,M/Low /Cons/Prag,0.48125568032264709
qwen-vl,Qwen3-VL,justification_similarity,Appendix Figure A2,mean image-conditioned cosine similarity,F/Low /Prog/Empa,M/Low /Cons/Prag,0.48544001579284668
qwen-vl,Qwen3-VL,justification_similarity,Appendix Figure A2,mean image-conditioned cosine similarity,F/Low /Prog/Prag,M/Low /Cons/Prag,0.51879745721817017
qwen-vl,Qwen3-VL,justification_similarity,Appendix Figure A2,mean image-conditioned cosine similarity,M/High/Cons/Anal,M/Low /Cons/Prag,0.47740226984024048
qwen-vl,Qwen3-VL,justification_similarity,Appendix Figure A2,mean image-conditioned cosine similarity,M/High/Cons/Empa,M/Low /Cons/Prag,0.46824729442596436
qwen-vl,Qwen3-VL,justification_similarity,Appendix Figure A2,mean image-conditioned cosine similarity,M/High/Cons/Prag,M/Low /Cons/Prag,0.50237226486206055
qwen-vl,Qwen3-VL,justification_similarity,Appendix Figure A2,mean image-conditioned cosine similarity,M/High/Prog/Anal,M/Low /Cons/Prag,0.44946235418319702
qwen-vl,Qwen3-VL,justification_similarity,Appendix Figure A2,mean image-conditioned cosine similarity,M/High/Prog/Empa,M/Low /Cons/Prag,0.44417276978492737
qwen-vl,Qwen3-VL,justification_similarity,Appendix Figure A2,mean image-conditioned cosine similarity,M/High/Prog/Prag,M/Low /Cons/Prag,0.46761623024940491
qwen-vl,Qwen3-VL,justification_similarity,Appendix Figure A2,mean image-conditioned cosine similarity,M/Low /Cons/Anal,M/Low /Cons/Prag,0.55633634328842163
qwen-vl,Qwen3-VL,justification_similarity,Appendix Figure A2,mean image-conditioned cosine similarity,M/Low /Cons/Empa,M/Low /Cons/Prag,0.52030068635940552
qwen-vl,Qwen3-VL,justification_similarity,Appendix Figure A2,mean image-conditioned cosine similarity,M/Low /Cons/Prag,M/Low /Cons/Prag,0.59389605343341823
qwen-vl,Qwen3-VL,justification_similarity,Appendix Figure A2,mean image-conditioned cosine similarity,M/Low /Prog/Anal,M/Low /Cons/Prag,0.48353981971740723
qwen-vl,Qwen3-VL,justification_similarity,Appendix Figure A2,mean image-conditioned cosine similarity,M/Low /Prog/Empa,M/Low /Cons/Prag,0.48949170112609863
qwen-vl,Qwen3-VL,justification_similarity,Appendix Figure A2,mean image-conditioned cosine similarity,M/Low /Prog/Prag,M/Low /Cons/Prag,0.52027708292007446
qwen-vl,Qwen3-VL,justification_similarity,Appendix Figure A2,mean image-conditioned cosine similarity,F/High/Cons/Anal,M/Low /Prog/Anal,0.52875959873199463
qwen-vl,Qwen3-VL,justification_similarity,Appendix Figure A2,mean image-conditioned cosine similarity,F/High/Cons/Empa,M/Low /Prog/Anal,0.53964650630950928
qwen-vl,Qwen3-VL,justification_similarity,Appendix Figure A2,mean image-conditioned cosine similarity,F/High/Cons/Prag,M/Low /Prog/Anal,0.51675951480865479
qwen-vl,Qwen3-VL,justification_similarity,Appendix Figure A2,mean image-conditioned cosine similarity,F/High/Prog/Anal,M/Low /Prog/Anal,0.58334362506866455
qwen-vl,Qwen3-VL,justification_similarity,Appendix Figure A2,mean image-conditioned cosine similarity,F/High/Prog/Empa,M/Low /Prog/Anal,0.56251955032348633
qwen-vl,Qwen3-VL,justification_similarity,Appendix Figure A2,mean image-conditioned cosine similarity,F/High/Prog/Prag,M/Low /Prog/Anal,0.57508379220962524
qwen-vl,Qwen3-VL,justification_similarity,Appendix Figure A2,mean image-conditioned cosine similarity,F/Low /Cons/Anal,M/Low /Prog/Anal,0.54738402366638184
qwen-vl,Qwen3-VL,justification_similarity,Appendix Figure A2,mean image-conditioned cosine similarity,F/Low /Cons/Empa,M/Low /Prog/Anal,0.54680180549621582
qwen-vl,Qwen3-VL,justification_similarity,Appendix Figure A2,mean image-conditioned cosine similarity,F/Low /Cons/Prag,M/Low /Prog/Anal,0.49514949321746826
qwen-vl,Qwen3-VL,justification_similarity,Appendix Figure A2,mean image-conditioned cosine similarity,F/Low /Prog/Anal,M/Low /Prog/Anal,0.67606687545776367
qwen-vl,Qwen3-VL,justification_similarity,Appendix Figure A2,mean image-conditioned cosine similarity,F/Low /Prog/Empa,M/Low /Prog/Anal,0.64078879356384277
qwen-vl,Qwen3-VL,justification_similarity,Appendix Figure A2,mean image-conditioned cosine similarity,F/Low /Prog/Prag,M/Low /Prog/Anal,0.62857651710510254
qwen-vl,Qwen3-VL,justification_similarity,Appendix Figure A2,mean image-conditioned cosine similarity,M/High/Cons/Anal,M/Low /Prog/Anal,0.52847820520401001
qwen-vl,Qwen3-VL,justification_similarity,Appendix Figure A2,mean image-conditioned cosine similarity,M/High/Cons/Empa,M/Low /Prog/Anal,0.54276037216186523
qwen-vl,Qwen3-VL,justification_similarity,Appendix Figure A2,mean image-conditioned cosine similarity,M/High/Cons/Prag,M/Low /Prog/Anal,0.51994138956069946
qwen-vl,Qwen3-VL,justification_similarity,Appendix Figure A2,mean image-conditioned cosine similarity,M/High/Prog/Anal,M/Low /Prog/Anal,0.57364356517791748
qwen-vl,Qwen3-VL,justification_similarity,Appendix Figure A2,mean image-conditioned cosine similarity,M/High/Prog/Empa,M/Low /Prog/Anal,0.57426798343658447
qwen-vl,Qwen3-VL,justification_similarity,Appendix Figure A2,mean image-conditioned cosine similarity,M/High/Prog/Prag,M/Low /Prog/Anal,0.5676581859588623
qwen-vl,Qwen3-VL,justification_similarity,Appendix Figure A2,mean image-conditioned cosine similarity,M/Low /Cons/Anal,M/Low /Prog/Anal,0.55371260643005371
qwen-vl,Qwen3-VL,justification_similarity,Appendix Figure A2,mean image-conditioned cosine similarity,M/Low /Cons/Empa,M/Low /Prog/Anal,0.54740560054779053
qwen-vl,Qwen3-VL,justification_similarity,Appendix Figure A2,mean image-conditioned cosine similarity,M/Low /Cons/Prag,M/Low /Prog/Anal,0.48353981971740723
qwen-vl,Qwen3-VL,justification_similarity,Appendix Figure A2,mean image-conditioned cosine similarity,M/Low /Prog/Anal,M/Low /Prog/Anal,0.68351151704788204
qwen-vl,Qwen3-VL,justification_similarity,Appendix Figure A2,mean image-conditioned cosine similarity,M/Low /Prog/Empa,M/Low /Prog/Anal,0.64806085824966431
qwen-vl,Qwen3-VL,justification_similarity,Appendix Figure A2,mean image-conditioned cosine similarity,M/Low /Prog/Prag,M/Low /Prog/Anal,0.62383031845092773
qwen-vl,Qwen3-VL,justification_similarity,Appendix Figure A2,mean image-conditioned cosine similarity,F/High/Cons/Anal,M/Low /Prog/Empa,0.52225208282470703
qwen-vl,Qwen3-VL,justification_similarity,Appendix Figure A2,mean image-conditioned cosine similarity,F/High/Cons/Empa,M/Low /Prog/Empa,0.55931234359741211
qwen-vl,Qwen3-VL,justification_similarity,Appendix Figure A2,mean image-conditioned cosine similarity,F/High/Cons/Prag,M/Low /Prog/Empa,0.51896768808364868
qwen-vl,Qwen3-VL,justification_similarity,Appendix Figure A2,mean image-conditioned cosine similarity,F/High/Prog/Anal,M/Low /Prog/Empa,0.57733780145645142
qwen-vl,Qwen3-VL,justification_similarity,Appendix Figure A2,mean image-conditioned cosine similarity,F/High/Prog/Empa,M/Low /Prog/Empa,0.58518391847610474
qwen-vl,Qwen3-VL,justification_similarity,Appendix Figure A2,mean image-conditioned cosine similarity,F/High/Prog/Prag,M/Low /Prog/Empa,0.57461637258529663
qwen-vl,Qwen3-VL,justification_similarity,Appendix Figure A2,mean image-conditioned cosine similarity,F/Low /Cons/Anal,M/Low /Prog/Empa,0.54673105478286743
qwen-vl,Qwen3-VL,justification_similarity,Appendix Figure A2,mean image-conditioned cosine similarity,F/Low /Cons/Empa,M/Low /Prog/Empa,0.58000248670578003
qwen-vl,Qwen3-VL,justification_similarity,Appendix Figure A2,mean image-conditioned cosine similarity,F/Low /Cons/Prag,M/Low /Prog/Empa,0.50754237174987793
qwen-vl,Qwen3-VL,justification_similarity,Appendix Figure A2,mean image-conditioned cosine similarity,F/Low /Prog/Anal,M/Low /Prog/Empa,0.65011757612228394
qwen-vl,Qwen3-VL,justification_similarity,Appendix Figure A2,mean image-conditioned cosine similarity,F/Low /Prog/Empa,M/Low /Prog/Empa,0.6693992018699646
qwen-vl,Qwen3-VL,justification_similarity,Appendix Figure A2,mean image-conditioned cosine similarity,F/Low /Prog/Prag,M/Low /Prog/Empa,0.63086074590682983
qwen-vl,Qwen3-VL,justification_similarity,Appendix Figure A2,mean image-conditioned cosine similarity,M/High/Cons/Anal,M/Low /Prog/Empa,0.5202212929725647
qwen-vl,Qwen3-VL,justification_similarity,Appendix Figure A2,mean image-conditioned cosine similarity,M/High/Cons/Empa,M/Low /Prog/Empa,0.55624395608901978
qwen-vl,Qwen3-VL,justification_similarity,Appendix Figure A2,mean image-conditioned cosine similarity,M/High/Cons/Prag,M/Low /Prog/Empa,0.51690733432769775
qwen-vl,Qwen3-VL,justification_similarity,Appendix Figure A2,mean image-conditioned cosine similarity,M/High/Prog/Anal,M/Low /Prog/Empa,0.56960225105285645
qwen-vl,Qwen3-VL,justification_similarity,Appendix Figure A2,mean image-conditioned cosine similarity,M/High/Prog/Empa,M/Low /Prog/Empa,0.59005105495452881
qwen-vl,Qwen3-VL,justification_similarity,Appendix Figure A2,mean image-conditioned cosine similarity,M/High/Prog/Prag,M/Low /Prog/Empa,0.56565946340560913
qwen-vl,Qwen3-VL,justification_similarity,Appendix Figure A2,mean image-conditioned cosine similarity,M/Low /Cons/Anal,M/Low /Prog/Empa,0.54446256160736084
qwen-vl,Qwen3-VL,justification_similarity,Appendix Figure A2,mean image-conditioned cosine similarity,M/Low /Cons/Empa,M/Low /Prog/Empa,0.57757234573364258
qwen-vl,Qwen3-VL,justification_similarity,Appendix Figure A2,mean image-conditioned cosine similarity,M/Low /Cons/Prag,M/Low /Prog/Empa,0.48949170112609863
qwen-vl,Qwen3-VL,justification_similarity,Appendix Figure A2,mean image-conditioned cosine similarity,M/Low /Prog/Anal,M/Low /Prog/Empa,0.64806085824966431
qwen-vl,Qwen3-VL,justification_similarity,Appendix Figure A2,mean image-conditioned cosine similarity,M/Low /Prog/Empa,M/Low /Prog/Empa,0.67611783623695376
qwen-vl,Qwen3-VL,justification_similarity,Appendix Figure A2,mean image-conditioned cosine similarity,M/Low /Prog/Prag,M/Low /Prog/Empa,0.62146079540252686
qwen-vl,Qwen3-VL,justification_similarity,Appendix Figure A2,mean image-conditioned cosine similarity,F/High/Cons/Anal,M/Low /Prog/Prag,0.51347124576568604
qwen-vl,Qwen3-VL,justification_similarity,Appendix Figure A2,mean image-conditioned cosine similarity,F/High/Cons/Empa,M/Low /Prog/Prag,0.52396112680435181
qwen-vl,Qwen3-VL,justification_similarity,Appendix Figure A2,mean image-conditioned cosine similarity,F/High/Cons/Prag,M/Low /Prog/Prag,0.51954305171966553
qwen-vl,Qwen3-VL,justification_similarity,Appendix Figure A2,mean image-conditioned cosine similarity,F/High/Prog/Anal,M/Low /Prog/Prag,0.54349684715270996
qwen-vl,Qwen3-VL,justification_similarity,Appendix Figure A2,mean image-conditioned cosine similarity,F/High/Prog/Empa,M/Low /Prog/Prag,0.53086566925048828
qwen-vl,Qwen3-VL,justification_similarity,Appendix Figure A2,mean image-conditioned cosine similarity,F/High/Prog/Prag,M/Low /Prog/Prag,0.55114614963531494
qwen-vl,Qwen3-VL,justification_similarity,Appendix Figure A2,mean image-conditioned cosine similarity,F/Low /Cons/Anal,M/Low /Prog/Prag,0.55842441320419312
qwen-vl,Qwen3-VL,justification_similarity,Appendix Figure A2,mean image-conditioned cosine similarity,F/Low /Cons/Empa,M/Low /Prog/Prag,0.5623164176940918
qwen-vl,Qwen3-VL,justification_similarity,Appendix Figure A2,mean image-conditioned cosine similarity,F/Low /Cons/Prag,M/Low /Prog/Prag,0.53372788429260254
qwen-vl,Qwen3-VL,justification_similarity,Appendix Figure A2,mean image-conditioned cosine similarity,F/Low /Prog/Anal,M/Low /Prog/Prag,0.62457937002182007
qwen-vl,Qwen3-VL,justification_similarity,Appendix Figure A2,mean image-conditioned cosine similarity,F/Low /Prog/Empa,M/Low /Prog/Prag,0.61574816703796387
qwen-vl,Qwen3-VL,justification_similarity,Appendix Figure A2,mean image-conditioned cosine similarity,F/Low /Prog/Prag,M/Low /Prog/Prag,0.63507145643234253
qwen-vl,Qwen3-VL,justification_similarity,Appendix Figure A2,mean image-conditioned cosine similarity,M/High/Cons/Anal,M/Low /Prog/Prag,0.51489251852035522
qwen-vl,Qwen3-VL,justification_similarity,Appendix Figure A2,mean image-conditioned cosine similarity,M/High/Cons/Empa,M/Low /Prog/Prag,0.52575433254241943
qwen-vl,Qwen3-VL,justification_similarity,Appendix Figure A2,mean image-conditioned cosine similarity,M/High/Cons/Prag,M/Low /Prog/Prag,0.52094495296478271
qwen-vl,Qwen3-VL,justification_similarity,Appendix Figure A2,mean image-conditioned cosine similarity,M/High/Prog/Anal,M/Low /Prog/Prag,0.53749161958694458
qwen-vl,Qwen3-VL,justification_similarity,Appendix Figure A2,mean image-conditioned cosine similarity,M/High/Prog/Empa,M/Low /Prog/Prag,0.53947681188583374
qwen-vl,Qwen3-VL,justification_similarity,Appendix Figure A2,mean image-conditioned cosine similarity,M/High/Prog/Prag,M/Low /Prog/Prag,0.54715847969055176
qwen-vl,Qwen3-VL,justification_similarity,Appendix Figure A2,mean image-conditioned cosine similarity,M/Low /Cons/Anal,M/Low /Prog/Prag,0.56222039461135864
qwen-vl,Qwen3-VL,justification_similarity,Appendix Figure A2,mean image-conditioned cosine similarity,M/Low /Cons/Empa,M/Low /Prog/Prag,0.56386649608612061
qwen-vl,Qwen3-VL,justification_similarity,Appendix Figure A2,mean image-conditioned cosine similarity,M/Low /Cons/Prag,M/Low /Prog/Prag,0.52027708292007446
qwen-vl,Qwen3-VL,justification_similarity,Appendix Figure A2,mean image-conditioned cosine similarity,M/Low /Prog/Anal,M/Low /Prog/Prag,0.62383031845092773
qwen-vl,Qwen3-VL,justification_similarity,Appendix Figure A2,mean image-conditioned cosine similarity,M/Low /Prog/Empa,M/Low /Prog/Prag,0.62146079540252686
qwen-vl,Qwen3-VL,justification_similarity,Appendix Figure A2,mean image-conditioned cosine similarity,M/Low /Prog/Prag,M/Low /Prog/Prag,0.63809302687644953
qwen-vl,Qwen3-VL,perception_jaccard,Appendix Figure A3,mean image-conditioned Jaccard similarity,F/High/Cons/Anal,F/High/Cons/Anal,0.49241911423782769
qwen-vl,Qwen3-VL,perception_jaccard,Appendix Figure A3,mean image-conditioned Jaccard similarity,F/High/Cons/Empa,F/High/Cons/Anal,0.44206160124791843
qwen-vl,Qwen3-VL,perception_jaccard,Appendix Figure A3,mean image-conditioned Jaccard similarity,F/High/Cons/Prag,F/High/Cons/Anal,0.46911234840398897
qwen-vl,Qwen3-VL,perception_jaccard,Appendix Figure A3,mean image-conditioned Jaccard similarity,F/High/Prog/Anal,F/High/Cons/Anal,0.44824593842621935
qwen-vl,Qwen3-VL,perception_jaccard,Appendix Figure A3,mean image-conditioned Jaccard similarity,F/High/Prog/Empa,F/High/Cons/Anal,0.42281437080531015
qwen-vl,Qwen3-VL,perception_jaccard,Appendix Figure A3,mean image-conditioned Jaccard similarity,F/High/Prog/Prag,F/High/Cons/Anal,0.44966253091244185
qwen-vl,Qwen3-VL,perception_jaccard,Appendix Figure A3,mean image-conditioned Jaccard similarity,F/Low /Cons/Anal,F/High/Cons/Anal,0.43147438983910485
qwen-vl,Qwen3-VL,perception_jaccard,Appendix Figure A3,mean image-conditioned Jaccard similarity,F/Low /Cons/Empa,F/High/Cons/Anal,0.4226066343105746
qwen-vl,Qwen3-VL,perception_jaccard,Appendix Figure A3,mean image-conditioned Jaccard similarity,F/Low /Cons/Prag,F/High/Cons/Anal,0.42555603913536433
qwen-vl,Qwen3-VL,perception_jaccard,Appendix Figure A3,mean image-conditioned Jaccard similarity,F/Low /Prog/Anal,F/High/Cons/Anal,0.40889469928387689
qwen-vl,Qwen3-VL,perception_jaccard,Appendix Figure A3,mean image-conditioned Jaccard similarity,F/Low /Prog/Empa,F/High/Cons/Anal,0.40678149587205986
qwen-vl,Qwen3-VL,perception_jaccard,Appendix Figure A3,mean image-conditioned Jaccard similarity,F/Low /Prog/Prag,F/High/Cons/Anal,0.41565063341672859
qwen-vl,Qwen3-VL,perception_jaccard,Appendix Figure A3,mean image-conditioned Jaccard similarity,M/High/Cons/Anal,F/High/Cons/Anal,0.47651017954713282
qwen-vl,Qwen3-VL,perception_jaccard,Appendix Figure A3,mean image-conditioned Jaccard similarity,M/High/Cons/Empa,F/High/Cons/Anal,0.444795864870213
qwen-vl,Qwen3-VL,perception_jaccard,Appendix Figure A3,mean image-conditioned Jaccard similarity,M/High/Cons/Prag,F/High/Cons/Anal,0.4752993551118998
qwen-vl,Qwen3-VL,perception_jaccard,Appendix Figure A3,mean image-conditioned Jaccard similarity,M/High/Prog/Anal,F/High/Cons/Anal,0.42920611019774119
qwen-vl,Qwen3-VL,perception_jaccard,Appendix Figure A3,mean image-conditioned Jaccard similarity,M/High/Prog/Empa,F/High/Cons/Anal,0.42217149481415761
qwen-vl,Qwen3-VL,perception_jaccard,Appendix Figure A3,mean image-conditioned Jaccard similarity,M/High/Prog/Prag,F/High/Cons/Anal,0.43907960121125056
qwen-vl,Qwen3-VL,perception_jaccard,Appendix Figure A3,mean image-conditioned Jaccard similarity,M/Low /Cons/Anal,F/High/Cons/Anal,0.43779930803439382
qwen-vl,Qwen3-VL,perception_jaccard,Appendix Figure A3,mean image-conditioned Jaccard similarity,M/Low /Cons/Empa,F/High/Cons/Anal,0.4159603803469723
qwen-vl,Qwen3-VL,perception_jaccard,Appendix Figure A3,mean image-conditioned Jaccard similarity,M/Low /Cons/Prag,F/High/Cons/Anal,0.43070166203950178
qwen-vl,Qwen3-VL,perception_jaccard,Appendix Figure A3,mean image-conditioned Jaccard similarity,M/Low /Prog/Anal,F/High/Cons/Anal,0.41713306877649614
qwen-vl,Qwen3-VL,perception_jaccard,Appendix Figure A3,mean image-conditioned Jaccard similarity,M/Low /Prog/Empa,F/High/Cons/Anal,0.40217974830329956
qwen-vl,Qwen3-VL,perception_jaccard,Appendix Figure A3,mean image-conditioned Jaccard similarity,M/Low /Prog/Prag,F/High/Cons/Anal,0.4083808401365438
qwen-vl,Qwen3-VL,perception_jaccard,Appendix Figure A3,mean image-conditioned Jaccard similarity,F/High/Cons/Anal,F/High/Cons/Empa,0.44206160124791843
qwen-vl,Qwen3-VL,perception_jaccard,Appendix Figure A3,mean image-conditioned Jaccard similarity,F/High/Cons/Empa,F/High/Cons/Empa,0.48474657976080127
qwen-vl,Qwen3-VL,perception_jaccard,Appendix Figure A3,mean image-conditioned Jaccard similarity,F/High/Cons/Prag,F/High/Cons/Empa,0.45013702818772144
qwen-vl,Qwen3-VL,perception_jaccard,Appendix Figure A3,mean image-conditioned Jaccard similarity,F/High/Prog/Anal,F/High/Cons/Empa,0.44837260626169156
qwen-vl,Qwen3-VL,perception_jaccard,Appendix Figure A3,mean image-conditioned Jaccard similarity,F/High/Prog/Empa,F/High/Cons/Empa,0.45838555972810113
qwen-vl,Qwen3-VL,perception_jaccard,Appendix Figure A3,mean image-conditioned Jaccard similarity,F/High/Prog/Prag,F/High/Cons/Empa,0.45384034613571145
qwen-vl,Qwen3-VL,perception_jaccard,Appendix Figure A3,mean image-conditioned Jaccard similarity,F/Low /Cons/Anal,F/High/Cons/Empa,0.41266511312021636
qwen-vl,Qwen3-VL,perception_jaccard,Appendix Figure A3,mean image-conditioned Jaccard similarity,F/Low /Cons/Empa,F/High/Cons/Empa,0.43236347693345784
qwen-vl,Qwen3-VL,perception_jaccard,Appendix Figure A3,mean image-conditioned Jaccard similarity,F/Low /Cons/Prag,F/High/Cons/Empa,0.41185173780400086
qwen-vl,Qwen3-VL,perception_jaccard,Appendix Figure A3,mean image-conditioned Jaccard similarity,F/Low /Prog/Anal,F/High/Cons/Empa,0.40720077017821077
qwen-vl,Qwen3-VL,perception_jaccard,Appendix Figure A3,mean image-conditioned Jaccard similarity,F/Low /Prog/Empa,F/High/Cons/Empa,0.42569718865714246
qwen-vl,Qwen3-VL,perception_jaccard,Appendix Figure A3,mean image-conditioned Jaccard similarity,F/Low /Prog/Prag,F/High/Cons/Empa,0.41254422406178148
qwen-vl,Qwen3-VL,perception_jaccard,Appendix Figure A3,mean image-conditioned Jaccard similarity,M/High/Cons/Anal,F/High/Cons/Empa,0.43771262786719217
qwen-vl,Qwen3-VL,perception_jaccard,Appendix Figure A3,mean image-conditioned Jaccard similarity,M/High/Cons/Empa,F/High/Cons/Empa,0.46874766525967604
qwen-vl,Qwen3-VL,perception_jaccard,Appendix Figure A3,mean image-conditioned Jaccard similarity,M/High/Cons/Prag,F/High/Cons/Empa,0.45202591935281333
qwen-vl,Qwen3-VL,perception_jaccard,Appendix Figure A3,mean image-conditioned Jaccard similarity,M/High/Prog/Anal,F/High/Cons/Empa,0.43383895012329482
qwen-vl,Qwen3-VL,perception_jaccard,Appendix Figure A3,mean image-conditioned Jaccard similarity,M/High/Prog/Empa,F/High/Cons/Empa,0.45440044486749664
qwen-vl,Qwen3-VL,perception_jaccard,Appendix Figure A3,mean image-conditioned Jaccard similarity,M/High/Prog/Prag,F/High/Cons/Empa,0.44179323772031087
qwen-vl,Qwen3-VL,perception_jaccard,Appendix Figure A3,mean image-conditioned Jaccard similarity,M/Low /Cons/Anal,F/High/Cons/Empa,0.42357242569647996
qwen-vl,Qwen3-VL,perception_jaccard,Appendix Figure A3,mean image-conditioned Jaccard similarity,M/Low /Cons/Empa,F/High/Cons/Empa,0.42955422961402462
qwen-vl,Qwen3-VL,perception_jaccard,Appendix Figure A3,mean image-conditioned Jaccard similarity,M/Low /Cons/Prag,F/High/Cons/Empa,0.42217002484097432
qwen-vl,Qwen3-VL,perception_jaccard,Appendix Figure A3,mean image-conditioned Jaccard similarity,M/Low /Prog/Anal,F/High/Cons/Empa,0.41641402404635458
qwen-vl,Qwen3-VL,perception_jaccard,Appendix Figure A3,mean image-conditioned Jaccard similarity,M/Low /Prog/Empa,F/High/Cons/Empa,0.41853248690857414
qwen-vl,Qwen3-VL,perception_jaccard,Appendix Figure A3,mean image-conditioned Jaccard similarity,M/Low /Prog/Prag,F/High/Cons/Empa,0.40570148085122376
qwen-vl,Qwen3-VL,perception_jaccard,Appendix Figure A3,mean image-conditioned Jaccard similarity,F/High/Cons/Anal,F/High/Cons/Prag,0.46911234840398891
qwen-vl,Qwen3-VL,perception_jaccard,Appendix Figure A3,mean image-conditioned Jaccard similarity,F/High/Cons/Empa,F/High/Cons/Prag,0.45013702818772144
qwen-vl,Qwen3-VL,perception_jaccard,Appendix Figure A3,mean image-conditioned Jaccard similarity,F/High/Cons/Prag,F/High/Cons/Prag,0.49296158464159839
qwen-vl,Qwen3-VL,perception_jaccard,Appendix Figure A3,mean image-conditioned Jaccard similarity,F/High/Prog/Anal,F/High/Cons/Prag,0.44151359848478444
qwen-vl,Qwen3-VL,perception_jaccard,Appendix Figure A3,mean image-conditioned Jaccard similarity,F/High/Prog/Empa,F/High/Cons/Prag,0.42488925706519304
qwen-vl,Qwen3-VL,perception_jaccard,Appendix Figure A3,mean image-conditioned Jaccard similarity,F/High/Prog/Prag,F/High/Cons/Prag,0.45263116611545806
qwen-vl,Qwen3-VL,perception_jaccard,Appendix Figure A3,mean image-conditioned Jaccard similarity,F/Low /Cons/Anal,F/High/Cons/Prag,0.43025059128781196
qwen-vl,Qwen3-VL,perception_jaccard,Appendix Figure A3,mean image-conditioned Jaccard similarity,F/Low /Cons/Empa,F/High/Cons/Prag,0.42222489527172263
qwen-vl,Qwen3-VL,perception_jaccard,Appendix Figure A3,mean image-conditioned Jaccard similarity,F/Low /Cons/Prag,F/High/Cons/Prag,0.42912004983681407
qwen-vl,Qwen3-VL,perception_jaccard,Appendix Figure A3,mean image-conditioned Jaccard similarity,F/Low /Prog/Anal,F/High/Cons/Prag,0.40738723824581213
qwen-vl,Qwen3-VL,perception_jaccard,Appendix Figure A3,mean image-conditioned Jaccard similarity,F/Low /Prog/Empa,F/High/Cons/Prag,0.40617736895365963
qwen-vl,Qwen3-VL,perception_jaccard,Appendix Figure A3,mean image-conditioned Jaccard similarity,F/Low /Prog/Prag,F/High/Cons/Prag,0.41430129173882851
qwen-vl,Qwen3-VL,perception_jaccard,Appendix Figure A3,mean image-conditioned Jaccard similarity,M/High/Cons/Anal,F/High/Cons/Prag,0.46089210490351606
qwen-vl,Qwen3-VL,perception_jaccard,Appendix Figure A3,mean image-conditioned Jaccard similarity,M/High/Cons/Empa,F/High/Cons/Prag,0.45056753069038247
qwen-vl,Qwen3-VL,perception_jaccard,Appendix Figure A3,mean image-conditioned Jaccard similarity,M/High/Cons/Prag,F/High/Cons/Prag,0.48374817250111285
qwen-vl,Qwen3-VL,perception_jaccard,Appendix Figure A3,mean image-conditioned Jaccard similarity,M/High/Prog/Anal,F/High/Cons/Prag,0.42649467369861532
qwen-vl,Qwen3-VL,perception_jaccard,Appendix Figure A3,mean image-conditioned Jaccard similarity,M/High/Prog/Empa,F/High/Cons/Prag,0.42495108305439999
qwen-vl,Qwen3-VL,perception_jaccard,Appendix Figure A3,mean image-conditioned Jaccard similarity,M/High/Prog/Prag,F/High/Cons/Prag,0.44399927132242695
qwen-vl,Qwen3-VL,perception_jaccard,Appendix Figure A3,mean image-conditioned Jaccard similarity,M/Low /Cons/Anal,F/High/Cons/Prag,0.43778204434860712
qwen-vl,Qwen3-VL,perception_jaccard,Appendix Figure A3,mean image-conditioned Jaccard similarity,M/Low /Cons/Empa,F/High/Cons/Prag,0.42093974715253196
qwen-vl,Qwen3-VL,perception_jaccard,Appendix Figure A3,mean image-conditioned Jaccard similarity,M/Low /Cons/Prag,F/High/Cons/Prag,0.43413282554381438
qwen-vl,Qwen3-VL,perception_jaccard,Appendix Figure A3,mean image-conditioned Jaccard similarity,M/Low /Prog/Anal,F/High/Cons/Prag,0.41493374878868527
qwen-vl,Qwen3-VL,perception_jaccard,Appendix Figure A3,mean image-conditioned Jaccard similarity,M/Low /Prog/Empa,F/High/Cons/Prag,0.39820788816062491
qwen-vl,Qwen3-VL,perception_jaccard,Appendix Figure A3,mean image-conditioned Jaccard similarity,M/Low /Prog/Prag,F/High/Cons/Prag,0.40870291933509295
qwen-vl,Qwen3-VL,perception_jaccard,Appendix Figure A3,mean image-conditioned Jaccard similarity,F/High/Cons/Anal,F/High/Prog/Anal,0.44824593842621935
qwen-vl,Qwen3-VL,perception_jaccard,Appendix Figure A3,mean image-conditioned Jaccard similarity,F/High/Cons/Empa,F/High/Prog/Anal,0.44837260626169156
qwen-vl,Qwen3-VL,perception_jaccard,Appendix Figure A3,mean image-conditioned Jaccard similarity,F/High/Cons/Prag,F/High/Prog/Anal,0.44151359848478444
qwen-vl,Qwen3-VL,perception_jaccard,Appendix Figure A3,mean image-conditioned Jaccard similarity,F/High/Prog/Anal,F/High/Prog/Anal,0.49937322722352584
qwen-vl,Qwen3-VL,perception_jaccard,Appendix Figure A3,mean image-conditioned Jaccard similarity,F/High/Prog/Empa,F/High/Prog/Anal,0.46656409935282595
qwen-vl,Qwen3-VL,perception_jaccard,Appendix Figure A3,mean image-conditioned Jaccard similarity,F/High/Prog/Prag,F/High/Prog/Anal,0.47083584420688918
qwen-vl,Qwen3-VL,perception_jaccard,Appendix Figure A3,mean image-conditioned Jaccard similarity,F/Low /Cons/Anal,F/High/Prog/Anal,0.40860027323328152
qwen-vl,Qwen3-VL,perception_jaccard,Appendix Figure A3,mean image-conditioned Jaccard similarity,F/Low /Cons/Empa,F/High/Prog/Anal,0.4177726207706417
qwen-vl,Qwen3-VL,perception_jaccard,Appendix Figure A3,mean image-conditioned Jaccard similarity,F/Low /Cons/Prag,F/High/Prog/Anal,0.40564432833464442
qwen-vl,Qwen3-VL,perception_jaccard,Appendix Figure A3,mean image-conditioned Jaccard similarity,F/Low /Prog/Anal,F/High/Prog/Anal,0.41921919011270553
qwen-vl,Qwen3-VL,perception_jaccard,Appendix Figure A3,mean image-conditioned Jaccard similarity,F/Low /Prog/Empa,F/High/Prog/Anal,0.42203061790277813
qwen-vl,Qwen3-VL,perception_jaccard,Appendix Figure A3,mean image-conditioned Jaccard similarity,F/Low /Prog/Prag,F/High/Prog/Anal,0.4164557108090875
qwen-vl,Qwen3-VL,perception_jaccard,Appendix Figure A3,mean image-conditioned Jaccard similarity,M/High/Cons/Anal,F/High/Prog/Anal,0.44881206053145645
qwen-vl,Qwen3-VL,perception_jaccard,Appendix Figure A3,mean image-conditioned Jaccard similarity,M/High/Cons/Empa,F/High/Prog/Anal,0.45274995222458175
qwen-vl,Qwen3-VL,perception_jaccard,Appendix Figure A3,mean image-conditioned Jaccard similarity,M/High/Cons/Prag,F/High/Prog/Anal,0.44971990347694629
qwen-vl,Qwen3-VL,perception_jaccard,Appendix Figure A3,mean image-conditioned Jaccard similarity,M/High/Prog/Anal,F/High/Prog/Anal,0.47672175043257725
qwen-vl,Qwen3-VL,perception_jaccard,Appendix Figure A3,mean image-conditioned Jaccard similarity,M/High/Prog/Empa,F/High/Prog/Anal,0.45796818766651465
qwen-vl,Qwen3-VL,perception_jaccard,Appendix Figure A3,mean image-conditioned Jaccard similarity,M/High/Prog/Prag,F/High/Prog/Anal,0.46093855027997604
qwen-vl,Qwen3-VL,perception_jaccard,Appendix Figure A3,mean image-conditioned Jaccard similarity,M/Low /Cons/Anal,F/High/Prog/Anal,0.41750329977864165
qwen-vl,Qwen3-VL,perception_jaccard,Appendix Figure A3,mean image-conditioned Jaccard similarity,M/Low /Cons/Empa,F/High/Prog/Anal,0.41518289649024448
qwen-vl,Qwen3-VL,perception_jaccard,Appendix Figure A3,mean image-conditioned Jaccard similarity,M/Low /Cons/Prag,F/High/Prog/Anal,0.41125306777525839
qwen-vl,Qwen3-VL,perception_jaccard,Appendix Figure A3,mean image-conditioned Jaccard similarity,M/Low /Prog/Anal,F/High/Prog/Anal,0.42544594013605441
qwen-vl,Qwen3-VL,perception_jaccard,Appendix Figure A3,mean image-conditioned Jaccard similarity,M/Low /Prog/Empa,F/High/Prog/Anal,0.4220076849122058
qwen-vl,Qwen3-VL,perception_jaccard,Appendix Figure A3,mean image-conditioned Jaccard similarity,M/Low /Prog/Prag,F/High/Prog/Anal,0.41016515930482522
qwen-vl,Qwen3-VL,perception_jaccard,Appendix Figure A3,mean image-conditioned Jaccard similarity,F/High/Cons/Anal,F/High/Prog/Empa,0.42281437080531015
qwen-vl,Qwen3-VL,perception_jaccard,Appendix Figure A3,mean image-conditioned Jaccard similarity,F/High/Cons/Empa,F/High/Prog/Empa,0.45838555972810113
qwen-vl,Qwen3-VL,perception_jaccard,Appendix Figure A3,mean image-conditioned Jaccard similarity,F/High/Cons/Prag,F/High/Prog/Empa,0.42488925706519304
qwen-vl,Qwen3-VL,perception_jaccard,Appendix Figure A3,mean image-conditioned Jaccard similarity,F/High/Prog/Anal,F/High/Prog/Empa,0.46656409935282595
qwen-vl,Qwen3-VL,perception_jaccard,Appendix Figure A3,mean image-conditioned Jaccard similarity,F/High/Prog/Empa,F/High/Prog/Empa,0.50057173624415041
qwen-vl,Qwen3-VL,perception_jaccard,Appendix Figure A3,mean image-conditioned Jaccard similarity,F/High/Prog/Prag,F/High/Prog/Empa,0.47088918456571038
qwen-vl,Qwen3-VL,perception_jaccard,Appendix Figure A3,mean image-conditioned Jaccard similarity,F/Low /Cons/Anal,F/High/Prog/Empa,0.39828219795751246
qwen-vl,Qwen3-VL,perception_jaccard,Appendix Figure A3,mean image-conditioned Jaccard similarity,F/Low /Cons/Empa,F/High/Prog/Empa,0.42463920899941532
qwen-vl,Qwen3-VL,perception_jaccard,Appendix Figure A3,mean image-conditioned Jaccard similarity,F/Low /Cons/Prag,F/High/Prog/Empa,0.4016343550153636
qwen-vl,Qwen3-VL,perception_jaccard,Appendix Figure A3,mean image-conditioned Jaccard similarity,F/Low /Prog/Anal,F/High/Prog/Empa,0.41968622645846215
qwen-vl,Qwen3-VL,perception_jaccard,Appendix Figure A3,mean image-conditioned Jaccard similarity,F/Low /Prog/Empa,F/High/Prog/Empa,0.43977766935504109
qwen-vl,Qwen3-VL,perception_jaccard,Appendix Figure A3,mean image-conditioned Jaccard similarity,F/Low /Prog/Prag,F/High/Prog/Empa,0.41582921846662502
qwen-vl,Qwen3-VL,perception_jaccard,Appendix Figure A3,mean image-conditioned Jaccard similarity,M/High/Cons/Anal,F/High/Prog/Empa,0.42172901670923968
qwen-vl,Qwen3-VL,perception_jaccard,Appendix Figure A3,mean image-conditioned Jaccard similarity,M/High/Cons/Empa,F/High/Prog/Empa,0.45827998985804186
qwen-vl,Qwen3-VL,perception_jaccard,Appendix Figure A3,mean image-conditioned Jaccard similarity,M/High/Cons/Prag,F/High/Prog/Empa,0.43398190215090865
qwen-vl,Qwen3-VL,perception_jaccard,Appendix Figure A3,mean image-conditioned Jaccard similarity,M/High/Prog/Anal,F/High/Prog/Empa,0.45878334271719284
qwen-vl,Qwen3-VL,perception_jaccard,Appendix Figure A3,mean image-conditioned Jaccard similarity,M/High/Prog/Empa,F/High/Prog/Empa,0.48087844648033129
qwen-vl,Qwen3-VL,perception_jaccard,Appendix Figure A3,mean image-conditioned Jaccard similarity,M/High/Prog/Prag,F/High/Prog/Empa,0.45957513083477691
qwen-vl,Qwen3-VL,perception_jaccard,Appendix Figure A3,mean image-conditioned Jaccard similarity,M/Low /Cons/Anal,F/High/Prog/Empa,0.41427367307361862
qwen-vl,Qwen3-VL,perception_jaccard,Appendix Figure A3,mean image-conditioned Jaccard similarity,M/Low /Cons/Empa,F/High/Prog/Empa,0.42509614734033851
qwen-vl,Qwen3-VL,perception_jaccard,Appendix Figure A3,mean image-conditioned Jaccard similarity,M/Low /Cons/Prag,F/High/Prog/Empa,0.40973235013802622
qwen-vl,Qwen3-VL,perception_jaccard,Appendix Figure A3,mean image-conditioned Jaccard similarity,M/Low /Prog/Anal,F/High/Prog/Empa,0.42000075228729172
qwen-vl,Qwen3-VL,perception_jaccard,Appendix Figure A3,mean image-conditioned Jaccard similarity,M/Low /Prog/Empa,F/High/Prog/Empa,0.4346888298596856
qwen-vl,Qwen3-VL,perception_jaccard,Appendix Figure A3,mean image-conditioned Jaccard similarity,M/Low /Prog/Prag,F/High/Prog/Empa,0.40861785357808861
qwen-vl,Qwen3-VL,perception_jaccard,Appendix Figure A3,mean image-conditioned Jaccard similarity,F/High/Cons/Anal,F/High/Prog/Prag,0.44966253091244185
qwen-vl,Qwen3-VL,perception_jaccard,Appendix Figure A3,mean image-conditioned Jaccard similarity,F/High/Cons/Empa,F/High/Prog/Prag,0.45384034613571145
qwen-vl,Qwen3-VL,perception_jaccard,Appendix Figure A3,mean image-conditioned Jaccard similarity,F/High/Cons/Prag,F/High/Prog/Prag,0.45263116611545806
qwen-vl,Qwen3-VL,perception_jaccard,Appendix Figure A3,mean image-conditioned Jaccard similarity,F/High/Prog/Anal,F/High/Prog/Prag,0.47083584420688906
qwen-vl,Qwen3-VL,perception_jaccard,Appendix Figure A3,mean image-conditioned Jaccard similarity,F/High/Prog/Empa,F/High/Prog/Prag,0.47088918456571038
qwen-vl,Qwen3-VL,perception_jaccard,Appendix Figure A3,mean image-conditioned Jaccard similarity,F/High/Prog/Prag,F/High/Prog/Prag,0.50330406120868787
qwen-vl,Qwen3-VL,perception_jaccard,Appendix Figure A3,mean image-conditioned Jaccard similarity,F/Low /Cons/Anal,F/High/Prog/Prag,0.41279079515028
qwen-vl,Qwen3-VL,perception_jaccard,Appendix Figure A3,mean image-conditioned Jaccard similarity,F/Low /Cons/Empa,F/High/Prog/Prag,0.42643145354052664
qwen-vl,Qwen3-VL,perception_jaccard,Appendix Figure A3,mean image-conditioned Jaccard similarity,F/Low /Cons/Prag,F/High/Prog/Prag,0.41868040907029491
qwen-vl,Qwen3-VL,perception_jaccard,Appendix Figure A3,mean image-conditioned Jaccard similarity,F/Low /Prog/Anal,F/High/Prog/Prag,0.42201151526846986
qwen-vl,Qwen3-VL,perception_jaccard,Appendix Figure A3,mean image-conditioned Jaccard similarity,F/Low /Prog/Empa,F/High/Prog/Prag,0.43302607295552387
qwen-vl,Qwen3-VL,perception_jaccard,Appendix Figure A3,mean image-conditioned Jaccard similarity,F/Low /Prog/Prag,F/High/Prog/Prag,0.42354067989721611
qwen-vl,Qwen3-VL,perception_jaccard,Appendix Figure A3,mean image-conditioned Jaccard similarity,M/High/Cons/Anal,F/High/Prog/Prag,0.44324822850159229
qwen-vl,Qwen3-VL,perception_jaccard,Appendix Figure A3,mean image-conditioned Jaccard similarity,M/High/Cons/Empa,F/High/Prog/Prag,0.46173501875459133
qwen-vl,Qwen3-VL,perception_jaccard,Appendix Figure A3,mean image-conditioned Jaccard similarity,M/High/Cons/Prag,F/High/Prog/Prag,0.46279567103804486
qwen-vl,Qwen3-VL,perception_jaccard,Appendix Figure A3,mean image-conditioned Jaccard similarity,M/High/Prog/Anal,F/High/Prog/Prag,0.4622348980377417
qwen-vl,Qwen3-VL,perception_jaccard,Appendix Figure A3,mean image-conditioned Jaccard similarity,M/High/Prog/Empa,F/High/Prog/Prag,0.47670153560090706
qwen-vl,Qwen3-VL,perception_jaccard,Appendix Figure A3,mean image-conditioned Jaccard similarity,M/High/Prog/Prag,F/High/Prog/Prag,0.48888205311675681
qwen-vl,Qwen3-VL,perception_jaccard,Appendix Figure A3,mean image-conditioned Jaccard similarity,M/Low /Cons/Anal,F/High/Prog/Prag,0.42927366868048816
qwen-vl,Qwen3-VL,perception_jaccard,Appendix Figure A3,mean image-conditioned Jaccard similarity,M/Low /Cons/Empa,F/High/Prog/Prag,0.42409141099980902
qwen-vl,Qwen3-VL,perception_jaccard,Appendix Figure A3,mean image-conditioned Jaccard similarity,M/Low /Cons/Prag,F/High/Prog/Prag,0.42253176069538917
qwen-vl,Qwen3-VL,perception_jaccard,Appendix Figure A3,mean image-conditioned Jaccard similarity,M/Low /Prog/Anal,F/High/Prog/Prag,0.43143003451339718
qwen-vl,Qwen3-VL,perception_jaccard,Appendix Figure A3,mean image-conditioned Jaccard similarity,M/Low /Prog/Empa,F/High/Prog/Prag,0.42727232923996511
qwen-vl,Qwen3-VL,perception_jaccard,Appendix Figure A3,mean image-conditioned Jaccard similarity,M/Low /Prog/Prag,F/High/Prog/Prag,0.41822932780860178
qwen-vl,Qwen3-VL,perception_jaccard,Appendix Figure A3,mean image-conditioned Jaccard similarity,F/High/Cons/Anal,F/Low /Cons/Anal,0.43147438983910485
qwen-vl,Qwen3-VL,perception_jaccard,Appendix Figure A3,mean image-conditioned Jaccard similarity,F/High/Cons/Empa,F/Low /Cons/Anal,0.41266511312021625
qwen-vl,Qwen3-VL,perception_jaccard,Appendix Figure A3,mean image-conditioned Jaccard similarity,F/High/Cons/Prag,F/Low /Cons/Anal,0.43025059128781196
qwen-vl,Qwen3-VL,perception_jaccard,Appendix Figure A3,mean image-conditioned Jaccard similarity,F/High/Prog/Anal,F/Low /Cons/Anal,0.40860027323328152
qwen-vl,Qwen3-VL,perception_jaccard,Appendix Figure A3,mean image-conditioned Jaccard similarity,F/High/Prog/Empa,F/Low /Cons/Anal,0.39828219795751246
qwen-vl,Qwen3-VL,perception_jaccard,Appendix Figure A3,mean image-conditioned Jaccard similarity,F/High/Prog/Prag,F/Low /Cons/Anal,0.41279079515028
qwen-vl,Qwen3-VL,perception_jaccard,Appendix Figure A3,mean image-conditioned Jaccard similarity,F/Low /Cons/Anal,F/Low /Cons/Anal,0.47081522206607185
qwen-vl,Qwen3-VL,perception_jaccard,Appendix Figure A3,mean image-conditioned Jaccard similarity,F/Low /Cons/Empa,F/Low /Cons/Anal,0.44279644017466813
qwen-vl,Qwen3-VL,perception_jaccard,Appendix Figure A3,mean image-conditioned Jaccard similarity,F/Low /Cons/Prag,F/Low /Cons/Anal,0.46596618515660859
qwen-vl,Qwen3-VL,perception_jaccard,Appendix Figure A3,mean image-conditioned Jaccard similarity,F/Low /Prog/Anal,F/Low /Cons/Anal,0.43531144456536369
qwen-vl,Qwen3-VL,perception_jaccard,Appendix Figure A3,mean image-conditioned Jaccard similarity,F/Low /Prog/Empa,F/Low /Cons/Anal,0.41950428440768905
qwen-vl,Qwen3-VL,perception_jaccard,Appendix Figure A3,mean image-conditioned Jaccard similarity,F/Low /Prog/Prag,F/Low /Cons/Anal,0.44695274319256817
qwen-vl,Qwen3-VL,perception_jaccard,Appendix Figure A3,mean image-conditioned Jaccard similarity,M/High/Cons/Anal,F/Low /Cons/Anal,0.43364385821741985
qwen-vl,Qwen3-VL,perception_jaccard,Appendix Figure A3,mean image-conditioned Jaccard similarity,M/High/Cons/Empa,F/Low /Cons/Anal,0.41608006776262912
qwen-vl,Qwen3-VL,perception_jaccard,Appendix Figure A3,mean image-conditioned Jaccard similarity,M/High/Cons/Prag,F/Low /Cons/Anal,0.43485838880129746
qwen-vl,Qwen3-VL,perception_jaccard,Appendix Figure A3,mean image-conditioned Jaccard similarity,M/High/Prog/Anal,F/Low /Cons/Anal,0.39659800319644911
qwen-vl,Qwen3-VL,perception_jaccard,Appendix Figure A3,mean image-conditioned Jaccard similarity,M/High/Prog/Empa,F/Low /Cons/Anal,0.39966594519194315
qwen-vl,Qwen3-VL,perception_jaccard,Appendix Figure A3,mean image-conditioned Jaccard similarity,M/High/Prog/Prag,F/Low /Cons/Anal,0.4082989981214713
qwen-vl,Qwen3-VL,perception_jaccard,Appendix Figure A3,mean image-conditioned Jaccard similarity,M/Low /Cons/Anal,F/Low /Cons/Anal,0.46964877869537075
qwen-vl,Qwen3-VL,perception_jaccard,Appendix Figure A3,mean image-conditioned Jaccard similarity,M/Low /Cons/Empa,F/Low /Cons/Anal,0.43556148788897758
qwen-vl,Qwen3-VL,perception_jaccard,Appendix Figure A3,mean image-conditioned Jaccard similarity,M/Low /Cons/Prag,F/Low /Cons/Anal,0.47007479333256869
qwen-vl,Qwen3-VL,perception_jaccard,Appendix Figure A3,mean image-conditioned Jaccard similarity,M/Low /Prog/Anal,F/Low /Cons/Anal,0.43525361564779608
qwen-vl,Qwen3-VL,perception_jaccard,Appendix Figure A3,mean image-conditioned Jaccard similarity,M/Low /Prog/Empa,F/Low /Cons/Anal,0.4198649570486449
qwen-vl,Qwen3-VL,perception_jaccard,Appendix Figure A3,mean image-conditioned Jaccard similarity,M/Low /Prog/Prag,F/Low /Cons/Anal,0.43739828603451669
qwen-vl,Qwen3-VL,perception_jaccard,Appendix Figure A3,mean image-conditioned Jaccard similarity,F/High/Cons/Anal,F/Low /Cons/Empa,0.4226066343105746
qwen-vl,Qwen3-VL,perception_jaccard,Appendix Figure A3,mean image-conditioned Jaccard similarity,F/High/Cons/Empa,F/Low /Cons/Empa,0.43236347693345784
qwen-vl,Qwen3-VL,perception_jaccard,Appendix Figure A3,mean image-conditioned Jaccard similarity,F/High/Cons/Prag,F/Low /Cons/Empa,0.42222489527172263
qwen-vl,Qwen3-VL,perception_jaccard,Appendix Figure A3,mean image-conditioned Jaccard similarity,F/High/Prog/Anal,F/Low /Cons/Empa,0.4177726207706417
qwen-vl,Qwen3-VL,perception_jaccard,Appendix Figure A3,mean image-conditioned Jaccard similarity,F/High/Prog/Empa,F/Low /Cons/Empa,0.42463920899941532
qwen-vl,Qwen3-VL,perception_jaccard,Appendix Figure A3,mean image-conditioned Jaccard similarity,F/High/Prog/Prag,F/Low /Cons/Empa,0.42643145354052664
qwen-vl,Qwen3-VL,perception_jaccard,Appendix Figure A3,mean image-conditioned Jaccard similarity,F/Low /Cons/Anal,F/Low /Cons/Empa,0.44279644017466813
qwen-vl,Qwen3-VL,perception_jaccard,Appendix Figure A3,mean image-conditioned Jaccard similarity,F/Low /Cons/Empa,F/Low /Cons/Empa,0.48895520569873357
qwen-vl,Qwen3-VL,perception_jaccard,Appendix Figure A3,mean image-conditioned Jaccard similarity,F/Low /Cons/Prag,F/Low /Cons/Empa,0.45953884796635813
qwen-vl,Qwen3-VL,perception_jaccard,Appendix Figure A3,mean image-conditioned Jaccard similarity,F/Low /Prog/Anal,F/Low /Cons/Empa,0.43937372235819133
qwen-vl,Qwen3-VL,perception_jaccard,Appendix Figure A3,mean image-conditioned Jaccard similarity,F/Low /Prog/Empa,F/Low /Cons/Empa,0.44809692844429427
qwen-vl,Qwen3-VL,perception_jaccard,Appendix Figure A3,mean image-conditioned Jaccard similarity,F/Low /Prog/Prag,F/Low /Cons/Empa,0.4506959138718995
qwen-vl,Qwen3-VL,perception_jaccard,Appendix Figure A3,mean image-conditioned Jaccard similarity,M/High/Cons/Anal,F/Low /Cons/Empa,0.42462756090473647
qwen-vl,Qwen3-VL,perception_jaccard,Appendix Figure A3,mean image-conditioned Jaccard similarity,M/High/Cons/Empa,F/Low /Cons/Empa,0.4344102493281109
qwen-vl,Qwen3-VL,perception_jaccard,Appendix Figure A3,mean image-conditioned Jaccard similarity,M/High/Cons/Prag,F/Low /Cons/Empa,0.42615183782881905
qwen-vl,Qwen3-VL,perception_jaccard,Appendix Figure A3,mean image-conditioned Jaccard similarity,M/High/Prog/Anal,F/Low /Cons/Empa,0.40659632870953788
qwen-vl,Qwen3-VL,perception_jaccard,Appendix Figure A3,mean image-conditioned Jaccard similarity,M/High/Prog/Empa,F/Low /Cons/Empa,0.4275521706765632
qwen-vl,Qwen3-VL,perception_jaccard,Appendix Figure A3,mean image-conditioned Jaccard similarity,M/High/Prog/Prag,F/Low /Cons/Empa,0.42091296909913489
qwen-vl,Qwen3-VL,perception_jaccard,Appendix Figure A3,mean image-conditioned Jaccard similarity,M/Low /Cons/Anal,F/Low /Cons/Empa,0.45356930136322537
qwen-vl,Qwen3-VL,perception_jaccard,Appendix Figure A3,mean image-conditioned Jaccard similarity,M/Low /Cons/Empa,F/Low /Cons/Empa,0.46177937804052399
qwen-vl,Qwen3-VL,perception_jaccard,Appendix Figure A3,mean image-conditioned Jaccard similarity,M/Low /Cons/Prag,F/Low /Cons/Empa,0.45818967238948993
qwen-vl,Qwen3-VL,perception_jaccard,Appendix Figure A3,mean image-conditioned Jaccard similarity,M/Low /Prog/Anal,F/Low /Cons/Empa,0.44447327188539781
qwen-vl,Qwen3-VL,perception_jaccard,Appendix Figure A3,mean image-conditioned Jaccard similarity,M/Low /Prog/Empa,F/Low /Cons/Empa,0.44770558086144691
qwen-vl,Qwen3-VL,perception_jaccard,Appendix Figure A3,mean image-conditioned Jaccard similarity,M/Low /Prog/Prag,F/Low /Cons/Empa,0.44208619559709544
qwen-vl,Qwen3-VL,perception_jaccard,Appendix Figure A3,mean image-conditioned Jaccard similarity,F/High/Cons/Anal,F/Low /Cons/Prag,0.42555603913536422
qwen-vl,Qwen3-VL,perception_jaccard,Appendix Figure A3,mean image-conditioned Jaccard similarity,F/High/Cons/Empa,F/Low /Cons/Prag,0.41185173780400086
qwen-vl,Qwen3-VL,perception_jaccard,Appendix Figure A3,mean image-conditioned Jaccard similarity,F/High/Cons/Prag,F/Low /Cons/Prag,0.42912004983681407
qwen-vl,Qwen3-VL,perception_jaccard,Appendix Figure A3,mean image-conditioned Jaccard similarity,F/High/Prog/Anal,F/Low /Cons/Prag,0.40564432833464442
qwen-vl,Qwen3-VL,perception_jaccard,Appendix Figure A3,mean image-conditioned Jaccard similarity,F/High/Prog/Empa,F/Low /Cons/Prag,0.4016343550153636
qwen-vl,Qwen3-VL,perception_jaccard,Appendix Figure A3,mean image-conditioned Jaccard similarity,F/High/Prog/Prag,F/Low /Cons/Prag,0.41868040907029475
qwen-vl,Qwen3-VL,perception_jaccard,Appendix Figure A3,mean image-conditioned Jaccard similarity,F/Low /Cons/Anal,F/Low /Cons/Prag,0.46596618515660859
qwen-vl,Qwen3-VL,perception_jaccard,Appendix Figure A3,mean image-conditioned Jaccard similarity,F/Low /Cons/Empa,F/Low /Cons/Prag,0.45953884796635813
qwen-vl,Qwen3-VL,perception_jaccard,Appendix Figure A3,mean image-conditioned Jaccard similarity,F/Low /Cons/Prag,F/Low /Cons/Prag,0.49910148908600915
qwen-vl,Qwen3-VL,perception_jaccard,Appendix Figure A3,mean image-conditioned Jaccard similarity,F/Low /Prog/Anal,F/Low /Cons/Prag,0.44740603990884636
qwen-vl,Qwen3-VL,perception_jaccard,Appendix Figure A3,mean image-conditioned Jaccard similarity,F/Low /Prog/Empa,F/Low /Cons/Prag,0.43051468110579322
qwen-vl,Qwen3-VL,perception_jaccard,Appendix Figure A3,mean image-conditioned Jaccard similarity,F/Low /Prog/Prag,F/Low /Cons/Prag,0.45826135979272004
qwen-vl,Qwen3-VL,perception_jaccard,Appendix Figure A3,mean image-conditioned Jaccard similarity,M/High/Cons/Anal,F/Low /Cons/Prag,0.42951401279461282
qwen-vl,Qwen3-VL,perception_jaccard,Appendix Figure A3,mean image-conditioned Jaccard similarity,M/High/Cons/Empa,F/Low /Cons/Prag,0.41781353571630725
qwen-vl,Qwen3-VL,perception_jaccard,Appendix Figure A3,mean image-conditioned Jaccard similarity,M/High/Cons/Prag,F/Low /Cons/Prag,0.43355800341395812
qwen-vl,Qwen3-VL,perception_jaccard,Appendix Figure A3,mean image-conditioned Jaccard similarity,M/High/Prog/Anal,F/Low /Cons/Prag,0.3945075516979149
qwen-vl,Qwen3-VL,perception_jaccard,Appendix Figure A3,mean image-conditioned Jaccard similarity,M/High/Prog/Empa,F/Low /Cons/Prag,0.40743088206459938
qwen-vl,Qwen3-VL,perception_jaccard,Appendix Figure A3,mean image-conditioned Jaccard similarity,M/High/Prog/Prag,F/Low /Cons/Prag,0.41382085958562242
qwen-vl,Qwen3-VL,perception_jaccard,Appendix Figure A3,mean image-conditioned Jaccard similarity,M/Low /Cons/Anal,F/Low /Cons/Prag,0.47818380935306665
qwen-vl,Qwen3-VL,perception_jaccard,Appendix Figure A3,mean image-conditioned Jaccard similarity,M/Low /Cons/Empa,F/Low /Cons/Prag,0.45057135580058649
qwen-vl,Qwen3-VL,perception_jaccard,Appendix Figure A3,mean image-conditioned Jaccard similarity,M/Low /Cons/Prag,F/Low /Cons/Prag,0.49207814174855125
qwen-vl,Qwen3-VL,perception_jaccard,Appendix Figure A3,mean image-conditioned Jaccard similarity,M/Low /Prog/Anal,F/Low /Cons/Prag,0.44458777476514422
qwen-vl,Qwen3-VL,perception_jaccard,Appendix Figure A3,mean image-conditioned Jaccard similarity,M/Low /Prog/Empa,F/Low /Cons/Prag,0.42825139609948637
qwen-vl,Qwen3-VL,perception_jaccard,Appendix Figure A3,mean image-conditioned Jaccard similarity,M/Low /Prog/Prag,F/Low /Cons/Prag,0.44985928800973496
qwen-vl,Qwen3-VL,perception_jaccard,Appendix Figure A3,mean image-conditioned Jaccard similarity,F/High/Cons/Anal,F/Low /Prog/Anal,0.40889469928387689
qwen-vl,Qwen3-VL,perception_jaccard,Appendix Figure A3,mean image-conditioned Jaccard similarity,F/High/Cons/Empa,F/Low /Prog/Anal,0.40720077017821071
qwen-vl,Qwen3-VL,perception_jaccard,Appendix Figure A3,mean image-conditioned Jaccard similarity,F/High/Cons/Prag,F/Low /Prog/Anal,0.40738723824581213
qwen-vl,Qwen3-VL,perception_jaccard,Appendix Figure A3,mean image-conditioned Jaccard similarity,F/High/Prog/Anal,F/Low /Prog/Anal,0.41921919011270553
qwen-vl,Qwen3-VL,perception_jaccard,Appendix Figure A3,mean image-conditioned Jaccard similarity,F/High/Prog/Empa,F/Low /Prog/Anal,0.41968622645846215
qwen-vl,Qwen3-VL,perception_jaccard,Appendix Figure A3,mean image-conditioned Jaccard similarity,F/High/Prog/Prag,F/Low /Prog/Anal,0.42201151526846986
qwen-vl,Qwen3-VL,perception_jaccard,Appendix Figure A3,mean image-conditioned Jaccard similarity,F/Low /Cons/Anal,F/Low /Prog/Anal,0.43531144456536369
qwen-vl,Qwen3-VL,perception_jaccard,Appendix Figure A3,mean image-conditioned Jaccard similarity,F/Low /Cons/Empa,F/Low /Prog/Anal,0.43937372235819133
qwen-vl,Qwen3-VL,perception_jaccard,Appendix Figure A3,mean image-conditioned Jaccard similarity,F/Low /Cons/Prag,F/Low /Prog/Anal,0.44740603990884631
qwen-vl,Qwen3-VL,perception_jaccard,Appendix Figure A3,mean image-conditioned Jaccard similarity,F/Low /Prog/Anal,F/Low /Prog/Anal,0.47951812773815861
qwen-vl,Qwen3-VL,perception_jaccard,Appendix Figure A3,mean image-conditioned Jaccard similarity,F/Low /Prog/Empa,F/Low /Prog/Anal,0.45245911291354574
qwen-vl,Qwen3-VL,perception_jaccard,Appendix Figure A3,mean image-conditioned Jaccard similarity,F/Low /Prog/Prag,F/Low /Prog/Anal,0.46957346745672196
qwen-vl,Qwen3-VL,perception_jaccard,Appendix Figure A3,mean image-conditioned Jaccard similarity,M/High/Cons/Anal,F/Low /Prog/Anal,0.41422070736251998
qwen-vl,Qwen3-VL,perception_jaccard,Appendix Figure A3,mean image-conditioned Jaccard similarity,M/High/Cons/Empa,F/Low /Prog/Anal,0.4089477062131075
qwen-vl,Qwen3-VL,perception_jaccard,Appendix Figure A3,mean image-conditioned Jaccard similarity,M/High/Cons/Prag,F/Low /Prog/Anal,0.41503903297454625
qwen-vl,Qwen3-VL,perception_jaccard,Appendix Figure A3,mean image-conditioned Jaccard similarity,M/High/Prog/Anal,F/Low /Prog/Anal,0.40838535863060671
qwen-vl,Qwen3-VL,perception_jaccard,Appendix Figure A3,mean image-conditioned Jaccard similarity,M/High/Prog/Empa,F/Low /Prog/Anal,0.41546540847308089
qwen-vl,Qwen3-VL,perception_jaccard,Appendix Figure A3,mean image-conditioned Jaccard similarity,M/High/Prog/Prag,F/Low /Prog/Anal,0.41999331214182634
qwen-vl,Qwen3-VL,perception_jaccard,Appendix Figure A3,mean image-conditioned Jaccard similarity,M/Low /Cons/Anal,F/Low /Prog/Anal,0.45327045696174573
qwen-vl,Qwen3-VL,perception_jaccard,Appendix Figure A3,mean image-conditioned Jaccard similarity,M/Low /Cons/Empa,F/Low /Prog/Anal,0.43467035876368532
qwen-vl,Qwen3-VL,perception_jaccard,Appendix Figure A3,mean image-conditioned Jaccard similarity,M/Low /Cons/Prag,F/Low /Prog/Anal,0.45212556083281796
qwen-vl,Qwen3-VL,perception_jaccard,Appendix Figure A3,mean image-conditioned Jaccard similarity,M/Low /Prog/Anal,F/Low /Prog/Anal,0.46688535833554207
qwen-vl,Qwen3-VL,perception_jaccard,Appendix Figure A3,mean image-conditioned Jaccard similarity,M/Low /Prog/Empa,F/Low /Prog/Anal,0.45033544246208079
qwen-vl,Qwen3-VL,perception_jaccard,Appendix Figure A3,mean image-conditioned Jaccard similarity,M/Low /Prog/Prag,F/Low /Prog/Anal,0.45538845581476939
qwen-vl,Qwen3-VL,perception_jaccard,Appendix Figure A3,mean image-conditioned Jaccard similarity,F/High/Cons/Anal,F/Low /Prog/Empa,0.40678149587205986
qwen-vl,Qwen3-VL,perception_jaccard,Appendix Figure A3,mean image-conditioned Jaccard similarity,F/High/Cons/Empa,F/Low /Prog/Empa,0.42569718865714234
qwen-vl,Qwen3-VL,perception_jaccard,Appendix Figure A3,mean image-conditioned Jaccard similarity,F/High/Cons/Prag,F/Low /Prog/Empa,0.40617736895365963
qwen-vl,Qwen3-VL,perception_jaccard,Appendix Figure A3,mean image-conditioned Jaccard similarity,F/High/Prog/Anal,F/Low /Prog/Empa,0.42203061790277807
qwen-vl,Qwen3-VL,perception_jaccard,Appendix Figure A3,mean image-conditioned Jaccard similarity,F/High/Prog/Empa,F/Low /Prog/Empa,0.43977766935504098
qwen-vl,Qwen3-VL,perception_jaccard,Appendix Figure A3,mean image-conditioned Jaccard similarity,F/High/Prog/Prag,F/Low /Prog/Empa,0.43302607295552392
qwen-vl,Qwen3-VL,perception_jaccard,Appendix Figure A3,mean image-conditioned Jaccard similarity,F/Low /Cons/Anal,F/Low /Prog/Empa,0.41950428440768889
qwen-vl,Qwen3-VL,perception_jaccard,Appendix Figure A3,mean image-conditioned Jaccard similarity,F/Low /Cons/Empa,F/Low /Prog/Empa,0.44809692844429427
qwen-vl,Qwen3-VL,perception_jaccard,Appendix Figure A3,mean image-conditioned Jaccard similarity,F/Low /Cons/Prag,F/Low /Prog/Empa,0.43051468110579322
qwen-vl,Qwen3-VL,perception_jaccard,Appendix Figure A3,mean image-conditioned Jaccard similarity,F/Low /Prog/Anal,F/Low /Prog/Empa,0.45245911291354568
qwen-vl,Qwen3-VL,perception_jaccard,Appendix Figure A3,mean image-conditioned Jaccard similarity,F/Low /Prog/Empa,F/Low /Prog/Empa,0.47848741583556098
qwen-vl,Qwen3-VL,perception_jaccard,Appendix Figure A3,mean image-conditioned Jaccard similarity,F/Low /Prog/Prag,F/Low /Prog/Empa,0.45612259284218759
qwen-vl,Qwen3-VL,perception_jaccard,Appendix Figure A3,mean image-conditioned Jaccard similarity,M/High/Cons/Anal,F/Low /Prog/Empa,0.40793069539860982
qwen-vl,Qwen3-VL,perception_jaccard,Appendix Figure A3,mean image-conditioned Jaccard similarity,M/High/Cons/Empa,F/Low /Prog/Empa,0.4185079280909661
qwen-vl,Qwen3-VL,perception_jaccard,Appendix Figure A3,mean image-conditioned Jaccard similarity,M/High/Cons/Prag,F/Low /Prog/Empa,0.41234044941025161
qwen-vl,Qwen3-VL,perception_jaccard,Appendix Figure A3,mean image-conditioned Jaccard similarity,M/High/Prog/Anal,F/Low /Prog/Empa,0.41221191435544891
qwen-vl,Qwen3-VL,perception_jaccard,Appendix Figure A3,mean image-conditioned Jaccard similarity,M/High/Prog/Empa,F/Low /Prog/Empa,0.43235613222060892
qwen-vl,Qwen3-VL,perception_jaccard,Appendix Figure A3,mean image-conditioned Jaccard similarity,M/High/Prog/Prag,F/Low /Prog/Empa,0.42160582716308304
qwen-vl,Qwen3-VL,perception_jaccard,Appendix Figure A3,mean image-conditioned Jaccard similarity,M/Low /Cons/Anal,F/Low /Prog/Empa,0.43603760555398713
qwen-vl,Qwen3-VL,perception_jaccard,Appendix Figure A3,mean image-conditioned Jaccard similarity,M/Low /Cons/Empa,F/Low /Prog/Empa,0.44004795283390896
qwen-vl,Qwen3-VL,perception_jaccard,Appendix Figure A3,mean image-conditioned Jaccard similarity,M/Low /Cons/Prag,F/Low /Prog/Empa,0.43220619511889075
qwen-vl,Qwen3-VL,perception_jaccard,Appendix Figure A3,mean image-conditioned Jaccard similarity,M/Low /Prog/Anal,F/Low /Prog/Empa,0.45301332328370963
qwen-vl,Qwen3-VL,perception_jaccard,Appendix Figure A3,mean image-conditioned Jaccard similarity,M/Low /Prog/Empa,F/Low /Prog/Empa,0.46493352531153498
qwen-vl,Qwen3-VL,perception_jaccard,Appendix Figure A3,mean image-conditioned Jaccard similarity,M/Low /Prog/Prag,F/Low /Prog/Empa,0.43993425674337311
qwen-vl,Qwen3-VL,perception_jaccard,Appendix Figure A3,mean image-conditioned Jaccard similarity,F/High/Cons/Anal,F/Low /Prog/Prag,0.41565063341672859
qwen-vl,Qwen3-VL,perception_jaccard,Appendix Figure A3,mean image-conditioned Jaccard similarity,F/High/Cons/Empa,F/Low /Prog/Prag,0.41254422406178148
qwen-vl,Qwen3-VL,perception_jaccard,Appendix Figure A3,mean image-conditioned Jaccard similarity,F/High/Cons/Prag,F/Low /Prog/Prag,0.41430129173882863
qwen-vl,Qwen3-VL,perception_jaccard,Appendix Figure A3,mean image-conditioned Jaccard similarity,F/High/Prog/Anal,F/Low /Prog/Prag,0.41645571080908761
qwen-vl,Qwen3-VL,perception_jaccard,Appendix Figure A3,mean image-conditioned Jaccard similarity,F/High/Prog/Empa,F/Low /Prog/Prag,0.41582921846662502
qwen-vl,Qwen3-VL,perception_jaccard,Appendix Figure A3,mean image-conditioned Jaccard similarity,F/High/Prog/Prag,F/Low /Prog/Prag,0.42354067989721611
qwen-vl,Qwen3-VL,perception_jaccard,Appendix Figure A3,mean image-conditioned Jaccard similarity,F/Low /Cons/Anal,F/Low /Prog/Prag,0.44695274319256817
qwen-vl,Qwen3-VL,perception_jaccard,Appendix Figure A3,mean image-conditioned Jaccard similarity,F/Low /Cons/Empa,F/Low /Prog/Prag,0.45069591387189961
qwen-vl,Qwen3-VL,perception_jaccard,Appendix Figure A3,mean image-conditioned Jaccard similarity,F/Low /Cons/Prag,F/Low /Prog/Prag,0.45826135979272004
qwen-vl,Qwen3-VL,perception_jaccard,Appendix Figure A3,mean image-conditioned Jaccard similarity,F/Low /Prog/Anal,F/Low /Prog/Prag,0.46957346745672196
qwen-vl,Qwen3-VL,perception_jaccard,Appendix Figure A3,mean image-conditioned Jaccard similarity,F/Low /Prog/Empa,F/Low /Prog/Prag,0.45612259284218759
qwen-vl,Qwen3-VL,perception_jaccard,Appendix Figure A3,mean image-conditioned Jaccard similarity,F/Low /Prog/Prag,F/Low /Prog/Prag,0.49091868001323147
qwen-vl,Qwen3-VL,perception_jaccard,Appendix Figure A3,mean image-conditioned Jaccard similarity,M/High/Cons/Anal,F/Low /Prog/Prag,0.42117957996768823
qwen-vl,Qwen3-VL,perception_jaccard,Appendix Figure A3,mean image-conditioned Jaccard similarity,M/High/Cons/Empa,F/Low /Prog/Prag,0.4130073525579066
qwen-vl,Qwen3-VL,perception_jaccard,Appendix Figure A3,mean image-conditioned Jaccard similarity,M/High/Cons/Prag,F/Low /Prog/Prag,0.42479107163495411
qwen-vl,Qwen3-VL,perception_jaccard,Appendix Figure A3,mean image-conditioned Jaccard similarity,M/High/Prog/Anal,F/Low /Prog/Prag,0.40686678382961433
qwen-vl,Qwen3-VL,perception_jaccard,Appendix Figure A3,mean image-conditioned Jaccard similarity,M/High/Prog/Empa,F/Low /Prog/Prag,0.41242875597729273
qwen-vl,Qwen3-VL,perception_jaccard,Appendix Figure A3,mean image-conditioned Jaccard similarity,M/High/Prog/Prag,F/Low /Prog/Prag,0.41792359067822438
qwen-vl,Qwen3-VL,perception_jaccard,Appendix Figure A3,mean image-conditioned Jaccard similarity,M/Low /Cons/Anal,F/Low /Prog/Prag,0.46081625655451036
qwen-vl,Qwen3-VL,perception_jaccard,Appendix Figure A3,mean image-conditioned Jaccard similarity,M/Low /Cons/Empa,F/Low /Prog/Prag,0.44542370481443355
qwen-vl,Qwen3-VL,perception_jaccard,Appendix Figure A3,mean image-conditioned Jaccard similarity,M/Low /Cons/Prag,F/Low /Prog/Prag,0.46699016089577955
qwen-vl,Qwen3-VL,perception_jaccard,Appendix Figure A3,mean image-conditioned Jaccard similarity,M/Low /Prog/Anal,F/Low /Prog/Prag,0.47158315464469086
qwen-vl,Qwen3-VL,perception_jaccard,Appendix Figure A3,mean image-conditioned Jaccard similarity,M/Low /Prog/Empa,F/Low /Prog/Prag,0.45189152335475424
qwen-vl,Qwen3-VL,perception_jaccard,Appendix Figure A3,mean image-conditioned Jaccard similarity,M/Low /Prog/Prag,F/Low /Prog/Prag,0.47134227022219422
qwen-vl,Qwen3-VL,perception_jaccard,Appendix Figure A3,mean image-conditioned Jaccard similarity,F/High/Cons/Anal,M/High/Cons/Anal,0.47651017954713282
qwen-vl,Qwen3-VL,perception_jaccard,Appendix Figure A3,mean image-conditioned Jaccard similarity,F/High/Cons/Empa,M/High/Cons/Anal,0.43771262786719212
qwen-vl,Qwen3-VL,perception_jaccard,Appendix Figure A3,mean image-conditioned Jaccard similarity,F/High/Cons/Prag,M/High/Cons/Anal,0.46089210490351612
qwen-vl,Qwen3-VL,perception_jaccard,Appendix Figure A3,mean image-conditioned Jaccard similarity,F/High/Prog/Anal,M/High/Cons/Anal,0.44881206053145639
qwen-vl,Qwen3-VL,perception_jaccard,Appendix Figure A3,mean image-conditioned Jaccard similarity,F/High/Prog/Empa,M/High/Cons/Anal,0.42172901670923968
qwen-vl,Qwen3-VL,perception_jaccard,Appendix Figure A3,mean image-conditioned Jaccard similarity,F/High/Prog/Prag,M/High/Cons/Anal,0.44324822850159229
qwen-vl,Qwen3-VL,perception_jaccard,Appendix Figure A3,mean image-conditioned Jaccard similarity,F/Low /Cons/Anal,M/High/Cons/Anal,0.43364385821741985
qwen-vl,Qwen3-VL,perception_jaccard,Appendix Figure A3,mean image-conditioned Jaccard similarity,F/Low /Cons/Empa,M/High/Cons/Anal,0.42462756090473647
qwen-vl,Qwen3-VL,perception_jaccard,Appendix Figure A3,mean image-conditioned Jaccard similarity,F/Low /Cons/Prag,M/High/Cons/Anal,0.42951401279461288
qwen-vl,Qwen3-VL,perception_jaccard,Appendix Figure A3,mean image-conditioned Jaccard similarity,F/Low /Prog/Anal,M/High/Cons/Anal,0.41422070736252004
qwen-vl,Qwen3-VL,perception_jaccard,Appendix Figure A3,mean image-conditioned Jaccard similarity,F/Low /Prog/Empa,M/High/Cons/Anal,0.40793069539860982
qwen-vl,Qwen3-VL,perception_jaccard,Appendix Figure A3,mean image-conditioned Jaccard similarity,F/Low /Prog/Prag,M/High/Cons/Anal,0.42117957996768823
qwen-vl,Qwen3-VL,perception_jaccard,Appendix Figure A3,mean image-conditioned Jaccard similarity,M/High/Cons/Anal,M/High/Cons/Anal,0.49191254925346761
qwen-vl,Qwen3-VL,perception_jaccard,Appendix Figure A3,mean image-conditioned Jaccard similarity,M/High/Cons/Empa,M/High/Cons/Anal,0.44329220158675248
qwen-vl,Qwen3-VL,perception_jaccard,Appendix Figure A3,mean image-conditioned Jaccard similarity,M/High/Cons/Prag,M/High/Cons/Anal,0.47858405783801738
qwen-vl,Qwen3-VL,perception_jaccard,Appendix Figure A3,mean image-conditioned Jaccard similarity,M/High/Prog/Anal,M/High/Cons/Anal,0.4367040180486717
qwen-vl,Qwen3-VL,perception_jaccard,Appendix Figure A3,mean image-conditioned Jaccard similarity,M/High/Prog/Empa,M/High/Cons/Anal,0.41954717913243217
qwen-vl,Qwen3-VL,perception_jaccard,Appendix Figure A3,mean image-conditioned Jaccard similarity,M/High/Prog/Prag,M/High/Cons/Anal,0.4399266742880702
qwen-vl,Qwen3-VL,perception_jaccard,Appendix Figure A3,mean image-conditioned Jaccard similarity,M/Low /Cons/Anal,M/High/Cons/Anal,0.44296734343385252
qwen-vl,Qwen3-VL,perception_jaccard,Appendix Figure A3,mean image-conditioned Jaccard similarity,M/Low /Cons/Empa,M/High/Cons/Anal,0.4241776920325328
qwen-vl,Qwen3-VL,perception_jaccard,Appendix Figure A3,mean image-conditioned Jaccard similarity,M/Low /Cons/Prag,M/High/Cons/Anal,0.43587889492397247
qwen-vl,Qwen3-VL,perception_jaccard,Appendix Figure A3,mean image-conditioned Jaccard similarity,M/Low /Prog/Anal,M/High/Cons/Anal,0.4228307131313131
qwen-vl,Qwen3-VL,perception_jaccard,Appendix Figure A3,mean image-conditioned Jaccard similarity,M/Low /Prog/Empa,M/High/Cons/Anal,0.40868514109483894
qwen-vl,Qwen3-VL,perception_jaccard,Appendix Figure A3,mean image-conditioned Jaccard similarity,M/Low /Prog/Prag,M/High/Cons/Anal,0.41679375412942982
qwen-vl,Qwen3-VL,perception_jaccard,Appendix Figure A3,mean image-conditioned Jaccard similarity,F/High/Cons/Anal,M/High/Cons/Empa,0.444795864870213
qwen-vl,Qwen3-VL,perception_jaccard,Appendix Figure A3,mean image-conditioned Jaccard similarity,F/High/Cons/Empa,M/High/Cons/Empa,0.46874766525967604
qwen-vl,Qwen3-VL,perception_jaccard,Appendix Figure A3,mean image-conditioned Jaccard similarity,F/High/Cons/Prag,M/High/Cons/Empa,0.45056753069038247
qwen-vl,Qwen3-VL,perception_jaccard,Appendix Figure A3,mean image-conditioned Jaccard similarity,F/High/Prog/Anal,M/High/Cons/Empa,0.45274995222458175
qwen-vl,Qwen3-VL,perception_jaccard,Appendix Figure A3,mean image-conditioned Jaccard similarity,F/High/Prog/Empa,M/High/Cons/Empa,0.45827998985804186
qwen-vl,Qwen3-VL,perception_jaccard,Appendix Figure A3,mean image-conditioned Jaccard similarity,F/High/Prog/Prag,M/High/Cons/Empa,0.46173501875459133
qwen-vl,Qwen3-VL,perception_jaccard,Appendix Figure A3,mean image-conditioned Jaccard similarity,F/Low /Cons/Anal,M/High/Cons/Empa,0.41608006776262912
qwen-vl,Qwen3-VL,perception_jaccard,Appendix Figure A3,mean image-conditioned Jaccard similarity,F/Low /Cons/Empa,M/High/Cons/Empa,0.4344102493281109
qwen-vl,Qwen3-VL,perception_jaccard,Appendix Figure A3,mean image-conditioned Jaccard similarity,F/Low /Cons/Prag,M/High/Cons/Empa,0.41781353571630725
qwen-vl,Qwen3-VL,perception_jaccard,Appendix Figure A3,mean image-conditioned Jaccard similarity,F/Low /Prog/Anal,M/High/Cons/Empa,0.4089477062131075
qwen-vl,Qwen3-VL,perception_jaccard,Appendix Figure A3,mean image-conditioned Jaccard similarity,F/Low /Prog/Empa,M/High/Cons/Empa,0.4185079280909661
qwen-vl,Qwen3-VL,perception_jaccard,Appendix Figure A3,mean image-conditioned Jaccard similarity,F/Low /Prog/Prag,M/High/Cons/Empa,0.41300735255790655
qwen-vl,Qwen3-VL,perception_jaccard,Appendix Figure A3,mean image-conditioned Jaccard similarity,M/High/Cons/Anal,M/High/Cons/Empa,0.44329220158675237
qwen-vl,Qwen3-VL,perception_jaccard,Appendix Figure A3,mean image-conditioned Jaccard similarity,M/High/Cons/Empa,M/High/Cons/Empa,0.50091973998911832
qwen-vl,Qwen3-VL,perception_jaccard,Appendix Figure A3,mean image-conditioned Jaccard similarity,M/High/Cons/Prag,M/High/Cons/Empa,0.45899723782757446
qwen-vl,Qwen3-VL,perception_jaccard,Appendix Figure A3,mean image-conditioned Jaccard similarity,M/High/Prog/Anal,M/High/Cons/Empa,0.44432289094076566
qwen-vl,Qwen3-VL,perception_jaccard,Appendix Figure A3,mean image-conditioned Jaccard similarity,M/High/Prog/Empa,M/High/Cons/Empa,0.46384084906828582
qwen-vl,Qwen3-VL,perception_jaccard,Appendix Figure A3,mean image-conditioned Jaccard similarity,M/High/Prog/Prag,M/High/Cons/Empa,0.45501234795614437
qwen-vl,Qwen3-VL,perception_jaccard,Appendix Figure A3,mean image-conditioned Jaccard similarity,M/Low /Cons/Anal,M/High/Cons/Empa,0.42550669461690305
qwen-vl,Qwen3-VL,perception_jaccard,Appendix Figure A3,mean image-conditioned Jaccard similarity,M/Low /Cons/Empa,M/High/Cons/Empa,0.43246493668145797
qwen-vl,Qwen3-VL,perception_jaccard,Appendix Figure A3,mean image-conditioned Jaccard similarity,M/Low /Cons/Prag,M/High/Cons/Empa,0.42657659512393814
qwen-vl,Qwen3-VL,perception_jaccard,Appendix Figure A3,mean image-conditioned Jaccard similarity,M/Low /Prog/Anal,M/High/Cons/Empa,0.42025943924129305
qwen-vl,Qwen3-VL,perception_jaccard,Appendix Figure A3,mean image-conditioned Jaccard similarity,M/Low /Prog/Empa,M/High/Cons/Empa,0.4212384445030663
qwen-vl,Qwen3-VL,perception_jaccard,Appendix Figure A3,mean image-conditioned Jaccard similarity,M/Low /Prog/Prag,M/High/Cons/Empa,0.40987998739545217
qwen-vl,Qwen3-VL,perception_jaccard,Appendix Figure A3,mean image-conditioned Jaccard similarity,F/High/Cons/Anal,M/High/Cons/Prag,0.4752993551118998
qwen-vl,Qwen3-VL,perception_jaccard,Appendix Figure A3,mean image-conditioned Jaccard similarity,F/High/Cons/Empa,M/High/Cons/Prag,0.45202591935281333
qwen-vl,Qwen3-VL,perception_jaccard,Appendix Figure A3,mean image-conditioned Jaccard similarity,F/High/Cons/Prag,M/High/Cons/Prag,0.48374817250111291
qwen-vl,Qwen3-VL,perception_jaccard,Appendix Figure A3,mean image-conditioned Jaccard similarity,F/High/Prog/Anal,M/High/Cons/Prag,0.44971990347694629
qwen-vl,Qwen3-VL,perception_jaccard,Appendix Figure A3,mean image-conditioned Jaccard similarity,F/High/Prog/Empa,M/High/Cons/Prag,0.43398190215090865
qwen-vl,Qwen3-VL,perception_jaccard,Appendix Figure A3,mean image-conditioned Jaccard similarity,F/High/Prog/Prag,M/High/Cons/Prag,0.46279567103804486
qwen-vl,Qwen3-VL,perception_jaccard,Appendix Figure A3,mean image-conditioned Jaccard similarity,F/Low /Cons/Anal,M/High/Cons/Prag,0.43485838880129746
qwen-vl,Qwen3-VL,perception_jaccard,Appendix Figure A3,mean image-conditioned Jaccard similarity,F/Low /Cons/Empa,M/High/Cons/Prag,0.42615183782881905
qwen-vl,Qwen3-VL,perception_jaccard,Appendix Figure A3,mean image-conditioned Jaccard similarity,F/Low /Cons/Prag,M/High/Cons/Prag,0.43355800341395828
qwen-vl,Qwen3-VL,perception_jaccard,Appendix Figure A3,mean image-conditioned Jaccard similarity,F/Low /Prog/Anal,M/High/Cons/Prag,0.41503903297454625
qwen-vl,Qwen3-VL,perception_jaccard,Appendix Figure A3,mean image-conditioned Jaccard similarity,F/Low /Prog/Empa,M/High/Cons/Prag,0.41234044941025161
qwen-vl,Qwen3-VL,perception_jaccard,Appendix Figure A3,mean image-conditioned Jaccard similarity,F/Low /Prog/Prag,M/High/Cons/Prag,0.42479107163495411
qwen-vl,Qwen3-VL,perception_jaccard,Appendix Figure A3,mean image-conditioned Jaccard similarity,M/High/Cons/Anal,M/High/Cons/Prag,0.47858405783801738
qwen-vl,Qwen3-VL,perception_jaccard,Appendix Figure A3,mean image-conditioned Jaccard similarity,M/High/Cons/Empa,M/High/Cons/Prag,0.45899723782757446
qwen-vl,Qwen3-VL,perception_jaccard,Appendix Figure A3,mean image-conditioned Jaccard similarity,M/High/Cons/Prag,M/High/Cons/Prag,0.51735628004817114
qwen-vl,Qwen3-VL,perception_jaccard,Appendix Figure A3,mean image-conditioned Jaccard similarity,M/High/Prog/Anal,M/High/Cons/Prag,0.44313646988090627
qwen-vl,Qwen3-VL,perception_jaccard,Appendix Figure A3,mean image-conditioned Jaccard similarity,M/High/Prog/Empa,M/High/Cons/Prag,0.43383994624230643
qwen-vl,Qwen3-VL,perception_jaccard,Appendix Figure A3,mean image-conditioned Jaccard similarity,M/High/Prog/Prag,M/High/Cons/Prag,0.45852332953784691
qwen-vl,Qwen3-VL,perception_jaccard,Appendix Figure A3,mean image-conditioned Jaccard similarity,M/Low /Cons/Anal,M/High/Cons/Prag,0.45159594392614189
qwen-vl,Qwen3-VL,perception_jaccard,Appendix Figure A3,mean image-conditioned Jaccard similarity,M/Low /Cons/Empa,M/High/Cons/Prag,0.42945732175597146
qwen-vl,Qwen3-VL,perception_jaccard,Appendix Figure A3,mean image-conditioned Jaccard similarity,M/Low /Cons/Prag,M/High/Cons/Prag,0.44533484485596714
qwen-vl,Qwen3-VL,perception_jaccard,Appendix Figure A3,mean image-conditioned Jaccard similarity,M/Low /Prog/Anal,M/High/Cons/Prag,0.42891014047619047
qwen-vl,Qwen3-VL,perception_jaccard,Appendix Figure A3,mean image-conditioned Jaccard similarity,M/Low /Prog/Empa,M/High/Cons/Prag,0.40873697866083619
qwen-vl,Qwen3-VL,perception_jaccard,Appendix Figure A3,mean image-conditioned Jaccard similarity,M/Low /Prog/Prag,M/High/Cons/Prag,0.42380050961377991
qwen-vl,Qwen3-VL,perception_jaccard,Appendix Figure A3,mean image-conditioned Jaccard similarity,F/High/Cons/Anal,M/High/Prog/Anal,0.42920611019774119
qwen-vl,Qwen3-VL,perception_jaccard,Appendix Figure A3,mean image-conditioned Jaccard similarity,F/High/Cons/Empa,M/High/Prog/Anal,0.43383895012329482
qwen-vl,Qwen3-VL,perception_jaccard,Appendix Figure A3,mean image-conditioned Jaccard similarity,F/High/Cons/Prag,M/High/Prog/Anal,0.42649467369861538
qwen-vl,Qwen3-VL,perception_jaccard,Appendix Figure A3,mean image-conditioned Jaccard similarity,F/High/Prog/Anal,M/High/Prog/Anal,0.47672175043257725
qwen-vl,Qwen3-VL,perception_jaccard,Appendix Figure A3,mean image-conditioned Jaccard similarity,F/High/Prog/Empa,M/High/Prog/Anal,0.45878334271719284
qwen-vl,Qwen3-VL,perception_jaccard,Appendix Figure A3,mean image-conditioned Jaccard similarity,F/High/Prog/Prag,M/High/Prog/Anal,0.4622348980377417
qwen-vl,Qwen3-VL,perception_jaccard,Appendix Figure A3,mean image-conditioned Jaccard similarity,F/Low /Cons/Anal,M/High/Prog/Anal,0.396598003196449
qwen-vl,Qwen3-VL,perception_jaccard,Appendix Figure A3,mean image-conditioned Jaccard similarity,F/Low /Cons/Empa,M/High/Prog/Anal,0.40659632870953788
qwen-vl,Qwen3-VL,perception_jaccard,Appendix Figure A3,mean image-conditioned Jaccard similarity,F/Low /Cons/Prag,M/High/Prog/Anal,0.3945075516979149
qwen-vl,Qwen3-VL,perception_jaccard,Appendix Figure A3,mean image-conditioned Jaccard similarity,F/Low /Prog/Anal,M/High/Prog/Anal,0.40838535863060671
qwen-vl,Qwen3-VL,perception_jaccard,Appendix Figure A3,mean image-conditioned Jaccard similarity,F/Low /Prog/Empa,M/High/Prog/Anal,0.41221191435544891
qwen-vl,Qwen3-VL,perception_jaccard,Appendix Figure A3,mean image-conditioned Jaccard similarity,F/Low /Prog/Prag,M/High/Prog/Anal,0.40686678382961433
qwen-vl,Qwen3-VL,perception_jaccard,Appendix Figure A3,mean image-conditioned Jaccard similarity,M/High/Cons/Anal,M/High/Prog/Anal,0.4367040180486717
qwen-vl,Qwen3-VL,perception_jaccard,Appendix Figure A3,mean image-conditioned Jaccard similarity,M/High/Cons/Empa,M/High/Prog/Anal,0.44432289094076566
qwen-vl,Qwen3-VL,perception_jaccard,Appendix Figure A3,mean image-conditioned Jaccard similarity,M/High/Cons/Prag,M/High/Prog/Anal,0.44313646988090627
qwen-vl,Qwen3-VL,perception_jaccard,Appendix Figure A3,mean image-conditioned Jaccard similarity,M/High/Prog/Anal,M/High/Prog/Anal,0.48338982408526709
qwen-vl,Qwen3-VL,perception_jaccard,Appendix Figure A3,mean image-conditioned Jaccard similarity,M/High/Prog/Empa,M/High/Prog/Anal,0.45614140107294948
qwen-vl,Qwen3-VL,perception_jaccard,Appendix Figure A3,mean image-conditioned Jaccard similarity,M/High/Prog/Prag,M/High/Prog/Anal,0.45657500632866388
qwen-vl,Qwen3-VL,perception_jaccard,Appendix Figure A3,mean image-conditioned Jaccard similarity,M/Low /Cons/Anal,M/High/Prog/Anal,0.40770549442429699
qwen-vl,Qwen3-VL,perception_jaccard,Appendix Figure A3,mean image-conditioned Jaccard similarity,M/Low /Cons/Empa,M/High/Prog/Anal,0.40932003761356356
qwen-vl,Qwen3-VL,perception_jaccard,Appendix Figure A3,mean image-conditioned Jaccard similarity,M/Low /Cons/Prag,M/High/Prog/Anal,0.40476939643456306
qwen-vl,Qwen3-VL,perception_jaccard,Appendix Figure A3,mean image-conditioned Jaccard similarity,M/Low /Prog/Anal,M/High/Prog/Anal,0.41728906289475132
qwen-vl,Qwen3-VL,perception_jaccard,Appendix Figure A3,mean image-conditioned Jaccard similarity,M/Low /Prog/Empa,M/High/Prog/Anal,0.41743624444013827
qwen-vl,Qwen3-VL,perception_jaccard,Appendix Figure A3,mean image-conditioned Jaccard similarity,M/Low /Prog/Prag,M/High/Prog/Anal,0.40249245667788885
qwen-vl,Qwen3-VL,perception_jaccard,Appendix Figure A3,mean image-conditioned Jaccard similarity,F/High/Cons/Anal,M/High/Prog/Empa,0.42217149481415761
qwen-vl,Qwen3-VL,perception_jaccard,Appendix Figure A3,mean image-conditioned Jaccard similarity,F/High/Cons/Empa,M/High/Prog/Empa,0.45440044486749664
qwen-vl,Qwen3-VL,perception_jaccard,Appendix Figure A3,mean image-conditioned Jaccard similarity,F/High/Cons/Prag,M/High/Prog/Empa,0.42495108305439999
qwen-vl,Qwen3-VL,perception_jaccard,Appendix Figure A3,mean image-conditioned Jaccard similarity,F/High/Prog/Anal,M/High/Prog/Empa,0.45796818766651465
qwen-vl,Qwen3-VL,perception_jaccard,Appendix Figure A3,mean image-conditioned Jaccard similarity,F/High/Prog/Empa,M/High/Prog/Empa,0.48087844648033135
qwen-vl,Qwen3-VL,perception_jaccard,Appendix Figure A3,mean image-conditioned Jaccard similarity,F/High/Prog/Prag,M/High/Prog/Empa,0.47670153560090706
qwen-vl,Qwen3-VL,perception_jaccard,Appendix Figure A3,mean image-conditioned Jaccard similarity,F/Low /Cons/Anal,M/High/Prog/Empa,0.39966594519194315
qwen-vl,Qwen3-VL,perception_jaccard,Appendix Figure A3,mean image-conditioned Jaccard similarity,F/Low /Cons/Empa,M/High/Prog/Empa,0.4275521706765632
qwen-vl,Qwen3-VL,perception_jaccard,Appendix Figure A3,mean image-conditioned Jaccard similarity,F/Low /Cons/Prag,M/High/Prog/Empa,0.40743088206459932
qwen-vl,Qwen3-VL,perception_jaccard,Appendix Figure A3,mean image-conditioned Jaccard similarity,F/Low /Prog/Anal,M/High/Prog/Empa,0.41546540847308089
qwen-vl,Qwen3-VL,perception_jaccard,Appendix Figure A3,mean image-conditioned Jaccard similarity,F/Low /Prog/Empa,M/High/Prog/Empa,0.43235613222060892
qwen-vl,Qwen3-VL,perception_jaccard,Appendix Figure A3,mean image-conditioned Jaccard similarity,F/Low /Prog/Prag,M/High/Prog/Empa,0.41242875597729273
qwen-vl,Qwen3-VL,perception_jaccard,Appendix Figure A3,mean image-conditioned Jaccard similarity,M/High/Cons/Anal,M/High/Prog/Empa,0.41954717913243222
qwen-vl,Qwen3-VL,perception_jaccard,Appendix Figure A3,mean image-conditioned Jaccard similarity,M/High/Cons/Empa,M/High/Prog/Empa,0.46384084906828593
qwen-vl,Qwen3-VL,perception_jaccard,Appendix Figure A3,mean image-conditioned Jaccard similarity,M/High/Cons/Prag,M/High/Prog/Empa,0.43383994624230643
qwen-vl,Qwen3-VL,perception_jaccard,Appendix Figure A3,mean image-conditioned Jaccard similarity,M/High/Prog/Anal,M/High/Prog/Empa,0.45614140107294948
qwen-vl,Qwen3-VL,perception_jaccard,Appendix Figure A3,mean image-conditioned Jaccard similarity,M/High/Prog/Empa,M/High/Prog/Empa,0.50700682190825042
qwen-vl,Qwen3-VL,perception_jaccard,Appendix Figure A3,mean image-conditioned Jaccard similarity,M/High/Prog/Prag,M/High/Prog/Empa,0.47291963082842459
qwen-vl,Qwen3-VL,perception_jaccard,Appendix Figure A3,mean image-conditioned Jaccard similarity,M/Low /Cons/Anal,M/High/Prog/Empa,0.41792783415127954
qwen-vl,Qwen3-VL,perception_jaccard,Appendix Figure A3,mean image-conditioned Jaccard similarity,M/Low /Cons/Empa,M/High/Prog/Empa,0.42339136579078512
qwen-vl,Qwen3-VL,perception_jaccard,Appendix Figure A3,mean image-conditioned Jaccard similarity,M/Low /Cons/Prag,M/High/Prog/Empa,0.41205046761688796
qwen-vl,Qwen3-VL,perception_jaccard,Appendix Figure A3,mean image-conditioned Jaccard similarity,M/Low /Prog/Anal,M/High/Prog/Empa,0.4193523978620019
qwen-vl,Qwen3-VL,perception_jaccard,Appendix Figure A3,mean image-conditioned Jaccard similarity,M/Low /Prog/Empa,M/High/Prog/Empa,0.43161465293682744
qwen-vl,Qwen3-VL,perception_jaccard,Appendix Figure A3,mean image-conditioned Jaccard similarity,M/Low /Prog/Prag,M/High/Prog/Empa,0.4072861959248002
qwen-vl,Qwen3-VL,perception_jaccard,Appendix Figure A3,mean image-conditioned Jaccard similarity,F/High/Cons/Anal,M/High/Prog/Prag,0.43907960121125056
qwen-vl,Qwen3-VL,perception_jaccard,Appendix Figure A3,mean image-conditioned Jaccard similarity,F/High/Cons/Empa,M/High/Prog/Prag,0.44179323772031087
qwen-vl,Qwen3-VL,perception_jaccard,Appendix Figure A3,mean image-conditioned Jaccard similarity,F/High/Cons/Prag,M/High/Prog/Prag,0.44399927132242695
qwen-vl,Qwen3-VL,perception_jaccard,Appendix Figure A3,mean image-conditioned Jaccard similarity,F/High/Prog/Anal,M/High/Prog/Prag,0.46093855027997604
qwen-vl,Qwen3-VL,perception_jaccard,Appendix Figure A3,mean image-conditioned Jaccard similarity,F/High/Prog/Empa,M/High/Prog/Prag,0.45957513083477702
qwen-vl,Qwen3-VL,perception_jaccard,Appendix Figure A3,mean image-conditioned Jaccard similarity,F/High/Prog/Prag,M/High/Prog/Prag,0.48888205311675681
qwen-vl,Qwen3-VL,perception_jaccard,Appendix Figure A3,mean image-conditioned Jaccard similarity,F/Low /Cons/Anal,M/High/Prog/Prag,0.4082989981214713
qwen-vl,Qwen3-VL,perception_jaccard,Appendix Figure A3,mean image-conditioned Jaccard similarity,F/Low /Cons/Empa,M/High/Prog/Prag,0.42091296909913489
qwen-vl,Qwen3-VL,perception_jaccard,Appendix Figure A3,mean image-conditioned Jaccard similarity,F/Low /Cons/Prag,M/High/Prog/Prag,0.41382085958562237
qwen-vl,Qwen3-VL,perception_jaccard,Appendix Figure A3,mean image-conditioned Jaccard similarity,F/Low /Prog/Anal,M/High/Prog/Prag,0.41999331214182645
qwen-vl,Qwen3-VL,perception_jaccard,Appendix Figure A3,mean image-conditioned Jaccard similarity,F/Low /Prog/Empa,M/High/Prog/Prag,0.42160582716308315
qwen-vl,Qwen3-VL,perception_jaccard,Appendix Figure A3,mean image-conditioned Jaccard similarity,F/Low /Prog/Prag,M/High/Prog/Prag,0.41792359067822432
qwen-vl,Qwen3-VL,perception_jaccard,Appendix Figure A3,mean image-conditioned Jaccard similarity,M/High/Cons/Anal,M/High/Prog/Prag,0.4399266742880702
qwen-vl,Qwen3-VL,perception_jaccard,Appendix Figure A3,mean image-conditioned Jaccard similarity,M/High/Cons/Empa,M/High/Prog/Prag,0.45501234795614437
qwen-vl,Qwen3-VL,perception_jaccard,Appendix Figure A3,mean image-conditioned Jaccard similarity,M/High/Cons/Prag,M/High/Prog/Prag,0.45852332953784691
qwen-vl,Qwen3-VL,perception_jaccard,Appendix Figure A3,mean image-conditioned Jaccard similarity,M/High/Prog/Anal,M/High/Prog/Prag,0.45657500632866388
qwen-vl,Qwen3-VL,perception_jaccard,Appendix Figure A3,mean image-conditioned Jaccard similarity,M/High/Prog/Empa,M/High/Prog/Prag,0.47291963082842459
qwen-vl,Qwen3-VL,perception_jaccard,Appendix Figure A3,mean image-conditioned Jaccard similarity,M/High/Prog/Prag,M/High/Prog/Prag,0.50176683997408489
qwen-vl,Qwen3-VL,perception_jaccard,Appendix Figure A3,mean image-conditioned Jaccard similarity,M/Low /Cons/Anal,M/High/Prog/Prag,0.42608955275348231
qwen-vl,Qwen3-VL,perception_jaccard,Appendix Figure A3,mean image-conditioned Jaccard similarity,M/Low /Cons/Empa,M/High/Prog/Prag,0.42110471871745042
qwen-vl,Qwen3-VL,perception_jaccard,Appendix Figure A3,mean image-conditioned Jaccard similarity,M/Low /Cons/Prag,M/High/Prog/Prag,0.42122078045567435
qwen-vl,Qwen3-VL,perception_jaccard,Appendix Figure A3,mean image-conditioned Jaccard similarity,M/Low /Prog/Anal,M/High/Prog/Prag,0.42580505131195329
qwen-vl,Qwen3-VL,perception_jaccard,Appendix Figure A3,mean image-conditioned Jaccard similarity,M/Low /Prog/Empa,M/High/Prog/Prag,0.42516714666375327
qwen-vl,Qwen3-VL,perception_jaccard,Appendix Figure A3,mean image-conditioned Jaccard similarity,M/Low /Prog/Prag,M/High/Prog/Prag,0.41858574777182733
qwen-vl,Qwen3-VL,perception_jaccard,Appendix Figure A3,mean image-conditioned Jaccard similarity,F/High/Cons/Anal,M/Low /Cons/Anal,0.43779930803439382
qwen-vl,Qwen3-VL,perception_jaccard,Appendix Figure A3,mean image-conditioned Jaccard similarity,F/High/Cons/Empa,M/Low /Cons/Anal,0.42357242569647996
qwen-vl,Qwen3-VL,perception_jaccard,Appendix Figure A3,mean image-conditioned Jaccard similarity,F/High/Cons/Prag,M/Low /Cons/Anal,0.43778204434860712
qwen-vl,Qwen3-VL,perception_jaccard,Appendix Figure A3,mean image-conditioned Jaccard similarity,F/High/Prog/Anal,M/Low /Cons/Anal,0.41750329977864165
qwen-vl,Qwen3-VL,perception_jaccard,Appendix Figure A3,mean image-conditioned Jaccard similarity,F/High/Prog/Empa,M/Low /Cons/Anal,0.41427367307361879
qwen-vl,Qwen3-VL,perception_jaccard,Appendix Figure A3,mean image-conditioned Jaccard similarity,F/High/Prog/Prag,M/Low /Cons/Anal,0.42927366868048816
qwen-vl,Qwen3-VL,perception_jaccard,Appendix Figure A3,mean image-conditioned Jaccard similarity,F/Low /Cons/Anal,M/Low /Cons/Anal,0.46964877869537086
qwen-vl,Qwen3-VL,perception_jaccard,Appendix Figure A3,mean image-conditioned Jaccard similarity,F/Low /Cons/Empa,M/Low /Cons/Anal,0.45356930136322549
qwen-vl,Qwen3-VL,perception_jaccard,Appendix Figure A3,mean image-conditioned Jaccard similarity,F/Low /Cons/Prag,M/Low /Cons/Anal,0.47818380935306665
qwen-vl,Qwen3-VL,perception_jaccard,Appendix Figure A3,mean image-conditioned Jaccard similarity,F/Low /Prog/Anal,M/Low /Cons/Anal,0.45327045696174573
qwen-vl,Qwen3-VL,perception_jaccard,Appendix Figure A3,mean image-conditioned Jaccard similarity,F/Low /Prog/Empa,M/Low /Cons/Anal,0.43603760555398713
qwen-vl,Qwen3-VL,perception_jaccard,Appendix Figure A3,mean image-conditioned Jaccard similarity,F/Low /Prog/Prag,M/Low /Cons/Anal,0.46081625655451042
qwen-vl,Qwen3-VL,perception_jaccard,Appendix Figure A3,mean image-conditioned Jaccard similarity,M/High/Cons/Anal,M/Low /Cons/Anal,0.44296734343385258
qwen-vl,Qwen3-VL,perception_jaccard,Appendix Figure A3,mean image-conditioned Jaccard similarity,M/High/Cons/Empa,M/Low /Cons/Anal,0.42550669461690305
qwen-vl,Qwen3-VL,perception_jaccard,Appendix Figure A3,mean image-conditioned Jaccard similarity,M/High/Cons/Prag,M/Low /Cons/Anal,0.45159594392614189
qwen-vl,Qwen3-VL,perception_jaccard,Appendix Figure A3,mean image-conditioned Jaccard similarity,M/High/Prog/Anal,M/Low /Cons/Anal,0.40770549442429704
qwen-vl,Qwen3-VL,perception_jaccard,Appendix Figure A3,mean image-conditioned Jaccard similarity,M/High/Prog/Empa,M/Low /Cons/Anal,0.41792783415127954
qwen-vl,Qwen3-VL,perception_jaccard,Appendix Figure A3,mean image-conditioned Jaccard similarity,M/High/Prog/Prag,M/Low /Cons/Anal,0.42608955275348231
qwen-vl,Qwen3-VL,perception_jaccard,Appendix Figure A3,mean image-conditioned Jaccard similarity,M/Low /Cons/Anal,M/Low /Cons/Anal,0.50703061014273987
qwen-vl,Qwen3-VL,perception_jaccard,Appendix Figure A3,mean image-conditioned Jaccard similarity,M/Low /Cons/Empa,M/Low /Cons/Anal,0.45067048441659119
qwen-vl,Qwen3-VL,perception_jaccard,Appendix Figure A3,mean image-conditioned Jaccard similarity,M/Low /Cons/Prag,M/Low /Cons/Anal,0.48997649435446133
qwen-vl,Qwen3-VL,perception_jaccard,Appendix Figure A3,mean image-conditioned Jaccard similarity,M/Low /Prog/Anal,M/Low /Cons/Anal,0.45602847188208612
qwen-vl,Qwen3-VL,perception_jaccard,Appendix Figure A3,mean image-conditioned Jaccard similarity,M/Low /Prog/Empa,M/Low /Cons/Anal,0.43360719856015278
qwen-vl,Qwen3-VL,perception_jaccard,Appendix Figure A3,mean image-conditioned Jaccard similarity,M/Low /Prog/Prag,M/Low /Cons/Anal,0.45583884033382105
qwen-vl,Qwen3-VL,perception_jaccard,Appendix Figure A3,mean image-conditioned Jaccard similarity,F/High/Cons/Anal,M/Low /Cons/Empa,0.4159603803469723
qwen-vl,Qwen3-VL,perception_jaccard,Appendix Figure A3,mean image-conditioned Jaccard similarity,F/High/Cons/Empa,M/Low /Cons/Empa,0.42955422961402462
qwen-vl,Qwen3-VL,perception_jaccard,Appendix Figure A3,mean image-conditioned Jaccard similarity,F/High/Cons/Prag,M/Low /Cons/Empa,0.42093974715253202
qwen-vl,Qwen3-VL,perception_jaccard,Appendix Figure A3,mean image-conditioned Jaccard similarity,F/High/Prog/Anal,M/Low /Cons/Empa,0.41518289649024448
qwen-vl,Qwen3-VL,perception_jaccard,Appendix Figure A3,mean image-conditioned Jaccard similarity,F/High/Prog/Empa,M/Low /Cons/Empa,0.42509614734033851
qwen-vl,Qwen3-VL,perception_jaccard,Appendix Figure A3,mean image-conditioned Jaccard similarity,F/High/Prog/Prag,M/Low /Cons/Empa,0.42409141099980902
qwen-vl,Qwen3-VL,perception_jaccard,Appendix Figure A3,mean image-conditioned Jaccard similarity,F/Low /Cons/Anal,M/Low /Cons/Empa,0.43556148788897758
qwen-vl,Qwen3-VL,perception_jaccard,Appendix Figure A3,mean image-conditioned Jaccard similarity,F/Low /Cons/Empa,M/Low /Cons/Empa,0.46177937804052399
qwen-vl,Qwen3-VL,perception_jaccard,Appendix Figure A3,mean image-conditioned Jaccard similarity,F/Low /Cons/Prag,M/Low /Cons/Empa,0.45057135580058649
qwen-vl,Qwen3-VL,perception_jaccard,Appendix Figure A3,mean image-conditioned Jaccard similarity,F/Low /Prog/Anal,M/Low /Cons/Empa,0.43467035876368532
qwen-vl,Qwen3-VL,perception_jaccard,Appendix Figure A3,mean image-conditioned Jaccard similarity,F/Low /Prog/Empa,M/Low /Cons/Empa,0.44004795283390907
qwen-vl,Qwen3-VL,perception_jaccard,Appendix Figure A3,mean image-conditioned Jaccard similarity,F/Low /Prog/Prag,M/Low /Cons/Empa,0.44542370481443355
qwen-vl,Qwen3-VL,perception_jaccard,Appendix Figure A3,mean image-conditioned Jaccard similarity,M/High/Cons/Anal,M/Low /Cons/Empa,0.4241776920325328
qwen-vl,Qwen3-VL,perception_jaccard,Appendix Figure A3,mean image-conditioned Jaccard similarity,M/High/Cons/Empa,M/Low /Cons/Empa,0.43246493668145797
qwen-vl,Qwen3-VL,perception_jaccard,Appendix Figure A3,mean image-conditioned Jaccard similarity,M/High/Cons/Prag,M/Low /Cons/Empa,0.42945732175597146
qwen-vl,Qwen3-VL,perception_jaccard,Appendix Figure A3,mean image-conditioned Jaccard similarity,M/High/Prog/Anal,M/Low /Cons/Empa,0.40932003761356361
qwen-vl,Qwen3-VL,perception_jaccard,Appendix Figure A3,mean image-conditioned Jaccard similarity,M/High/Prog/Empa,M/Low /Cons/Empa,0.42339136579078507
qwen-vl,Qwen3-VL,perception_jaccard,Appendix Figure A3,mean image-conditioned Jaccard similarity,M/High/Prog/Prag,M/Low /Cons/Empa,0.42110471871745042
qwen-vl,Qwen3-VL,perception_jaccard,Appendix Figure A3,mean image-conditioned Jaccard similarity,M/Low /Cons/Anal,M/Low /Cons/Empa,0.45067048441659119
qwen-vl,Qwen3-VL,perception_jaccard,Appendix Figure A3,mean image-conditioned Jaccard similarity,M/Low /Cons/Empa,M/Low /Cons/Empa,0.46538302729775077
qwen-vl,Qwen3-VL,perception_jaccard,Appendix Figure A3,mean image-conditioned Jaccard similarity,M/Low /Cons/Prag,M/Low /Cons/Empa,0.45235627806073997
qwen-vl,Qwen3-VL,perception_jaccard,Appendix Figure A3,mean image-conditioned Jaccard similarity,M/Low /Prog/Anal,M/Low /Cons/Empa,0.43731933015208535
qwen-vl,Qwen3-VL,perception_jaccard,Appendix Figure A3,mean image-conditioned Jaccard similarity,M/Low /Prog/Empa,M/Low /Cons/Empa,0.43733007058245904
qwen-vl,Qwen3-VL,perception_jaccard,Appendix Figure A3,mean image-conditioned Jaccard similarity,M/Low /Prog/Prag,M/Low /Cons/Empa,0.43846045747547341
qwen-vl,Qwen3-VL,perception_jaccard,Appendix Figure A3,mean image-conditioned Jaccard similarity,F/High/Cons/Anal,M/Low /Cons/Prag,0.43070166203950178
qwen-vl,Qwen3-VL,perception_jaccard,Appendix Figure A3,mean image-conditioned Jaccard similarity,F/High/Cons/Empa,M/Low /Cons/Prag,0.42217002484097432
qwen-vl,Qwen3-VL,perception_jaccard,Appendix Figure A3,mean image-conditioned Jaccard similarity,F/High/Cons/Prag,M/Low /Cons/Prag,0.43413282554381438
qwen-vl,Qwen3-VL,perception_jaccard,Appendix Figure A3,mean image-conditioned Jaccard similarity,F/High/Prog/Anal,M/Low /Cons/Prag,0.41125306777525827
qwen-vl,Qwen3-VL,perception_jaccard,Appendix Figure A3,mean image-conditioned Jaccard similarity,F/High/Prog/Empa,M/Low /Cons/Prag,0.40973235013802622
qwen-vl,Qwen3-VL,perception_jaccard,Appendix Figure A3,mean image-conditioned Jaccard similarity,F/High/Prog/Prag,M/Low /Cons/Prag,0.42253176069538934
qwen-vl,Qwen3-VL,perception_jaccard,Appendix Figure A3,mean image-conditioned Jaccard similarity,F/Low /Cons/Anal,M/Low /Cons/Prag,0.47007479333256869
qwen-vl,Qwen3-VL,perception_jaccard,Appendix Figure A3,mean image-conditioned Jaccard similarity,F/Low /Cons/Empa,M/Low /Cons/Prag,0.45818967238948988
qwen-vl,Qwen3-VL,perception_jaccard,Appendix Figure A3,mean image-conditioned Jaccard similarity,F/Low /Cons/Prag,M/Low /Cons/Prag,0.49207814174855125
qwen-vl,Qwen3-VL,perception_jaccard,Appendix Figure A3,mean image-conditioned Jaccard similarity,F/Low /Prog/Anal,M/Low /Cons/Prag,0.45212556083281796
qwen-vl,Qwen3-VL,perception_jaccard,Appendix Figure A3,mean image-conditioned Jaccard similarity,F/Low /Prog/Empa,M/Low /Cons/Prag,0.43220619511889075
qwen-vl,Qwen3-VL,perception_jaccard,Appendix Figure A3,mean image-conditioned Jaccard similarity,F/Low /Prog/Prag,M/Low /Cons/Prag,0.46699016089577955
qwen-vl,Qwen3-VL,perception_jaccard,Appendix Figure A3,mean image-conditioned Jaccard similarity,M/High/Cons/Anal,M/Low /Cons/Prag,0.43587889492397247
qwen-vl,Qwen3-VL,perception_jaccard,Appendix Figure A3,mean image-conditioned Jaccard similarity,M/High/Cons/Empa,M/Low /Cons/Prag,0.42657659512393814
qwen-vl,Qwen3-VL,perception_jaccard,Appendix Figure A3,mean image-conditioned Jaccard similarity,M/High/Cons/Prag,M/Low /Cons/Prag,0.44533484485596714
qwen-vl,Qwen3-VL,perception_jaccard,Appendix Figure A3,mean image-conditioned Jaccard similarity,M/High/Prog/Anal,M/Low /Cons/Prag,0.40476939643456306
qwen-vl,Qwen3-VL,perception_jaccard,Appendix Figure A3,mean image-conditioned Jaccard similarity,M/High/Prog/Empa,M/Low /Cons/Prag,0.41205046761688807
qwen-vl,Qwen3-VL,perception_jaccard,Appendix Figure A3,mean image-conditioned Jaccard similarity,M/High/Prog/Prag,M/Low /Cons/Prag,0.42122078045567435
qwen-vl,Qwen3-VL,perception_jaccard,Appendix Figure A3,mean image-conditioned Jaccard similarity,M/Low /Cons/Anal,M/Low /Cons/Prag,0.48997649435446133
qwen-vl,Qwen3-VL,perception_jaccard,Appendix Figure A3,mean image-conditioned Jaccard similarity,M/Low /Cons/Empa,M/Low /Cons/Prag,0.45235627806073997
qwen-vl,Qwen3-VL,perception_jaccard,Appendix Figure A3,mean image-conditioned Jaccard similarity,M/Low /Cons/Prag,M/Low /Cons/Prag,0.50947027259966038
qwen-vl,Qwen3-VL,perception_jaccard,Appendix Figure A3,mean image-conditioned Jaccard similarity,M/Low /Prog/Anal,M/Low /Cons/Prag,0.45566142539682536
qwen-vl,Qwen3-VL,perception_jaccard,Appendix Figure A3,mean image-conditioned Jaccard similarity,M/Low /Prog/Empa,M/Low /Cons/Prag,0.43360754485905795
qwen-vl,Qwen3-VL,perception_jaccard,Appendix Figure A3,mean image-conditioned Jaccard similarity,M/Low /Prog/Prag,M/Low /Cons/Prag,0.45751160563551929
qwen-vl,Qwen3-VL,perception_jaccard,Appendix Figure A3,mean image-conditioned Jaccard similarity,F/High/Cons/Anal,M/Low /Prog/Anal,0.41713306877649614
qwen-vl,Qwen3-VL,perception_jaccard,Appendix Figure A3,mean image-conditioned Jaccard similarity,F/High/Cons/Empa,M/Low /Prog/Anal,0.41641402404635458
qwen-vl,Qwen3-VL,perception_jaccard,Appendix Figure A3,mean image-conditioned Jaccard similarity,F/High/Cons/Prag,M/Low /Prog/Anal,0.41493374878868527
qwen-vl,Qwen3-VL,perception_jaccard,Appendix Figure A3,mean image-conditioned Jaccard similarity,F/High/Prog/Anal,M/Low /Prog/Anal,0.42544594013605441
qwen-vl,Qwen3-VL,perception_jaccard,Appendix Figure A3,mean image-conditioned Jaccard similarity,F/High/Prog/Empa,M/Low /Prog/Anal,0.42000075228729172
qwen-vl,Qwen3-VL,perception_jaccard,Appendix Figure A3,mean image-conditioned Jaccard similarity,F/High/Prog/Prag,M/Low /Prog/Anal,0.43143003451339718
qwen-vl,Qwen3-VL,perception_jaccard,Appendix Figure A3,mean image-conditioned Jaccard similarity,F/Low /Cons/Anal,M/Low /Prog/Anal,0.43525361564779608
qwen-vl,Qwen3-VL,perception_jaccard,Appendix Figure A3,mean image-conditioned Jaccard similarity,F/Low /Cons/Empa,M/Low /Prog/Anal,0.44447327188539781
qwen-vl,Qwen3-VL,perception_jaccard,Appendix Figure A3,mean image-conditioned Jaccard similarity,F/Low /Cons/Prag,M/Low /Prog/Anal,0.44458777476514422
qwen-vl,Qwen3-VL,perception_jaccard,Appendix Figure A3,mean image-conditioned Jaccard similarity,F/Low /Prog/Anal,M/Low /Prog/Anal,0.46688535833554207
qwen-vl,Qwen3-VL,perception_jaccard,Appendix Figure A3,mean image-conditioned Jaccard similarity,F/Low /Prog/Empa,M/Low /Prog/Anal,0.45301332328370963
qwen-vl,Qwen3-VL,perception_jaccard,Appendix Figure A3,mean image-conditioned Jaccard similarity,F/Low /Prog/Prag,M/Low /Prog/Anal,0.47158315464469086
qwen-vl,Qwen3-VL,perception_jaccard,Appendix Figure A3,mean image-conditioned Jaccard similarity,M/High/Cons/Anal,M/Low /Prog/Anal,0.4228307131313131
qwen-vl,Qwen3-VL,perception_jaccard,Appendix Figure A3,mean image-conditioned Jaccard similarity,M/High/Cons/Empa,M/Low /Prog/Anal,0.42025943924129305
qwen-vl,Qwen3-VL,perception_jaccard,Appendix Figure A3,mean image-conditioned Jaccard similarity,M/High/Cons/Prag,M/Low /Prog/Anal,0.42891014047619047
qwen-vl,Qwen3-VL,perception_jaccard,Appendix Figure A3,mean image-conditioned Jaccard similarity,M/High/Prog/Anal,M/Low /Prog/Anal,0.41728906289475132
qwen-vl,Qwen3-VL,perception_jaccard,Appendix Figure A3,mean image-conditioned Jaccard similarity,M/High/Prog/Empa,M/Low /Prog/Anal,0.4193523978620019
qwen-vl,Qwen3-VL,perception_jaccard,Appendix Figure A3,mean image-conditioned Jaccard similarity,M/High/Prog/Prag,M/Low /Prog/Anal,0.42580505131195329
qwen-vl,Qwen3-VL,perception_jaccard,Appendix Figure A3,mean image-conditioned Jaccard similarity,M/Low /Cons/Anal,M/Low /Prog/Anal,0.45602847188208606
qwen-vl,Qwen3-VL,perception_jaccard,Appendix Figure A3,mean image-conditioned Jaccard similarity,M/Low /Cons/Empa,M/Low /Prog/Anal,0.43731933015208535
qwen-vl,Qwen3-VL,perception_jaccard,Appendix Figure A3,mean image-conditioned Jaccard similarity,M/Low /Cons/Prag,M/Low /Prog/Anal,0.45566142539682536
qwen-vl,Qwen3-VL,perception_jaccard,Appendix Figure A3,mean image-conditioned Jaccard similarity,M/Low /Prog/Anal,M/Low /Prog/Anal,0.49055553926332435
qwen-vl,Qwen3-VL,perception_jaccard,Appendix Figure A3,mean image-conditioned Jaccard similarity,M/Low /Prog/Empa,M/Low /Prog/Anal,0.45225055795169911
qwen-vl,Qwen3-VL,perception_jaccard,Appendix Figure A3,mean image-conditioned Jaccard similarity,M/Low /Prog/Prag,M/Low /Prog/Anal,0.46243382769334695
qwen-vl,Qwen3-VL,perception_jaccard,Appendix Figure A3,mean image-conditioned Jaccard similarity,F/High/Cons/Anal,M/Low /Prog/Empa,0.40217974830329956
qwen-vl,Qwen3-VL,perception_jaccard,Appendix Figure A3,mean image-conditioned Jaccard similarity,F/High/Cons/Empa,M/Low /Prog/Empa,0.41853248690857414
qwen-vl,Qwen3-VL,perception_jaccard,Appendix Figure A3,mean image-conditioned Jaccard similarity,F/High/Cons/Prag,M/Low /Prog/Empa,0.39820788816062491
qwen-vl,Qwen3-VL,perception_jaccard,Appendix Figure A3,mean image-conditioned Jaccard similarity,F/High/Prog/Anal,M/Low /Prog/Empa,0.4220076849122058
qwen-vl,Qwen3-VL,perception_jaccard,Appendix Figure A3,mean image-conditioned Jaccard similarity,F/High/Prog/Empa,M/Low /Prog/Empa,0.4346888298596856
qwen-vl,Qwen3-VL,perception_jaccard,Appendix Figure A3,mean image-conditioned Jaccard similarity,F/High/Prog/Prag,M/Low /Prog/Empa,0.42727232923996511
qwen-vl,Qwen3-VL,perception_jaccard,Appendix Figure A3,mean image-conditioned Jaccard similarity,F/Low /Cons/Anal,M/Low /Prog/Empa,0.4198649570486449
qwen-vl,Qwen3-VL,perception_jaccard,Appendix Figure A3,mean image-conditioned Jaccard similarity,F/Low /Cons/Empa,M/Low /Prog/Empa,0.44770558086144691
qwen-vl,Qwen3-VL,perception_jaccard,Appendix Figure A3,mean image-conditioned Jaccard similarity,F/Low /Cons/Prag,M/Low /Prog/Empa,0.42825139609948637
qwen-vl,Qwen3-VL,perception_jaccard,Appendix Figure A3,mean image-conditioned Jaccard similarity,F/Low /Prog/Anal,M/Low /Prog/Empa,0.45033544246208079
qwen-vl,Qwen3-VL,perception_jaccard,Appendix Figure A3,mean image-conditioned Jaccard similarity,F/Low /Prog/Empa,M/Low /Prog/Empa,0.46493352531153503
qwen-vl,Qwen3-VL,perception_jaccard,Appendix Figure A3,mean image-conditioned Jaccard similarity,F/Low /Prog/Prag,M/Low /Prog/Empa,0.45189152335475424
qwen-vl,Qwen3-VL,perception_jaccard,Appendix Figure A3,mean image-conditioned Jaccard similarity,M/High/Cons/Anal,M/Low /Prog/Empa,0.40868514109483889
qwen-vl,Qwen3-VL,perception_jaccard,Appendix Figure A3,mean image-conditioned Jaccard similarity,M/High/Cons/Empa,M/Low /Prog/Empa,0.4212384445030663
qwen-vl,Qwen3-VL,perception_jaccard,Appendix Figure A3,mean image-conditioned Jaccard similarity,M/High/Cons/Prag,M/Low /Prog/Empa,0.4087369786608363
qwen-vl,Qwen3-VL,perception_jaccard,Appendix Figure A3,mean image-conditioned Jaccard similarity,M/High/Prog/Anal,M/Low /Prog/Empa,0.41743624444013827
qwen-vl,Qwen3-VL,perception_jaccard,Appendix Figure A3,mean image-conditioned Jaccard similarity,M/High/Prog/Empa,M/Low /Prog/Empa,0.43161465293682744
qwen-vl,Qwen3-VL,perception_jaccard,Appendix Figure A3,mean image-conditioned Jaccard similarity,M/High/Prog/Prag,M/Low /Prog/Empa,0.42516714666375327
qwen-vl,Qwen3-VL,perception_jaccard,Appendix Figure A3,mean image-conditioned Jaccard similarity,M/Low /Cons/Anal,M/Low /Prog/Empa,0.43360719856015278
qwen-vl,Qwen3-VL,perception_jaccard,Appendix Figure A3,mean image-conditioned Jaccard similarity,M/Low /Cons/Empa,M/Low /Prog/Empa,0.43733007058245904
qwen-vl,Qwen3-VL,perception_jaccard,Appendix Figure A3,mean image-conditioned Jaccard similarity,M/Low /Cons/Prag,M/Low /Prog/Empa,0.43360754485905795
qwen-vl,Qwen3-VL,perception_jaccard,Appendix Figure A3,mean image-conditioned Jaccard similarity,M/Low /Prog/Anal,M/Low /Prog/Empa,0.45225055795169911
qwen-vl,Qwen3-VL,perception_jaccard,Appendix Figure A3,mean image-conditioned Jaccard similarity,M/Low /Prog/Empa,M/Low /Prog/Empa,0.47984470052772316
qwen-vl,Qwen3-VL,perception_jaccard,Appendix Figure A3,mean image-conditioned Jaccard similarity,M/Low /Prog/Prag,M/Low /Prog/Empa,0.44296667689669078
qwen-vl,Qwen3-VL,perception_jaccard,Appendix Figure A3,mean image-conditioned Jaccard similarity,F/High/Cons/Anal,M/Low /Prog/Prag,0.4083808401365438
qwen-vl,Qwen3-VL,perception_jaccard,Appendix Figure A3,mean image-conditioned Jaccard similarity,F/High/Cons/Empa,M/Low /Prog/Prag,0.40570148085122376
qwen-vl,Qwen3-VL,perception_jaccard,Appendix Figure A3,mean image-conditioned Jaccard similarity,F/High/Cons/Prag,M/Low /Prog/Prag,0.40870291933509295
qwen-vl,Qwen3-VL,perception_jaccard,Appendix Figure A3,mean image-conditioned Jaccard similarity,F/High/Prog/Anal,M/Low /Prog/Prag,0.41016515930482522
qwen-vl,Qwen3-VL,perception_jaccard,Appendix Figure A3,mean image-conditioned Jaccard similarity,F/High/Prog/Empa,M/Low /Prog/Prag,0.40861785357808861
qwen-vl,Qwen3-VL,perception_jaccard,Appendix Figure A3,mean image-conditioned Jaccard similarity,F/High/Prog/Prag,M/Low /Prog/Prag,0.41822932780860178
qwen-vl,Qwen3-VL,perception_jaccard,Appendix Figure A3,mean image-conditioned Jaccard similarity,F/Low /Cons/Anal,M/Low /Prog/Prag,0.43739828603451664
qwen-vl,Qwen3-VL,perception_jaccard,Appendix Figure A3,mean image-conditioned Jaccard similarity,F/Low /Cons/Empa,M/Low /Prog/Prag,0.44208619559709544
qwen-vl,Qwen3-VL,perception_jaccard,Appendix Figure A3,mean image-conditioned Jaccard similarity,F/Low /Cons/Prag,M/Low /Prog/Prag,0.44985928800973496
qwen-vl,Qwen3-VL,perception_jaccard,Appendix Figure A3,mean image-conditioned Jaccard similarity,F/Low /Prog/Anal,M/Low /Prog/Prag,0.45538845581476939
qwen-vl,Qwen3-VL,perception_jaccard,Appendix Figure A3,mean image-conditioned Jaccard similarity,F/Low /Prog/Empa,M/Low /Prog/Prag,0.43993425674337311
qwen-vl,Qwen3-VL,perception_jaccard,Appendix Figure A3,mean image-conditioned Jaccard similarity,F/Low /Prog/Prag,M/Low /Prog/Prag,0.47134227022219422
qwen-vl,Qwen3-VL,perception_jaccard,Appendix Figure A3,mean image-conditioned Jaccard similarity,M/High/Cons/Anal,M/Low /Prog/Prag,0.41679375412942982
qwen-vl,Qwen3-VL,perception_jaccard,Appendix Figure A3,mean image-conditioned Jaccard similarity,M/High/Cons/Empa,M/Low /Prog/Prag,0.40987998739545217
qwen-vl,Qwen3-VL,perception_jaccard,Appendix Figure A3,mean image-conditioned Jaccard similarity,M/High/Cons/Prag,M/Low /Prog/Prag,0.42380050961377991
qwen-vl,Qwen3-VL,perception_jaccard,Appendix Figure A3,mean image-conditioned Jaccard similarity,M/High/Prog/Anal,M/Low /Prog/Prag,0.40249245667788885
qwen-vl,Qwen3-VL,perception_jaccard,Appendix Figure A3,mean image-conditioned Jaccard similarity,M/High/Prog/Empa,M/Low /Prog/Prag,0.4072861959248002
qwen-vl,Qwen3-VL,perception_jaccard,Appendix Figure A3,mean image-conditioned Jaccard similarity,M/High/Prog/Prag,M/Low /Prog/Prag,0.41858574777182733
qwen-vl,Qwen3-VL,perception_jaccard,Appendix Figure A3,mean image-conditioned Jaccard similarity,M/Low /Cons/Anal,M/Low /Prog/Prag,0.45583884033382105
qwen-vl,Qwen3-VL,perception_jaccard,Appendix Figure A3,mean image-conditioned Jaccard similarity,M/Low /Cons/Empa,M/Low /Prog/Prag,0.43846045747547341
qwen-vl,Qwen3-VL,perception_jaccard,Appendix Figure A3,mean image-conditioned Jaccard similarity,M/Low /Cons/Prag,M/Low /Prog/Prag,0.45751160563551918
qwen-vl,Qwen3-VL,perception_jaccard,Appendix Figure A3,mean image-conditioned Jaccard similarity,M/Low /Prog/Anal,M/Low /Prog/Prag,0.46243382769334695
qwen-vl,Qwen3-VL,perception_jaccard,Appendix Figure A3,mean image-conditioned Jaccard similarity,M/Low /Prog/Empa,M/Low /Prog/Prag,0.44296667689669078
qwen-vl,Qwen3-VL,perception_jaccard,Appendix Figure A3,mean image-conditioned Jaccard similarity,M/Low /Prog/Prag,M/Low /Prog/Prag,0.47743884112315016
gemma-4-E4B-it_t01,Gemma4,topic_persona_proportion,Main-paper topic-persona heatmap,"within-profile topic proportion, renormalized over displayed topics",Accident & systemic failure,F/High/Cons/Anal,0.12254901960784313
gemma-4-E4B-it_t01,Gemma4,topic_persona_proportion,Main-paper topic-persona heatmap,"within-profile topic proportion, renormalized over displayed topics",Accident & police response,F/High/Cons/Anal,0.12254901960784313
gemma-4-E4B-it_t01,Gemma4,topic_persona_proportion,Main-paper topic-persona heatmap,"within-profile topic proportion, renormalized over displayed topics",Home & peaceful scene,F/High/Cons/Anal,0.23529411764705882
gemma-4-E4B-it_t01,Gemma4,topic_persona_proportion,Main-paper topic-persona heatmap,"within-profile topic proportion, renormalized over displayed topics",Decay & abandonment,F/High/Cons/Anal,0.12745098039215685
gemma-4-E4B-it_t01,Gemma4,topic_persona_proportion,Main-paper topic-persona heatmap,"within-profile topic proportion, renormalized over displayed topics",Scenic calm & hope,F/High/Cons/Anal,0.058823529411764705
gemma-4-E4B-it_t01,Gemma4,topic_persona_proportion,Main-paper topic-persona heatmap,"within-profile topic proportion, renormalized over displayed topics",Stark & neutral architecture,F/High/Cons/Anal,0.11764705882352941
gemma-4-E4B-it_t01,Gemma4,topic_persona_proportion,Main-paper topic-persona heatmap,"within-profile topic proportion, renormalized over displayed topics",Wreckage & fragility,F/High/Cons/Anal,0.053921568627450983
gemma-4-E4B-it_t01,Gemma4,topic_persona_proportion,Main-paper topic-persona heatmap,"within-profile topic proportion, renormalized over displayed topics",Neglect & disrepair,F/High/Cons/Anal,0
gemma-4-E4B-it_t01,Gemma4,topic_persona_proportion,Main-paper topic-persona heatmap,"within-profile topic proportion, renormalized over displayed topics",Natural landscape & beauty,F/High/Cons/Anal,0
gemma-4-E4B-it_t01,Gemma4,topic_persona_proportion,Main-paper topic-persona heatmap,"within-profile topic proportion, renormalized over displayed topics",Typical urban scene,F/High/Cons/Anal,0.16176470588235295
gemma-4-E4B-it_t01,Gemma4,topic_persona_proportion,Main-paper topic-persona heatmap,"within-profile topic proportion, renormalized over displayed topics",Accident & systemic failure,F/High/Cons/Empa,0.24686192468619247
gemma-4-E4B-it_t01,Gemma4,topic_persona_proportion,Main-paper topic-persona heatmap,"within-profile topic proportion, renormalized over displayed topics",Accident & police response,F/High/Cons/Empa,0.22175732217573221
gemma-4-E4B-it_t01,Gemma4,topic_persona_proportion,Main-paper topic-persona heatmap,"within-profile topic proportion, renormalized over displayed topics",Home & peaceful scene,F/High/Cons/Empa,0.096234309623430964
gemma-4-E4B-it_t01,Gemma4,topic_persona_proportion,Main-paper topic-persona heatmap,"within-profile topic proportion, renormalized over displayed topics",Decay & abandonment,F/High/Cons/Empa,0
gemma-4-E4B-it_t01,Gemma4,topic_persona_proportion,Main-paper topic-persona heatmap,"within-profile topic proportion, renormalized over displayed topics",Scenic calm & hope,F/High/Cons/Empa,0.054393305439330547
gemma-4-E4B-it_t01,Gemma4,topic_persona_proportion,Main-paper topic-persona heatmap,"within-profile topic proportion, renormalized over displayed topics",Stark & neutral architecture,F/High/Cons/Empa,0.18828451882845187
gemma-4-E4B-it_t01,Gemma4,topic_persona_proportion,Main-paper topic-persona heatmap,"within-profile topic proportion, renormalized over displayed topics",Wreckage & fragility,F/High/Cons/Empa,0.025104602510460251
gemma-4-E4B-it_t01,Gemma4,topic_persona_proportion,Main-paper topic-persona heatmap,"within-profile topic proportion, renormalized over displayed topics",Neglect & disrepair,F/High/Cons/Empa,0
gemma-4-E4B-it_t01,Gemma4,topic_persona_proportion,Main-paper topic-persona heatmap,"within-profile topic proportion, renormalized over displayed topics",Natural landscape & beauty,F/High/Cons/Empa,0.16736401673640167
gemma-4-E4B-it_t01,Gemma4,topic_persona_proportion,Main-paper topic-persona heatmap,"within-profile topic proportion, renormalized over displayed topics",Typical urban scene,F/High/Cons/Empa,0
gemma-4-E4B-it_t01,Gemma4,topic_persona_proportion,Main-paper topic-persona heatmap,"within-profile topic proportion, renormalized over displayed topics",Accident & systemic failure,F/High/Cons/Prag,0.3971631205673759
gemma-4-E4B-it_t01,Gemma4,topic_persona_proportion,Main-paper topic-persona heatmap,"within-profile topic proportion, renormalized over displayed topics",Accident & police response,F/High/Cons/Prag,0.070921985815602842
gemma-4-E4B-it_t01,Gemma4,topic_persona_proportion,Main-paper topic-persona heatmap,"within-profile topic proportion, renormalized over displayed topics",Home & peaceful scene,F/High/Cons/Prag,0.26950354609929078
gemma-4-E4B-it_t01,Gemma4,topic_persona_proportion,Main-paper topic-persona heatmap,"within-profile topic proportion, renormalized over displayed topics",Decay & abandonment,F/High/Cons/Prag,0
gemma-4-E4B-it_t01,Gemma4,topic_persona_proportion,Main-paper topic-persona heatmap,"within-profile topic proportion, renormalized over displayed topics",Scenic calm & hope,F/High/Cons/Prag,0.063829787234042548
gemma-4-E4B-it_t01,Gemma4,topic_persona_proportion,Main-paper topic-persona heatmap,"within-profile topic proportion, renormalized over displayed topics",Stark & neutral architecture,F/High/Cons/Prag,0
gemma-4-E4B-it_t01,Gemma4,topic_persona_proportion,Main-paper topic-persona heatmap,"within-profile topic proportion, renormalized over displayed topics",Wreckage & fragility,F/High/Cons/Prag,0.0070921985815602835
gemma-4-E4B-it_t01,Gemma4,topic_persona_proportion,Main-paper topic-persona heatmap,"within-profile topic proportion, renormalized over displayed topics",Neglect & disrepair,F/High/Cons/Prag,0.085106382978723402
gemma-4-E4B-it_t01,Gemma4,topic_persona_proportion,Main-paper topic-persona heatmap,"within-profile topic proportion, renormalized over displayed topics",Natural landscape & beauty,F/High/Cons/Prag,0
gemma-4-E4B-it_t01,Gemma4,topic_persona_proportion,Main-paper topic-persona heatmap,"within-profile topic proportion, renormalized over displayed topics",Typical urban scene,F/High/Cons/Prag,0.10638297872340426
gemma-4-E4B-it_t01,Gemma4,topic_persona_proportion,Main-paper topic-persona heatmap,"within-profile topic proportion, renormalized over displayed topics",Accident & systemic failure,F/High/Prog/Anal,0.089147286821705432
gemma-4-E4B-it_t01,Gemma4,topic_persona_proportion,Main-paper topic-persona heatmap,"within-profile topic proportion, renormalized over displayed topics",Accident & police response,F/High/Prog/Anal,0.073643410852713184
gemma-4-E4B-it_t01,Gemma4,topic_persona_proportion,Main-paper topic-persona heatmap,"within-profile topic proportion, renormalized over displayed topics",Home & peaceful scene,F/High/Prog/Anal,0.058139534883720929
gemma-4-E4B-it_t01,Gemma4,topic_persona_proportion,Main-paper topic-persona heatmap,"within-profile topic proportion, renormalized over displayed topics",Decay & abandonment,F/High/Prog/Anal,0.22868217054263565
gemma-4-E4B-it_t01,Gemma4,topic_persona_proportion,Main-paper topic-persona heatmap,"within-profile topic proportion, renormalized over displayed topics",Scenic calm & hope,F/High/Prog/Anal,0.062015503875968991
gemma-4-E4B-it_t01,Gemma4,topic_persona_proportion,Main-paper topic-persona heatmap,"within-profile topic proportion, renormalized over displayed topics",Stark & neutral architecture,F/High/Prog/Anal,0.1744186046511628
gemma-4-E4B-it_t01,Gemma4,topic_persona_proportion,Main-paper topic-persona heatmap,"within-profile topic proportion, renormalized over displayed topics",Wreckage & fragility,F/High/Prog/Anal,0.027131782945736434
gemma-4-E4B-it_t01,Gemma4,topic_persona_proportion,Main-paper topic-persona heatmap,"within-profile topic proportion, renormalized over displayed topics",Neglect & disrepair,F/High/Prog/Anal,0
gemma-4-E4B-it_t01,Gemma4,topic_persona_proportion,Main-paper topic-persona heatmap,"within-profile topic proportion, renormalized over displayed topics",Natural landscape & beauty,F/High/Prog/Anal,0.050387596899224806
gemma-4-E4B-it_t01,Gemma4,topic_persona_proportion,Main-paper topic-persona heatmap,"within-profile topic proportion, renormalized over displayed topics",Typical urban scene,F/High/Prog/Anal,0.23643410852713179
gemma-4-E4B-it_t01,Gemma4,topic_persona_proportion,Main-paper topic-persona heatmap,"within-profile topic proportion, renormalized over displayed topics",Accident & systemic failure,F/High/Prog/Empa,0.13698630136986301
gemma-4-E4B-it_t01,Gemma4,topic_persona_proportion,Main-paper topic-persona heatmap,"within-profile topic proportion, renormalized over displayed topics",Accident & police response,F/High/Prog/Empa,0.18264840182648401
gemma-4-E4B-it_t01,Gemma4,topic_persona_proportion,Main-paper topic-persona heatmap,"within-profile topic proportion, renormalized over displayed topics",Home & peaceful scene,F/High/Prog/Empa,0.22831050228310501
gemma-4-E4B-it_t01,Gemma4,topic_persona_proportion,Main-paper topic-persona heatmap,"within-profile topic proportion, renormalized over displayed topics",Decay & abandonment,F/High/Prog/Empa,0.17808219178082191
gemma-4-E4B-it_t01,Gemma4,topic_persona_proportion,Main-paper topic-persona heatmap,"within-profile topic proportion, renormalized over displayed topics",Scenic calm & hope,F/High/Prog/Empa,0.1050228310502283
gemma-4-E4B-it_t01,Gemma4,topic_persona_proportion,Main-paper topic-persona heatmap,"within-profile topic proportion, renormalized over displayed topics",Stark & neutral architecture,F/High/Prog/Empa,0.082191780821917804
gemma-4-E4B-it_t01,Gemma4,topic_persona_proportion,Main-paper topic-persona heatmap,"within-profile topic proportion, renormalized over displayed topics",Wreckage & fragility,F/High/Prog/Empa,0
gemma-4-E4B-it_t01,Gemma4,topic_persona_proportion,Main-paper topic-persona heatmap,"within-profile topic proportion, renormalized over displayed topics",Neglect & disrepair,F/High/Prog/Empa,0
gemma-4-E4B-it_t01,Gemma4,topic_persona_proportion,Main-paper topic-persona heatmap,"within-profile topic proportion, renormalized over displayed topics",Natural landscape & beauty,F/High/Prog/Empa,0.068493150684931503
gemma-4-E4B-it_t01,Gemma4,topic_persona_proportion,Main-paper topic-persona heatmap,"within-profile topic proportion, renormalized over displayed topics",Typical urban scene,F/High/Prog/Empa,0.018264840182648401
gemma-4-E4B-it_t01,Gemma4,topic_persona_proportion,Main-paper topic-persona heatmap,"within-profile topic proportion, renormalized over displayed topics",Accident & systemic failure,F/High/Prog/Prag,0.10762331838565023
gemma-4-E4B-it_t01,Gemma4,topic_persona_proportion,Main-paper topic-persona heatmap,"within-profile topic proportion, renormalized over displayed topics",Accident & police response,F/High/Prog/Prag,0.13901345291479822
gemma-4-E4B-it_t01,Gemma4,topic_persona_proportion,Main-paper topic-persona heatmap,"within-profile topic proportion, renormalized over displayed topics",Home & peaceful scene,F/High/Prog/Prag,0.11210762331838565
gemma-4-E4B-it_t01,Gemma4,topic_persona_proportion,Main-paper topic-persona heatmap,"within-profile topic proportion, renormalized over displayed topics",Decay & abandonment,F/High/Prog/Prag,0.14349775784753363
gemma-4-E4B-it_t01,Gemma4,topic_persona_proportion,Main-paper topic-persona heatmap,"within-profile topic proportion, renormalized over displayed topics",Scenic calm & hope,F/High/Prog/Prag,0.049327354260089683
gemma-4-E4B-it_t01,Gemma4,topic_persona_proportion,Main-paper topic-persona heatmap,"within-profile topic proportion, renormalized over displayed topics",Stark & neutral architecture,F/High/Prog/Prag,0.23766816143497757
gemma-4-E4B-it_t01,Gemma4,topic_persona_proportion,Main-paper topic-persona heatmap,"within-profile topic proportion, renormalized over displayed topics",Wreckage & fragility,F/High/Prog/Prag,0
gemma-4-E4B-it_t01,Gemma4,topic_persona_proportion,Main-paper topic-persona heatmap,"within-profile topic proportion, renormalized over displayed topics",Neglect & disrepair,F/High/Prog/Prag,0.0044843049327354259
gemma-4-E4B-it_t01,Gemma4,topic_persona_proportion,Main-paper topic-persona heatmap,"within-profile topic proportion, renormalized over displayed topics",Natural landscape & beauty,F/High/Prog/Prag,0.040358744394618833
gemma-4-E4B-it_t01,Gemma4,topic_persona_proportion,Main-paper topic-persona heatmap,"within-profile topic proportion, renormalized over displayed topics",Typical urban scene,F/High/Prog/Prag,0.16591928251121077
gemma-4-E4B-it_t01,Gemma4,topic_persona_proportion,Main-paper topic-persona heatmap,"within-profile topic proportion, renormalized over displayed topics",Accident & systemic failure,F/Low /Cons/Anal,0.39130434782608697
gemma-4-E4B-it_t01,Gemma4,topic_persona_proportion,Main-paper topic-persona heatmap,"within-profile topic proportion, renormalized over displayed topics",Accident & police response,F/Low /Cons/Anal,0.097826086956521743
gemma-4-E4B-it_t01,Gemma4,topic_persona_proportion,Main-paper topic-persona heatmap,"within-profile topic proportion, renormalized over displayed topics",Home & peaceful scene,F/Low /Cons/Anal,0
gemma-4-E4B-it_t01,Gemma4,topic_persona_proportion,Main-paper topic-persona heatmap,"within-profile topic proportion, renormalized over displayed topics",Decay & abandonment,F/Low /Cons/Anal,0
gemma-4-E4B-it_t01,Gemma4,topic_persona_proportion,Main-paper topic-persona heatmap,"within-profile topic proportion, renormalized over displayed topics",Scenic calm & hope,F/Low /Cons/Anal,0.16304347826086957
gemma-4-E4B-it_t01,Gemma4,topic_persona_proportion,Main-paper topic-persona heatmap,"within-profile topic proportion, renormalized over displayed topics",Stark & neutral architecture,F/Low /Cons/Anal,0
gemma-4-E4B-it_t01,Gemma4,topic_persona_proportion,Main-paper topic-persona heatmap,"within-profile topic proportion, renormalized over displayed topics",Wreckage & fragility,F/Low /Cons/Anal,0.21739130434782608
gemma-4-E4B-it_t01,Gemma4,topic_persona_proportion,Main-paper topic-persona heatmap,"within-profile topic proportion, renormalized over displayed topics",Neglect & disrepair,F/Low /Cons/Anal,0.11956521739130435
gemma-4-E4B-it_t01,Gemma4,topic_persona_proportion,Main-paper topic-persona heatmap,"within-profile topic proportion, renormalized over displayed topics",Natural landscape & beauty,F/Low /Cons/Anal,0.010869565217391304
gemma-4-E4B-it_t01,Gemma4,topic_persona_proportion,Main-paper topic-persona heatmap,"within-profile topic proportion, renormalized over displayed topics",Typical urban scene,F/Low /Cons/Anal,0
gemma-4-E4B-it_t01,Gemma4,topic_persona_proportion,Main-paper topic-persona heatmap,"within-profile topic proportion, renormalized over displayed topics",Accident & systemic failure,F/Low /Cons/Empa,0
gemma-4-E4B-it_t01,Gemma4,topic_persona_proportion,Main-paper topic-persona heatmap,"within-profile topic proportion, renormalized over displayed topics",Accident & police response,F/Low /Cons/Empa,0.34862385321100919
gemma-4-E4B-it_t01,Gemma4,topic_persona_proportion,Main-paper topic-persona heatmap,"within-profile topic proportion, renormalized over displayed topics",Home & peaceful scene,F/Low /Cons/Empa,0
gemma-4-E4B-it_t01,Gemma4,topic_persona_proportion,Main-paper topic-persona heatmap,"within-profile topic proportion, renormalized over displayed topics",Decay & abandonment,F/Low /Cons/Empa,0
gemma-4-E4B-it_t01,Gemma4,topic_persona_proportion,Main-paper topic-persona heatmap,"within-profile topic proportion, renormalized over displayed topics",Scenic calm & hope,F/Low /Cons/Empa,0.01834862385321101
gemma-4-E4B-it_t01,Gemma4,topic_persona_proportion,Main-paper topic-persona heatmap,"within-profile topic proportion, renormalized over displayed topics",Stark & neutral architecture,F/Low /Cons/Empa,0
gemma-4-E4B-it_t01,Gemma4,topic_persona_proportion,Main-paper topic-persona heatmap,"within-profile topic proportion, renormalized over displayed topics",Wreckage & fragility,F/Low /Cons/Empa,0.45871559633027525
gemma-4-E4B-it_t01,Gemma4,topic_persona_proportion,Main-paper topic-persona heatmap,"within-profile topic proportion, renormalized over displayed topics",Neglect & disrepair,F/Low /Cons/Empa,0.1743119266055046
gemma-4-E4B-it_t01,Gemma4,topic_persona_proportion,Main-paper topic-persona heatmap,"within-profile topic proportion, renormalized over displayed topics",Natural landscape & beauty,F/Low /Cons/Empa,0
gemma-4-E4B-it_t01,Gemma4,topic_persona_proportion,Main-paper topic-persona heatmap,"within-profile topic proportion, renormalized over displayed topics",Typical urban scene,F/Low /Cons/Empa,0
gemma-4-E4B-it_t01,Gemma4,topic_persona_proportion,Main-paper topic-persona heatmap,"within-profile topic proportion, renormalized over displayed topics",Accident & systemic failure,F/Low /Cons/Prag,0.37931034482758619
gemma-4-E4B-it_t01,Gemma4,topic_persona_proportion,Main-paper topic-persona heatmap,"within-profile topic proportion, renormalized over displayed topics",Accident & police response,F/Low /Cons/Prag,0.022988505747126436
gemma-4-E4B-it_t01,Gemma4,topic_persona_proportion,Main-paper topic-persona heatmap,"within-profile topic proportion, renormalized over displayed topics",Home & peaceful scene,F/Low /Cons/Prag,0
gemma-4-E4B-it_t01,Gemma4,topic_persona_proportion,Main-paper topic-persona heatmap,"within-profile topic proportion, renormalized over displayed topics",Decay & abandonment,F/Low /Cons/Prag,0
gemma-4-E4B-it_t01,Gemma4,topic_persona_proportion,Main-paper topic-persona heatmap,"within-profile topic proportion, renormalized over displayed topics",Scenic calm & hope,F/Low /Cons/Prag,0
gemma-4-E4B-it_t01,Gemma4,topic_persona_proportion,Main-paper topic-persona heatmap,"within-profile topic proportion, renormalized over displayed topics",Stark & neutral architecture,F/Low /Cons/Prag,0
gemma-4-E4B-it_t01,Gemma4,topic_persona_proportion,Main-paper topic-persona heatmap,"within-profile topic proportion, renormalized over displayed topics",Wreckage & fragility,F/Low /Cons/Prag,0.31034482758620691
gemma-4-E4B-it_t01,Gemma4,topic_persona_proportion,Main-paper topic-persona heatmap,"within-profile topic proportion, renormalized over displayed topics",Neglect & disrepair,F/Low /Cons/Prag,0.28735632183908044
gemma-4-E4B-it_t01,Gemma4,topic_persona_proportion,Main-paper topic-persona heatmap,"within-profile topic proportion, renormalized over displayed topics",Natural landscape & beauty,F/Low /Cons/Prag,0
gemma-4-E4B-it_t01,Gemma4,topic_persona_proportion,Main-paper topic-persona heatmap,"within-profile topic proportion, renormalized over displayed topics",Typical urban scene,F/Low /Cons/Prag,0
gemma-4-E4B-it_t01,Gemma4,topic_persona_proportion,Main-paper topic-persona heatmap,"within-profile topic proportion, renormalized over displayed topics",Accident & systemic failure,F/Low /Prog/Anal,0.28712871287128711
gemma-4-E4B-it_t01,Gemma4,topic_persona_proportion,Main-paper topic-persona heatmap,"within-profile topic proportion, renormalized over displayed topics",Accident & police response,F/Low /Prog/Anal,0.39603960396039606
gemma-4-E4B-it_t01,Gemma4,topic_persona_proportion,Main-paper topic-persona heatmap,"within-profile topic proportion, renormalized over displayed topics",Home & peaceful scene,F/Low /Prog/Anal,0
gemma-4-E4B-it_t01,Gemma4,topic_persona_proportion,Main-paper topic-persona heatmap,"within-profile topic proportion, renormalized over displayed topics",Decay & abandonment,F/Low /Prog/Anal,0
gemma-4-E4B-it_t01,Gemma4,topic_persona_proportion,Main-paper topic-persona heatmap,"within-profile topic proportion, renormalized over displayed topics",Scenic calm & hope,F/Low /Prog/Anal,0.089108910891089105
gemma-4-E4B-it_t01,Gemma4,topic_persona_proportion,Main-paper topic-persona heatmap,"within-profile topic proportion, renormalized over displayed topics",Stark & neutral architecture,F/Low /Prog/Anal,0.059405940594059403
gemma-4-E4B-it_t01,Gemma4,topic_persona_proportion,Main-paper topic-persona heatmap,"within-profile topic proportion, renormalized over displayed topics",Wreckage & fragility,F/Low /Prog/Anal,0
gemma-4-E4B-it_t01,Gemma4,topic_persona_proportion,Main-paper topic-persona heatmap,"within-profile topic proportion, renormalized over displayed topics",Neglect & disrepair,F/Low /Prog/Anal,0.13861386138613863
gemma-4-E4B-it_t01,Gemma4,topic_persona_proportion,Main-paper topic-persona heatmap,"within-profile topic proportion, renormalized over displayed topics",Natural landscape & beauty,F/Low /Prog/Anal,0.029702970297029702
gemma-4-E4B-it_t01,Gemma4,topic_persona_proportion,Main-paper topic-persona heatmap,"within-profile topic proportion, renormalized over displayed topics",Typical urban scene,F/Low /Prog/Anal,0
gemma-4-E4B-it_t01,Gemma4,topic_persona_proportion,Main-paper topic-persona heatmap,"within-profile topic proportion, renormalized over displayed topics",Accident & systemic failure,F/Low /Prog/Empa,0.0234375
gemma-4-E4B-it_t01,Gemma4,topic_persona_proportion,Main-paper topic-persona heatmap,"within-profile topic proportion, renormalized over displayed topics",Accident & police response,F/Low /Prog/Empa,0.0546875
gemma-4-E4B-it_t01,Gemma4,topic_persona_proportion,Main-paper topic-persona heatmap,"within-profile topic proportion, renormalized over displayed topics",Home & peaceful scene,F/Low /Prog/Empa,0
gemma-4-E4B-it_t01,Gemma4,topic_persona_proportion,Main-paper topic-persona heatmap,"within-profile topic proportion, renormalized over displayed topics",Decay & abandonment,F/Low /Prog/Empa,0
gemma-4-E4B-it_t01,Gemma4,topic_persona_proportion,Main-paper topic-persona heatmap,"within-profile topic proportion, renormalized over displayed topics",Scenic calm & hope,F/Low /Prog/Empa,0.234375
gemma-4-E4B-it_t01,Gemma4,topic_persona_proportion,Main-paper topic-persona heatmap,"within-profile topic proportion, renormalized over displayed topics",Stark & neutral architecture,F/Low /Prog/Empa,0.015625
gemma-4-E4B-it_t01,Gemma4,topic_persona_proportion,Main-paper topic-persona heatmap,"within-profile topic proportion, renormalized over displayed topics",Wreckage & fragility,F/Low /Prog/Empa,0.3125
gemma-4-E4B-it_t01,Gemma4,topic_persona_proportion,Main-paper topic-persona heatmap,"within-profile topic proportion, renormalized over displayed topics",Neglect & disrepair,F/Low /Prog/Empa,0
gemma-4-E4B-it_t01,Gemma4,topic_persona_proportion,Main-paper topic-persona heatmap,"within-profile topic proportion, renormalized over displayed topics",Natural landscape & beauty,F/Low /Prog/Empa,0.359375
gemma-4-E4B-it_t01,Gemma4,topic_persona_proportion,Main-paper topic-persona heatmap,"within-profile topic proportion, renormalized over displayed topics",Typical urban scene,F/Low /Prog/Empa,0
gemma-4-E4B-it_t01,Gemma4,topic_persona_proportion,Main-paper topic-persona heatmap,"within-profile topic proportion, renormalized over displayed topics",Accident & systemic failure,F/Low /Prog/Prag,0.21794871794871795
gemma-4-E4B-it_t01,Gemma4,topic_persona_proportion,Main-paper topic-persona heatmap,"within-profile topic proportion, renormalized over displayed topics",Accident & police response,F/Low /Prog/Prag,0.05128205128205128
gemma-4-E4B-it_t01,Gemma4,topic_persona_proportion,Main-paper topic-persona heatmap,"within-profile topic proportion, renormalized over displayed topics",Home & peaceful scene,F/Low /Prog/Prag,0
gemma-4-E4B-it_t01,Gemma4,topic_persona_proportion,Main-paper topic-persona heatmap,"within-profile topic proportion, renormalized over displayed topics",Decay & abandonment,F/Low /Prog/Prag,0
gemma-4-E4B-it_t01,Gemma4,topic_persona_proportion,Main-paper topic-persona heatmap,"within-profile topic proportion, renormalized over displayed topics",Scenic calm & hope,F/Low /Prog/Prag,0.038461538461538464
gemma-4-E4B-it_t01,Gemma4,topic_persona_proportion,Main-paper topic-persona heatmap,"within-profile topic proportion, renormalized over displayed topics",Stark & neutral architecture,F/Low /Prog/Prag,0
gemma-4-E4B-it_t01,Gemma4,topic_persona_proportion,Main-paper topic-persona heatmap,"within-profile topic proportion, renormalized over displayed topics",Wreckage & fragility,F/Low /Prog/Prag,0.4358974358974359
gemma-4-E4B-it_t01,Gemma4,topic_persona_proportion,Main-paper topic-persona heatmap,"within-profile topic proportion, renormalized over displayed topics",Neglect & disrepair,F/Low /Prog/Prag,0.12820512820512819
gemma-4-E4B-it_t01,Gemma4,topic_persona_proportion,Main-paper topic-persona heatmap,"within-profile topic proportion, renormalized over displayed topics",Natural landscape & beauty,F/Low /Prog/Prag,0
gemma-4-E4B-it_t01,Gemma4,topic_persona_proportion,Main-paper topic-persona heatmap,"within-profile topic proportion, renormalized over displayed topics",Typical urban scene,F/Low /Prog/Prag,0.12820512820512819
gemma-4-E4B-it_t01,Gemma4,topic_persona_proportion,Main-paper topic-persona heatmap,"within-profile topic proportion, renormalized over displayed topics",Accident & systemic failure,M/High/Cons/Anal,0.070422535211267609
gemma-4-E4B-it_t01,Gemma4,topic_persona_proportion,Main-paper topic-persona heatmap,"within-profile topic proportion, renormalized over displayed topics",Accident & police response,M/High/Cons/Anal,0.070422535211267609
gemma-4-E4B-it_t01,Gemma4,topic_persona_proportion,Main-paper topic-persona heatmap,"within-profile topic proportion, renormalized over displayed topics",Home & peaceful scene,M/High/Cons/Anal,0.176056338028169
gemma-4-E4B-it_t01,Gemma4,topic_persona_proportion,Main-paper topic-persona heatmap,"within-profile topic proportion, renormalized over displayed topics",Decay & abandonment,M/High/Cons/Anal,0.25352112676056338
gemma-4-E4B-it_t01,Gemma4,topic_persona_proportion,Main-paper topic-persona heatmap,"within-profile topic proportion, renormalized over displayed topics",Scenic calm & hope,M/High/Cons/Anal,0.0070422535211267607
gemma-4-E4B-it_t01,Gemma4,topic_persona_proportion,Main-paper topic-persona heatmap,"within-profile topic proportion, renormalized over displayed topics",Stark & neutral architecture,M/High/Cons/Anal,0.22535211267605634
gemma-4-E4B-it_t01,Gemma4,topic_persona_proportion,Main-paper topic-persona heatmap,"within-profile topic proportion, renormalized over displayed topics",Wreckage & fragility,M/High/Cons/Anal,0.084507042253521125
gemma-4-E4B-it_t01,Gemma4,topic_persona_proportion,Main-paper topic-persona heatmap,"within-profile topic proportion, renormalized over displayed topics",Neglect & disrepair,M/High/Cons/Anal,0
gemma-4-E4B-it_t01,Gemma4,topic_persona_proportion,Main-paper topic-persona heatmap,"within-profile topic proportion, renormalized over displayed topics",Natural landscape & beauty,M/High/Cons/Anal,0
gemma-4-E4B-it_t01,Gemma4,topic_persona_proportion,Main-paper topic-persona heatmap,"within-profile topic proportion, renormalized over displayed topics",Typical urban scene,M/High/Cons/Anal,0.11267605633802817
gemma-4-E4B-it_t01,Gemma4,topic_persona_proportion,Main-paper topic-persona heatmap,"within-profile topic proportion, renormalized over displayed topics",Accident & systemic failure,M/High/Cons/Empa,0.19396551724137931
gemma-4-E4B-it_t01,Gemma4,topic_persona_proportion,Main-paper topic-persona heatmap,"within-profile topic proportion, renormalized over displayed topics",Accident & police response,M/High/Cons/Empa,0.31034482758620691
gemma-4-E4B-it_t01,Gemma4,topic_persona_proportion,Main-paper topic-persona heatmap,"within-profile topic proportion, renormalized over displayed topics",Home & peaceful scene,M/High/Cons/Empa,0.21551724137931033
gemma-4-E4B-it_t01,Gemma4,topic_persona_proportion,Main-paper topic-persona heatmap,"within-profile topic proportion, renormalized over displayed topics",Decay & abandonment,M/High/Cons/Empa,0
gemma-4-E4B-it_t01,Gemma4,topic_persona_proportion,Main-paper topic-persona heatmap,"within-profile topic proportion, renormalized over displayed topics",Scenic calm & hope,M/High/Cons/Empa,0.125
gemma-4-E4B-it_t01,Gemma4,topic_persona_proportion,Main-paper topic-persona heatmap,"within-profile topic proportion, renormalized over displayed topics",Stark & neutral architecture,M/High/Cons/Empa,0.043103448275862072
gemma-4-E4B-it_t01,Gemma4,topic_persona_proportion,Main-paper topic-persona heatmap,"within-profile topic proportion, renormalized over displayed topics",Wreckage & fragility,M/High/Cons/Empa,0.017241379310344827
gemma-4-E4B-it_t01,Gemma4,topic_persona_proportion,Main-paper topic-persona heatmap,"within-profile topic proportion, renormalized over displayed topics",Neglect & disrepair,M/High/Cons/Empa,0
gemma-4-E4B-it_t01,Gemma4,topic_persona_proportion,Main-paper topic-persona heatmap,"within-profile topic proportion, renormalized over displayed topics",Natural landscape & beauty,M/High/Cons/Empa,0.090517241379310345
gemma-4-E4B-it_t01,Gemma4,topic_persona_proportion,Main-paper topic-persona heatmap,"within-profile topic proportion, renormalized over displayed topics",Typical urban scene,M/High/Cons/Empa,0.0043103448275862068
gemma-4-E4B-it_t01,Gemma4,topic_persona_proportion,Main-paper topic-persona heatmap,"within-profile topic proportion, renormalized over displayed topics",Accident & systemic failure,M/High/Cons/Prag,0.20408163265306123
gemma-4-E4B-it_t01,Gemma4,topic_persona_proportion,Main-paper topic-persona heatmap,"within-profile topic proportion, renormalized over displayed topics",Accident & police response,M/High/Cons/Prag,0.24489795918367346
gemma-4-E4B-it_t01,Gemma4,topic_persona_proportion,Main-paper topic-persona heatmap,"within-profile topic proportion, renormalized over displayed topics",Home & peaceful scene,M/High/Cons/Prag,0.18367346938775511
gemma-4-E4B-it_t01,Gemma4,topic_persona_proportion,Main-paper topic-persona heatmap,"within-profile topic proportion, renormalized over displayed topics",Decay & abandonment,M/High/Cons/Prag,0
gemma-4-E4B-it_t01,Gemma4,topic_persona_proportion,Main-paper topic-persona heatmap,"within-profile topic proportion, renormalized over displayed topics",Scenic calm & hope,M/High/Cons/Prag,0.34693877551020408
gemma-4-E4B-it_t01,Gemma4,topic_persona_proportion,Main-paper topic-persona heatmap,"within-profile topic proportion, renormalized over displayed topics",Stark & neutral architecture,M/High/Cons/Prag,0
gemma-4-E4B-it_t01,Gemma4,topic_persona_proportion,Main-paper topic-persona heatmap,"within-profile topic proportion, renormalized over displayed topics",Wreckage & fragility,M/High/Cons/Prag,0
gemma-4-E4B-it_t01,Gemma4,topic_persona_proportion,Main-paper topic-persona heatmap,"within-profile topic proportion, renormalized over displayed topics",Neglect & disrepair,M/High/Cons/Prag,0.01020408163265306
gemma-4-E4B-it_t01,Gemma4,topic_persona_proportion,Main-paper topic-persona heatmap,"within-profile topic proportion, renormalized over displayed topics",Natural landscape & beauty,M/High/Cons/Prag,0
gemma-4-E4B-it_t01,Gemma4,topic_persona_proportion,Main-paper topic-persona heatmap,"within-profile topic proportion, renormalized over displayed topics",Typical urban scene,M/High/Cons/Prag,0.01020408163265306
gemma-4-E4B-it_t01,Gemma4,topic_persona_proportion,Main-paper topic-persona heatmap,"within-profile topic proportion, renormalized over displayed topics",Accident & systemic failure,M/High/Prog/Anal,0.096618357487922704
gemma-4-E4B-it_t01,Gemma4,topic_persona_proportion,Main-paper topic-persona heatmap,"within-profile topic proportion, renormalized over displayed topics",Accident & police response,M/High/Prog/Anal,0.086956521739130432
gemma-4-E4B-it_t01,Gemma4,topic_persona_proportion,Main-paper topic-persona heatmap,"within-profile topic proportion, renormalized over displayed topics",Home & peaceful scene,M/High/Prog/Anal,0.12077294685990338
gemma-4-E4B-it_t01,Gemma4,topic_persona_proportion,Main-paper topic-persona heatmap,"within-profile topic proportion, renormalized over displayed topics",Decay & abandonment,M/High/Prog/Anal,0.29951690821256038
gemma-4-E4B-it_t01,Gemma4,topic_persona_proportion,Main-paper topic-persona heatmap,"within-profile topic proportion, renormalized over displayed topics",Scenic calm & hope,M/High/Prog/Anal,0.0096618357487922701
gemma-4-E4B-it_t01,Gemma4,topic_persona_proportion,Main-paper topic-persona heatmap,"within-profile topic proportion, renormalized over displayed topics",Stark & neutral architecture,M/High/Prog/Anal,0.17874396135265699
gemma-4-E4B-it_t01,Gemma4,topic_persona_proportion,Main-paper topic-persona heatmap,"within-profile topic proportion, renormalized over displayed topics",Wreckage & fragility,M/High/Prog/Anal,0.0096618357487922701
gemma-4-E4B-it_t01,Gemma4,topic_persona_proportion,Main-paper topic-persona heatmap,"within-profile topic proportion, renormalized over displayed topics",Neglect & disrepair,M/High/Prog/Anal,0
gemma-4-E4B-it_t01,Gemma4,topic_persona_proportion,Main-paper topic-persona heatmap,"within-profile topic proportion, renormalized over displayed topics",Natural landscape & beauty,M/High/Prog/Anal,0.004830917874396135
gemma-4-E4B-it_t01,Gemma4,topic_persona_proportion,Main-paper topic-persona heatmap,"within-profile topic proportion, renormalized over displayed topics",Typical urban scene,M/High/Prog/Anal,0.19323671497584541
gemma-4-E4B-it_t01,Gemma4,topic_persona_proportion,Main-paper topic-persona heatmap,"within-profile topic proportion, renormalized over displayed topics",Accident & systemic failure,M/High/Prog/Empa,0.095238095238095233
gemma-4-E4B-it_t01,Gemma4,topic_persona_proportion,Main-paper topic-persona heatmap,"within-profile topic proportion, renormalized over displayed topics",Accident & police response,M/High/Prog/Empa,0.11255411255411256
gemma-4-E4B-it_t01,Gemma4,topic_persona_proportion,Main-paper topic-persona heatmap,"within-profile topic proportion, renormalized over displayed topics",Home & peaceful scene,M/High/Prog/Empa,0.21645021645021645
gemma-4-E4B-it_t01,Gemma4,topic_persona_proportion,Main-paper topic-persona heatmap,"within-profile topic proportion, renormalized over displayed topics",Decay & abandonment,M/High/Prog/Empa,0.16017316017316016
gemma-4-E4B-it_t01,Gemma4,topic_persona_proportion,Main-paper topic-persona heatmap,"within-profile topic proportion, renormalized over displayed topics",Scenic calm & hope,M/High/Prog/Empa,0.073593073593073599
gemma-4-E4B-it_t01,Gemma4,topic_persona_proportion,Main-paper topic-persona heatmap,"within-profile topic proportion, renormalized over displayed topics",Stark & neutral architecture,M/High/Prog/Empa,0.034632034632034632
gemma-4-E4B-it_t01,Gemma4,topic_persona_proportion,Main-paper topic-persona heatmap,"within-profile topic proportion, renormalized over displayed topics",Wreckage & fragility,M/High/Prog/Empa,0
gemma-4-E4B-it_t01,Gemma4,topic_persona_proportion,Main-paper topic-persona heatmap,"within-profile topic proportion, renormalized over displayed topics",Neglect & disrepair,M/High/Prog/Empa,0
gemma-4-E4B-it_t01,Gemma4,topic_persona_proportion,Main-paper topic-persona heatmap,"within-profile topic proportion, renormalized over displayed topics",Natural landscape & beauty,M/High/Prog/Empa,0.21645021645021645
gemma-4-E4B-it_t01,Gemma4,topic_persona_proportion,Main-paper topic-persona heatmap,"within-profile topic proportion, renormalized over displayed topics",Typical urban scene,M/High/Prog/Empa,0.090909090909090912
gemma-4-E4B-it_t01,Gemma4,topic_persona_proportion,Main-paper topic-persona heatmap,"within-profile topic proportion, renormalized over displayed topics",Accident & systemic failure,M/High/Prog/Prag,0.03614457831325301
gemma-4-E4B-it_t01,Gemma4,topic_persona_proportion,Main-paper topic-persona heatmap,"within-profile topic proportion, renormalized over displayed topics",Accident & police response,M/High/Prog/Prag,0.14457831325301204
gemma-4-E4B-it_t01,Gemma4,topic_persona_proportion,Main-paper topic-persona heatmap,"within-profile topic proportion, renormalized over displayed topics",Home & peaceful scene,M/High/Prog/Prag,0.15060240963855423
gemma-4-E4B-it_t01,Gemma4,topic_persona_proportion,Main-paper topic-persona heatmap,"within-profile topic proportion, renormalized over displayed topics",Decay & abandonment,M/High/Prog/Prag,0.24698795180722891
gemma-4-E4B-it_t01,Gemma4,topic_persona_proportion,Main-paper topic-persona heatmap,"within-profile topic proportion, renormalized over displayed topics",Scenic calm & hope,M/High/Prog/Prag,0.1144578313253012
gemma-4-E4B-it_t01,Gemma4,topic_persona_proportion,Main-paper topic-persona heatmap,"within-profile topic proportion, renormalized over displayed topics",Stark & neutral architecture,M/High/Prog/Prag,0.15060240963855423
gemma-4-E4B-it_t01,Gemma4,topic_persona_proportion,Main-paper topic-persona heatmap,"within-profile topic proportion, renormalized over displayed topics",Wreckage & fragility,M/High/Prog/Prag,0
gemma-4-E4B-it_t01,Gemma4,topic_persona_proportion,Main-paper topic-persona heatmap,"within-profile topic proportion, renormalized over displayed topics",Neglect & disrepair,M/High/Prog/Prag,0
gemma-4-E4B-it_t01,Gemma4,topic_persona_proportion,Main-paper topic-persona heatmap,"within-profile topic proportion, renormalized over displayed topics",Natural landscape & beauty,M/High/Prog/Prag,0.09036144578313253
gemma-4-E4B-it_t01,Gemma4,topic_persona_proportion,Main-paper topic-persona heatmap,"within-profile topic proportion, renormalized over displayed topics",Typical urban scene,M/High/Prog/Prag,0.066265060240963861
gemma-4-E4B-it_t01,Gemma4,topic_persona_proportion,Main-paper topic-persona heatmap,"within-profile topic proportion, renormalized over displayed topics",Accident & systemic failure,M/Low /Cons/Anal,0.27419354838709675
gemma-4-E4B-it_t01,Gemma4,topic_persona_proportion,Main-paper topic-persona heatmap,"within-profile topic proportion, renormalized over displayed topics",Accident & police response,M/Low /Cons/Anal,0.46774193548387094
gemma-4-E4B-it_t01,Gemma4,topic_persona_proportion,Main-paper topic-persona heatmap,"within-profile topic proportion, renormalized over displayed topics",Home & peaceful scene,M/Low /Cons/Anal,0
gemma-4-E4B-it_t01,Gemma4,topic_persona_proportion,Main-paper topic-persona heatmap,"within-profile topic proportion, renormalized over displayed topics",Decay & abandonment,M/Low /Cons/Anal,0
gemma-4-E4B-it_t01,Gemma4,topic_persona_proportion,Main-paper topic-persona heatmap,"within-profile topic proportion, renormalized over displayed topics",Scenic calm & hope,M/Low /Cons/Anal,0.24193548387096775
gemma-4-E4B-it_t01,Gemma4,topic_persona_proportion,Main-paper topic-persona heatmap,"within-profile topic proportion, renormalized over displayed topics",Stark & neutral architecture,M/Low /Cons/Anal,0
gemma-4-E4B-it_t01,Gemma4,topic_persona_proportion,Main-paper topic-persona heatmap,"within-profile topic proportion, renormalized over displayed topics",Wreckage & fragility,M/Low /Cons/Anal,0.016129032258064516
gemma-4-E4B-it_t01,Gemma4,topic_persona_proportion,Main-paper topic-persona heatmap,"within-profile topic proportion, renormalized over displayed topics",Neglect & disrepair,M/Low /Cons/Anal,0
gemma-4-E4B-it_t01,Gemma4,topic_persona_proportion,Main-paper topic-persona heatmap,"within-profile topic proportion, renormalized over displayed topics",Natural landscape & beauty,M/Low /Cons/Anal,0
gemma-4-E4B-it_t01,Gemma4,topic_persona_proportion,Main-paper topic-persona heatmap,"within-profile topic proportion, renormalized over displayed topics",Typical urban scene,M/Low /Cons/Anal,0
gemma-4-E4B-it_t01,Gemma4,topic_persona_proportion,Main-paper topic-persona heatmap,"within-profile topic proportion, renormalized over displayed topics",Accident & systemic failure,M/Low /Cons/Empa,0.039325842696629212
gemma-4-E4B-it_t01,Gemma4,topic_persona_proportion,Main-paper topic-persona heatmap,"within-profile topic proportion, renormalized over displayed topics",Accident & police response,M/Low /Cons/Empa,0.0056179775280898875
gemma-4-E4B-it_t01,Gemma4,topic_persona_proportion,Main-paper topic-persona heatmap,"within-profile topic proportion, renormalized over displayed topics",Home & peaceful scene,M/Low /Cons/Empa,0
gemma-4-E4B-it_t01,Gemma4,topic_persona_proportion,Main-paper topic-persona heatmap,"within-profile topic proportion, renormalized over displayed topics",Decay & abandonment,M/Low /Cons/Empa,0
gemma-4-E4B-it_t01,Gemma4,topic_persona_proportion,Main-paper topic-persona heatmap,"within-profile topic proportion, renormalized over displayed topics",Scenic calm & hope,M/Low /Cons/Empa,0.056179775280898875
gemma-4-E4B-it_t01,Gemma4,topic_persona_proportion,Main-paper topic-persona heatmap,"within-profile topic proportion, renormalized over displayed topics",Stark & neutral architecture,M/Low /Cons/Empa,0
gemma-4-E4B-it_t01,Gemma4,topic_persona_proportion,Main-paper topic-persona heatmap,"within-profile topic proportion, renormalized over displayed topics",Wreckage & fragility,M/Low /Cons/Empa,0.19101123595505617
gemma-4-E4B-it_t01,Gemma4,topic_persona_proportion,Main-paper topic-persona heatmap,"within-profile topic proportion, renormalized over displayed topics",Neglect & disrepair,M/Low /Cons/Empa,0.6292134831460674
gemma-4-E4B-it_t01,Gemma4,topic_persona_proportion,Main-paper topic-persona heatmap,"within-profile topic proportion, renormalized over displayed topics",Natural landscape & beauty,M/Low /Cons/Empa,0.078651685393258425
gemma-4-E4B-it_t01,Gemma4,topic_persona_proportion,Main-paper topic-persona heatmap,"within-profile topic proportion, renormalized over displayed topics",Typical urban scene,M/Low /Cons/Empa,0
gemma-4-E4B-it_t01,Gemma4,topic_persona_proportion,Main-paper topic-persona heatmap,"within-profile topic proportion, renormalized over displayed topics",Accident & systemic failure,M/Low /Cons/Prag,0.10309278350515463
gemma-4-E4B-it_t01,Gemma4,topic_persona_proportion,Main-paper topic-persona heatmap,"within-profile topic proportion, renormalized over displayed topics",Accident & police response,M/Low /Cons/Prag,0.22680412371134021
gemma-4-E4B-it_t01,Gemma4,topic_persona_proportion,Main-paper topic-persona heatmap,"within-profile topic proportion, renormalized over displayed topics",Home & peaceful scene,M/Low /Cons/Prag,0
gemma-4-E4B-it_t01,Gemma4,topic_persona_proportion,Main-paper topic-persona heatmap,"within-profile topic proportion, renormalized over displayed topics",Decay & abandonment,M/Low /Cons/Prag,0
gemma-4-E4B-it_t01,Gemma4,topic_persona_proportion,Main-paper topic-persona heatmap,"within-profile topic proportion, renormalized over displayed topics",Scenic calm & hope,M/Low /Cons/Prag,0.010309278350515464
gemma-4-E4B-it_t01,Gemma4,topic_persona_proportion,Main-paper topic-persona heatmap,"within-profile topic proportion, renormalized over displayed topics",Stark & neutral architecture,M/Low /Cons/Prag,0
gemma-4-E4B-it_t01,Gemma4,topic_persona_proportion,Main-paper topic-persona heatmap,"within-profile topic proportion, renormalized over displayed topics",Wreckage & fragility,M/Low /Cons/Prag,0.051546391752577317
gemma-4-E4B-it_t01,Gemma4,topic_persona_proportion,Main-paper topic-persona heatmap,"within-profile topic proportion, renormalized over displayed topics",Neglect & disrepair,M/Low /Cons/Prag,0.60824742268041232
gemma-4-E4B-it_t01,Gemma4,topic_persona_proportion,Main-paper topic-persona heatmap,"within-profile topic proportion, renormalized over displayed topics",Natural landscape & beauty,M/Low /Cons/Prag,0
gemma-4-E4B-it_t01,Gemma4,topic_persona_proportion,Main-paper topic-persona heatmap,"within-profile topic proportion, renormalized over displayed topics",Typical urban scene,M/Low /Cons/Prag,0
gemma-4-E4B-it_t01,Gemma4,topic_persona_proportion,Main-paper topic-persona heatmap,"within-profile topic proportion, renormalized over displayed topics",Accident & systemic failure,M/Low /Prog/Anal,0.34146341463414637
gemma-4-E4B-it_t01,Gemma4,topic_persona_proportion,Main-paper topic-persona heatmap,"within-profile topic proportion, renormalized over displayed topics",Accident & police response,M/Low /Prog/Anal,0.33333333333333331
gemma-4-E4B-it_t01,Gemma4,topic_persona_proportion,Main-paper topic-persona heatmap,"within-profile topic proportion, renormalized over displayed topics",Home & peaceful scene,M/Low /Prog/Anal,0
gemma-4-E4B-it_t01,Gemma4,topic_persona_proportion,Main-paper topic-persona heatmap,"within-profile topic proportion, renormalized over displayed topics",Decay & abandonment,M/Low /Prog/Anal,0
gemma-4-E4B-it_t01,Gemma4,topic_persona_proportion,Main-paper topic-persona heatmap,"within-profile topic proportion, renormalized over displayed topics",Scenic calm & hope,M/Low /Prog/Anal,0.11382113821138211
gemma-4-E4B-it_t01,Gemma4,topic_persona_proportion,Main-paper topic-persona heatmap,"within-profile topic proportion, renormalized over displayed topics",Stark & neutral architecture,M/Low /Prog/Anal,0.024390243902439025
gemma-4-E4B-it_t01,Gemma4,topic_persona_proportion,Main-paper topic-persona heatmap,"within-profile topic proportion, renormalized over displayed topics",Wreckage & fragility,M/Low /Prog/Anal,0
gemma-4-E4B-it_t01,Gemma4,topic_persona_proportion,Main-paper topic-persona heatmap,"within-profile topic proportion, renormalized over displayed topics",Neglect & disrepair,M/Low /Prog/Anal,0.04878048780487805
gemma-4-E4B-it_t01,Gemma4,topic_persona_proportion,Main-paper topic-persona heatmap,"within-profile topic proportion, renormalized over displayed topics",Natural landscape & beauty,M/Low /Prog/Anal,0.11382113821138211
gemma-4-E4B-it_t01,Gemma4,topic_persona_proportion,Main-paper topic-persona heatmap,"within-profile topic proportion, renormalized over displayed topics",Typical urban scene,M/Low /Prog/Anal,0.024390243902439025
gemma-4-E4B-it_t01,Gemma4,topic_persona_proportion,Main-paper topic-persona heatmap,"within-profile topic proportion, renormalized over displayed topics",Accident & systemic failure,M/Low /Prog/Empa,0.028985507246376812
gemma-4-E4B-it_t01,Gemma4,topic_persona_proportion,Main-paper topic-persona heatmap,"within-profile topic proportion, renormalized over displayed topics",Accident & police response,M/Low /Prog/Empa,0.086956521739130432
gemma-4-E4B-it_t01,Gemma4,topic_persona_proportion,Main-paper topic-persona heatmap,"within-profile topic proportion, renormalized over displayed topics",Home & peaceful scene,M/Low /Prog/Empa,0
gemma-4-E4B-it_t01,Gemma4,topic_persona_proportion,Main-paper topic-persona heatmap,"within-profile topic proportion, renormalized over displayed topics",Decay & abandonment,M/Low /Prog/Empa,0
gemma-4-E4B-it_t01,Gemma4,topic_persona_proportion,Main-paper topic-persona heatmap,"within-profile topic proportion, renormalized over displayed topics",Scenic calm & hope,M/Low /Prog/Empa,0.2318840579710145
gemma-4-E4B-it_t01,Gemma4,topic_persona_proportion,Main-paper topic-persona heatmap,"within-profile topic proportion, renormalized over displayed topics",Stark & neutral architecture,M/Low /Prog/Empa,0
gemma-4-E4B-it_t01,Gemma4,topic_persona_proportion,Main-paper topic-persona heatmap,"within-profile topic proportion, renormalized over displayed topics",Wreckage & fragility,M/Low /Prog/Empa,0.36231884057971014
gemma-4-E4B-it_t01,Gemma4,topic_persona_proportion,Main-paper topic-persona heatmap,"within-profile topic proportion, renormalized over displayed topics",Neglect & disrepair,M/Low /Prog/Empa,0.036231884057971016
gemma-4-E4B-it_t01,Gemma4,topic_persona_proportion,Main-paper topic-persona heatmap,"within-profile topic proportion, renormalized over displayed topics",Natural landscape & beauty,M/Low /Prog/Empa,0.24637681159420291
gemma-4-E4B-it_t01,Gemma4,topic_persona_proportion,Main-paper topic-persona heatmap,"within-profile topic proportion, renormalized over displayed topics",Typical urban scene,M/Low /Prog/Empa,0.007246376811594203
gemma-4-E4B-it_t01,Gemma4,topic_persona_proportion,Main-paper topic-persona heatmap,"within-profile topic proportion, renormalized over displayed topics",Accident & systemic failure,M/Low /Prog/Prag,0.62105263157894741
gemma-4-E4B-it_t01,Gemma4,topic_persona_proportion,Main-paper topic-persona heatmap,"within-profile topic proportion, renormalized over displayed topics",Accident & police response,M/Low /Prog/Prag,0.052631578947368418
gemma-4-E4B-it_t01,Gemma4,topic_persona_proportion,Main-paper topic-persona heatmap,"within-profile topic proportion, renormalized over displayed topics",Home & peaceful scene,M/Low /Prog/Prag,0.094736842105263161
gemma-4-E4B-it_t01,Gemma4,topic_persona_proportion,Main-paper topic-persona heatmap,"within-profile topic proportion, renormalized over displayed topics",Decay & abandonment,M/Low /Prog/Prag,0
gemma-4-E4B-it_t01,Gemma4,topic_persona_proportion,Main-paper topic-persona heatmap,"within-profile topic proportion, renormalized over displayed topics",Scenic calm & hope,M/Low /Prog/Prag,0
gemma-4-E4B-it_t01,Gemma4,topic_persona_proportion,Main-paper topic-persona heatmap,"within-profile topic proportion, renormalized over displayed topics",Stark & neutral architecture,M/Low /Prog/Prag,0
gemma-4-E4B-it_t01,Gemma4,topic_persona_proportion,Main-paper topic-persona heatmap,"within-profile topic proportion, renormalized over displayed topics",Wreckage & fragility,M/Low /Prog/Prag,0.031578947368421054
gemma-4-E4B-it_t01,Gemma4,topic_persona_proportion,Main-paper topic-persona heatmap,"within-profile topic proportion, renormalized over displayed topics",Neglect & disrepair,M/Low /Prog/Prag,0.16842105263157894
gemma-4-E4B-it_t01,Gemma4,topic_persona_proportion,Main-paper topic-persona heatmap,"within-profile topic proportion, renormalized over displayed topics",Natural landscape & beauty,M/Low /Prog/Prag,0
gemma-4-E4B-it_t01,Gemma4,topic_persona_proportion,Main-paper topic-persona heatmap,"within-profile topic proportion, renormalized over displayed topics",Typical urban scene,M/Low /Prog/Prag,0.031578947368421054
gemma-4-E4B-it_t01,Gemma4,caption_similarity,Appendix Figure A1,mean image-conditioned cosine similarity,F/High/Cons/Anal,F/High/Cons/Anal,0.93692570447921752
gemma-4-E4B-it_t01,Gemma4,caption_similarity,Appendix Figure A1,mean image-conditioned cosine similarity,F/High/Cons/Empa,F/High/Cons/Anal,0.90979194641113281
gemma-4-E4B-it_t01,Gemma4,caption_similarity,Appendix Figure A1,mean image-conditioned cosine similarity,F/High/Cons/Prag,F/High/Cons/Anal,0.92058640718460083
gemma-4-E4B-it_t01,Gemma4,caption_similarity,Appendix Figure A1,mean image-conditioned cosine similarity,F/High/Prog/Anal,F/High/Cons/Anal,0.91222429275512695
gemma-4-E4B-it_t01,Gemma4,caption_similarity,Appendix Figure A1,mean image-conditioned cosine similarity,F/High/Prog/Empa,F/High/Cons/Anal,0.90360021591186523
gemma-4-E4B-it_t01,Gemma4,caption_similarity,Appendix Figure A1,mean image-conditioned cosine similarity,F/High/Prog/Prag,F/High/Cons/Anal,0.91441917419433594
gemma-4-E4B-it_t01,Gemma4,caption_similarity,Appendix Figure A1,mean image-conditioned cosine similarity,F/Low /Cons/Anal,F/High/Cons/Anal,0.89431625604629517
gemma-4-E4B-it_t01,Gemma4,caption_similarity,Appendix Figure A1,mean image-conditioned cosine similarity,F/Low /Cons/Empa,F/High/Cons/Anal,0.89030694961547852
gemma-4-E4B-it_t01,Gemma4,caption_similarity,Appendix Figure A1,mean image-conditioned cosine similarity,F/Low /Cons/Prag,F/High/Cons/Anal,0.88695889711380005
gemma-4-E4B-it_t01,Gemma4,caption_similarity,Appendix Figure A1,mean image-conditioned cosine similarity,F/Low /Prog/Anal,F/High/Cons/Anal,0.89889734983444214
gemma-4-E4B-it_t01,Gemma4,caption_similarity,Appendix Figure A1,mean image-conditioned cosine similarity,F/Low /Prog/Empa,F/High/Cons/Anal,0.88893836736679077
gemma-4-E4B-it_t01,Gemma4,caption_similarity,Appendix Figure A1,mean image-conditioned cosine similarity,F/Low /Prog/Prag,F/High/Cons/Anal,0.89233481884002686
gemma-4-E4B-it_t01,Gemma4,caption_similarity,Appendix Figure A1,mean image-conditioned cosine similarity,M/High/Cons/Anal,F/High/Cons/Anal,0.91452866792678833
gemma-4-E4B-it_t01,Gemma4,caption_similarity,Appendix Figure A1,mean image-conditioned cosine similarity,M/High/Cons/Empa,F/High/Cons/Anal,0.91172254085540771
gemma-4-E4B-it_t01,Gemma4,caption_similarity,Appendix Figure A1,mean image-conditioned cosine similarity,M/High/Cons/Prag,F/High/Cons/Anal,0.91883093118667603
gemma-4-E4B-it_t01,Gemma4,caption_similarity,Appendix Figure A1,mean image-conditioned cosine similarity,M/High/Prog/Anal,F/High/Cons/Anal,0.90943032503128052
gemma-4-E4B-it_t01,Gemma4,caption_similarity,Appendix Figure A1,mean image-conditioned cosine similarity,M/High/Prog/Empa,F/High/Cons/Anal,0.90662956237792969
gemma-4-E4B-it_t01,Gemma4,caption_similarity,Appendix Figure A1,mean image-conditioned cosine similarity,M/High/Prog/Prag,F/High/Cons/Anal,0.91461598873138428
gemma-4-E4B-it_t01,Gemma4,caption_similarity,Appendix Figure A1,mean image-conditioned cosine similarity,M/Low /Cons/Anal,F/High/Cons/Anal,0.88693702220916748
gemma-4-E4B-it_t01,Gemma4,caption_similarity,Appendix Figure A1,mean image-conditioned cosine similarity,M/Low /Cons/Empa,F/High/Cons/Anal,0.89212334156036377
gemma-4-E4B-it_t01,Gemma4,caption_similarity,Appendix Figure A1,mean image-conditioned cosine similarity,M/Low /Cons/Prag,F/High/Cons/Anal,0.88529008626937866
gemma-4-E4B-it_t01,Gemma4,caption_similarity,Appendix Figure A1,mean image-conditioned cosine similarity,M/Low /Prog/Anal,F/High/Cons/Anal,0.9001733660697937
gemma-4-E4B-it_t01,Gemma4,caption_similarity,Appendix Figure A1,mean image-conditioned cosine similarity,M/Low /Prog/Empa,F/High/Cons/Anal,0.89581906795501709
gemma-4-E4B-it_t01,Gemma4,caption_similarity,Appendix Figure A1,mean image-conditioned cosine similarity,M/Low /Prog/Prag,F/High/Cons/Anal,0.89191240072250366
gemma-4-E4B-it_t01,Gemma4,caption_similarity,Appendix Figure A1,mean image-conditioned cosine similarity,F/High/Cons/Anal,F/High/Cons/Empa,0.90979194641113281
gemma-4-E4B-it_t01,Gemma4,caption_similarity,Appendix Figure A1,mean image-conditioned cosine similarity,F/High/Cons/Empa,F/High/Cons/Empa,0.93633631467819212
gemma-4-E4B-it_t01,Gemma4,caption_similarity,Appendix Figure A1,mean image-conditioned cosine similarity,F/High/Cons/Prag,F/High/Cons/Empa,0.91098219156265259
gemma-4-E4B-it_t01,Gemma4,caption_similarity,Appendix Figure A1,mean image-conditioned cosine similarity,F/High/Prog/Anal,F/High/Cons/Empa,0.90777748823165894
gemma-4-E4B-it_t01,Gemma4,caption_similarity,Appendix Figure A1,mean image-conditioned cosine similarity,F/High/Prog/Empa,F/High/Cons/Empa,0.91814643144607544
gemma-4-E4B-it_t01,Gemma4,caption_similarity,Appendix Figure A1,mean image-conditioned cosine similarity,F/High/Prog/Prag,F/High/Cons/Empa,0.91366845369338989
gemma-4-E4B-it_t01,Gemma4,caption_similarity,Appendix Figure A1,mean image-conditioned cosine similarity,F/Low /Cons/Anal,F/High/Cons/Empa,0.90335434675216675
gemma-4-E4B-it_t01,Gemma4,caption_similarity,Appendix Figure A1,mean image-conditioned cosine similarity,F/Low /Cons/Empa,F/High/Cons/Empa,0.90463882684707642
gemma-4-E4B-it_t01,Gemma4,caption_similarity,Appendix Figure A1,mean image-conditioned cosine similarity,F/Low /Cons/Prag,F/High/Cons/Empa,0.89917188882827759
gemma-4-E4B-it_t01,Gemma4,caption_similarity,Appendix Figure A1,mean image-conditioned cosine similarity,F/Low /Prog/Anal,F/High/Cons/Empa,0.896401047706604
gemma-4-E4B-it_t01,Gemma4,caption_similarity,Appendix Figure A1,mean image-conditioned cosine similarity,F/Low /Prog/Empa,F/High/Cons/Empa,0.90345686674118042
gemma-4-E4B-it_t01,Gemma4,caption_similarity,Appendix Figure A1,mean image-conditioned cosine similarity,F/Low /Prog/Prag,F/High/Cons/Empa,0.90083986520767212
gemma-4-E4B-it_t01,Gemma4,caption_similarity,Appendix Figure A1,mean image-conditioned cosine similarity,M/High/Cons/Anal,F/High/Cons/Empa,0.89538031816482544
gemma-4-E4B-it_t01,Gemma4,caption_similarity,Appendix Figure A1,mean image-conditioned cosine similarity,M/High/Cons/Empa,F/High/Cons/Empa,0.92268490791320801
gemma-4-E4B-it_t01,Gemma4,caption_similarity,Appendix Figure A1,mean image-conditioned cosine similarity,M/High/Cons/Prag,F/High/Cons/Empa,0.90630531311035156
gemma-4-E4B-it_t01,Gemma4,caption_similarity,Appendix Figure A1,mean image-conditioned cosine similarity,M/High/Prog/Anal,F/High/Cons/Empa,0.90209662914276123
gemma-4-E4B-it_t01,Gemma4,caption_similarity,Appendix Figure A1,mean image-conditioned cosine similarity,M/High/Prog/Empa,F/High/Cons/Empa,0.91731417179107666
gemma-4-E4B-it_t01,Gemma4,caption_similarity,Appendix Figure A1,mean image-conditioned cosine similarity,M/High/Prog/Prag,F/High/Cons/Empa,0.90879517793655396
gemma-4-E4B-it_t01,Gemma4,caption_similarity,Appendix Figure A1,mean image-conditioned cosine similarity,M/Low /Cons/Anal,F/High/Cons/Empa,0.89277708530426025
gemma-4-E4B-it_t01,Gemma4,caption_similarity,Appendix Figure A1,mean image-conditioned cosine similarity,M/Low /Cons/Empa,F/High/Cons/Empa,0.90509229898452759
gemma-4-E4B-it_t01,Gemma4,caption_similarity,Appendix Figure A1,mean image-conditioned cosine similarity,M/Low /Cons/Prag,F/High/Cons/Empa,0.89641499519348145
gemma-4-E4B-it_t01,Gemma4,caption_similarity,Appendix Figure A1,mean image-conditioned cosine similarity,M/Low /Prog/Anal,F/High/Cons/Empa,0.90031838417053223
gemma-4-E4B-it_t01,Gemma4,caption_similarity,Appendix Figure A1,mean image-conditioned cosine similarity,M/Low /Prog/Empa,F/High/Cons/Empa,0.90575957298278809
gemma-4-E4B-it_t01,Gemma4,caption_similarity,Appendix Figure A1,mean image-conditioned cosine similarity,M/Low /Prog/Prag,F/High/Cons/Empa,0.90219032764434814
gemma-4-E4B-it_t01,Gemma4,caption_similarity,Appendix Figure A1,mean image-conditioned cosine similarity,F/High/Cons/Anal,F/High/Cons/Prag,0.92058640718460083
gemma-4-E4B-it_t01,Gemma4,caption_similarity,Appendix Figure A1,mean image-conditioned cosine similarity,F/High/Cons/Empa,F/High/Cons/Prag,0.91098219156265259
gemma-4-E4B-it_t01,Gemma4,caption_similarity,Appendix Figure A1,mean image-conditioned cosine similarity,F/High/Cons/Prag,F/High/Cons/Prag,0.93431367278099064
gemma-4-E4B-it_t01,Gemma4,caption_similarity,Appendix Figure A1,mean image-conditioned cosine similarity,F/High/Prog/Anal,F/High/Cons/Prag,0.89860755205154419
gemma-4-E4B-it_t01,Gemma4,caption_similarity,Appendix Figure A1,mean image-conditioned cosine similarity,F/High/Prog/Empa,F/High/Cons/Prag,0.89818060398101807
gemma-4-E4B-it_t01,Gemma4,caption_similarity,Appendix Figure A1,mean image-conditioned cosine similarity,F/High/Prog/Prag,F/High/Cons/Prag,0.90834826231002808
gemma-4-E4B-it_t01,Gemma4,caption_similarity,Appendix Figure A1,mean image-conditioned cosine similarity,F/Low /Cons/Anal,F/High/Cons/Prag,0.90606069564819336
gemma-4-E4B-it_t01,Gemma4,caption_similarity,Appendix Figure A1,mean image-conditioned cosine similarity,F/Low /Cons/Empa,F/High/Cons/Prag,0.90513533353805542
gemma-4-E4B-it_t01,Gemma4,caption_similarity,Appendix Figure A1,mean image-conditioned cosine similarity,F/Low /Cons/Prag,F/High/Cons/Prag,0.90279752016067505
gemma-4-E4B-it_t01,Gemma4,caption_similarity,Appendix Figure A1,mean image-conditioned cosine similarity,F/Low /Prog/Anal,F/High/Cons/Prag,0.90262627601623535
gemma-4-E4B-it_t01,Gemma4,caption_similarity,Appendix Figure A1,mean image-conditioned cosine similarity,F/Low /Prog/Empa,F/High/Cons/Prag,0.8985937237739563
gemma-4-E4B-it_t01,Gemma4,caption_similarity,Appendix Figure A1,mean image-conditioned cosine similarity,F/Low /Prog/Prag,F/High/Cons/Prag,0.90615600347518921
gemma-4-E4B-it_t01,Gemma4,caption_similarity,Appendix Figure A1,mean image-conditioned cosine similarity,M/High/Cons/Anal,F/High/Cons/Prag,0.9054068922996521
gemma-4-E4B-it_t01,Gemma4,caption_similarity,Appendix Figure A1,mean image-conditioned cosine similarity,M/High/Cons/Empa,F/High/Cons/Prag,0.91247451305389404
gemma-4-E4B-it_t01,Gemma4,caption_similarity,Appendix Figure A1,mean image-conditioned cosine similarity,M/High/Cons/Prag,F/High/Cons/Prag,0.92491477727890015
gemma-4-E4B-it_t01,Gemma4,caption_similarity,Appendix Figure A1,mean image-conditioned cosine similarity,M/High/Prog/Anal,F/High/Cons/Prag,0.89377593994140625
gemma-4-E4B-it_t01,Gemma4,caption_similarity,Appendix Figure A1,mean image-conditioned cosine similarity,M/High/Prog/Empa,F/High/Cons/Prag,0.89977216720581055
gemma-4-E4B-it_t01,Gemma4,caption_similarity,Appendix Figure A1,mean image-conditioned cosine similarity,M/High/Prog/Prag,F/High/Cons/Prag,0.90831178426742554
gemma-4-E4B-it_t01,Gemma4,caption_similarity,Appendix Figure A1,mean image-conditioned cosine similarity,M/Low /Cons/Anal,F/High/Cons/Prag,0.89901453256607056
gemma-4-E4B-it_t01,Gemma4,caption_similarity,Appendix Figure A1,mean image-conditioned cosine similarity,M/Low /Cons/Empa,F/High/Cons/Prag,0.90782678127288818
gemma-4-E4B-it_t01,Gemma4,caption_similarity,Appendix Figure A1,mean image-conditioned cosine similarity,M/Low /Cons/Prag,F/High/Cons/Prag,0.90097010135650635
gemma-4-E4B-it_t01,Gemma4,caption_similarity,Appendix Figure A1,mean image-conditioned cosine similarity,M/Low /Prog/Anal,F/High/Cons/Prag,0.90704011917114258
gemma-4-E4B-it_t01,Gemma4,caption_similarity,Appendix Figure A1,mean image-conditioned cosine similarity,M/Low /Prog/Empa,F/High/Cons/Prag,0.90465521812438965
gemma-4-E4B-it_t01,Gemma4,caption_similarity,Appendix Figure A1,mean image-conditioned cosine similarity,M/Low /Prog/Prag,F/High/Cons/Prag,0.90782248973846436
gemma-4-E4B-it_t01,Gemma4,caption_similarity,Appendix Figure A1,mean image-conditioned cosine similarity,F/High/Cons/Anal,F/High/Prog/Anal,0.91222429275512695
gemma-4-E4B-it_t01,Gemma4,caption_similarity,Appendix Figure A1,mean image-conditioned cosine similarity,F/High/Cons/Empa,F/High/Prog/Anal,0.90777748823165894
gemma-4-E4B-it_t01,Gemma4,caption_similarity,Appendix Figure A1,mean image-conditioned cosine similarity,F/High/Cons/Prag,F/High/Prog/Anal,0.89860755205154419
gemma-4-E4B-it_t01,Gemma4,caption_similarity,Appendix Figure A1,mean image-conditioned cosine similarity,F/High/Prog/Anal,F/High/Prog/Anal,0.93276866912841794
gemma-4-E4B-it_t01,Gemma4,caption_similarity,Appendix Figure A1,mean image-conditioned cosine similarity,F/High/Prog/Empa,F/High/Prog/Anal,0.91207021474838257
gemma-4-E4B-it_t01,Gemma4,caption_similarity,Appendix Figure A1,mean image-conditioned cosine similarity,F/High/Prog/Prag,F/High/Prog/Anal,0.91821706295013428
gemma-4-E4B-it_t01,Gemma4,caption_similarity,Appendix Figure A1,mean image-conditioned cosine similarity,F/Low /Cons/Anal,F/High/Prog/Anal,0.88317972421646118
gemma-4-E4B-it_t01,Gemma4,caption_similarity,Appendix Figure A1,mean image-conditioned cosine similarity,F/Low /Cons/Empa,F/High/Prog/Anal,0.88059121370315552
gemma-4-E4B-it_t01,Gemma4,caption_similarity,Appendix Figure A1,mean image-conditioned cosine similarity,F/Low /Cons/Prag,F/High/Prog/Anal,0.87642079591751099
gemma-4-E4B-it_t01,Gemma4,caption_similarity,Appendix Figure A1,mean image-conditioned cosine similarity,F/Low /Prog/Anal,F/High/Prog/Anal,0.89829373359680176
gemma-4-E4B-it_t01,Gemma4,caption_similarity,Appendix Figure A1,mean image-conditioned cosine similarity,F/Low /Prog/Empa,F/High/Prog/Anal,0.89015364646911621
gemma-4-E4B-it_t01,Gemma4,caption_similarity,Appendix Figure A1,mean image-conditioned cosine similarity,F/Low /Prog/Prag,F/High/Prog/Anal,0.88606035709381104
gemma-4-E4B-it_t01,Gemma4,caption_similarity,Appendix Figure A1,mean image-conditioned cosine similarity,M/High/Cons/Anal,F/High/Prog/Anal,0.90400147438049316
gemma-4-E4B-it_t01,Gemma4,caption_similarity,Appendix Figure A1,mean image-conditioned cosine similarity,M/High/Cons/Empa,F/High/Prog/Anal,0.91005510091781616
gemma-4-E4B-it_t01,Gemma4,caption_similarity,Appendix Figure A1,mean image-conditioned cosine similarity,M/High/Cons/Prag,F/High/Prog/Anal,0.89925539493560791
gemma-4-E4B-it_t01,Gemma4,caption_similarity,Appendix Figure A1,mean image-conditioned cosine similarity,M/High/Prog/Anal,F/High/Prog/Anal,0.92464965581893921
gemma-4-E4B-it_t01,Gemma4,caption_similarity,Appendix Figure A1,mean image-conditioned cosine similarity,M/High/Prog/Empa,F/High/Prog/Anal,0.91489768028259277
gemma-4-E4B-it_t01,Gemma4,caption_similarity,Appendix Figure A1,mean image-conditioned cosine similarity,M/High/Prog/Prag,F/High/Prog/Anal,0.91713243722915649
gemma-4-E4B-it_t01,Gemma4,caption_similarity,Appendix Figure A1,mean image-conditioned cosine similarity,M/Low /Cons/Anal,F/High/Prog/Anal,0.87978857755661011
gemma-4-E4B-it_t01,Gemma4,caption_similarity,Appendix Figure A1,mean image-conditioned cosine similarity,M/Low /Cons/Empa,F/High/Prog/Anal,0.88362264633178711
gemma-4-E4B-it_t01,Gemma4,caption_similarity,Appendix Figure A1,mean image-conditioned cosine similarity,M/Low /Cons/Prag,F/High/Prog/Anal,0.87680786848068237
gemma-4-E4B-it_t01,Gemma4,caption_similarity,Appendix Figure A1,mean image-conditioned cosine similarity,M/Low /Prog/Anal,F/High/Prog/Anal,0.90122771263122559
gemma-4-E4B-it_t01,Gemma4,caption_similarity,Appendix Figure A1,mean image-conditioned cosine similarity,M/Low /Prog/Empa,F/High/Prog/Anal,0.89693170785903931
gemma-4-E4B-it_t01,Gemma4,caption_similarity,Appendix Figure A1,mean image-conditioned cosine similarity,M/Low /Prog/Prag,F/High/Prog/Anal,0.88525152206420898
gemma-4-E4B-it_t01,Gemma4,caption_similarity,Appendix Figure A1,mean image-conditioned cosine similarity,F/High/Cons/Anal,F/High/Prog/Empa,0.90360021591186523
gemma-4-E4B-it_t01,Gemma4,caption_similarity,Appendix Figure A1,mean image-conditioned cosine similarity,F/High/Cons/Empa,F/High/Prog/Empa,0.91814643144607544
gemma-4-E4B-it_t01,Gemma4,caption_similarity,Appendix Figure A1,mean image-conditioned cosine similarity,F/High/Cons/Prag,F/High/Prog/Empa,0.89818060398101807
gemma-4-E4B-it_t01,Gemma4,caption_similarity,Appendix Figure A1,mean image-conditioned cosine similarity,F/High/Prog/Anal,F/High/Prog/Empa,0.91207021474838257
gemma-4-E4B-it_t01,Gemma4,caption_similarity,Appendix Figure A1,mean image-conditioned cosine similarity,F/High/Prog/Empa,F/High/Prog/Empa,0.93666749238967895
gemma-4-E4B-it_t01,Gemma4,caption_similarity,Appendix Figure A1,mean image-conditioned cosine similarity,F/High/Prog/Prag,F/High/Prog/Empa,0.91459172964096069
gemma-4-E4B-it_t01,Gemma4,caption_similarity,Appendix Figure A1,mean image-conditioned cosine similarity,F/Low /Cons/Anal,F/High/Prog/Empa,0.88702261447906494
gemma-4-E4B-it_t01,Gemma4,caption_similarity,Appendix Figure A1,mean image-conditioned cosine similarity,F/Low /Cons/Empa,F/High/Prog/Empa,0.88972681760787964
gemma-4-E4B-it_t01,Gemma4,caption_similarity,Appendix Figure A1,mean image-conditioned cosine similarity,F/Low /Cons/Prag,F/High/Prog/Empa,0.88244855403900146
gemma-4-E4B-it_t01,Gemma4,caption_similarity,Appendix Figure A1,mean image-conditioned cosine similarity,F/Low /Prog/Anal,F/High/Prog/Empa,0.89839684963226318
gemma-4-E4B-it_t01,Gemma4,caption_similarity,Appendix Figure A1,mean image-conditioned cosine similarity,F/Low /Prog/Empa,F/High/Prog/Empa,0.90270042419433594
gemma-4-E4B-it_t01,Gemma4,caption_similarity,Appendix Figure A1,mean image-conditioned cosine similarity,F/Low /Prog/Prag,F/High/Prog/Empa,0.89319020509719849
gemma-4-E4B-it_t01,Gemma4,caption_similarity,Appendix Figure A1,mean image-conditioned cosine similarity,M/High/Cons/Anal,F/High/Prog/Empa,0.88933968544006348
gemma-4-E4B-it_t01,Gemma4,caption_similarity,Appendix Figure A1,mean image-conditioned cosine similarity,M/High/Cons/Empa,F/High/Prog/Empa,0.91035044193267822
gemma-4-E4B-it_t01,Gemma4,caption_similarity,Appendix Figure A1,mean image-conditioned cosine similarity,M/High/Cons/Prag,F/High/Prog/Empa,0.89616912603378296
gemma-4-E4B-it_t01,Gemma4,caption_similarity,Appendix Figure A1,mean image-conditioned cosine similarity,M/High/Prog/Anal,F/High/Prog/Empa,0.90671646595001221
gemma-4-E4B-it_t01,Gemma4,caption_similarity,Appendix Figure A1,mean image-conditioned cosine similarity,M/High/Prog/Empa,F/High/Prog/Empa,0.92728841304779053
gemma-4-E4B-it_t01,Gemma4,caption_similarity,Appendix Figure A1,mean image-conditioned cosine similarity,M/High/Prog/Prag,F/High/Prog/Empa,0.91060757637023926
gemma-4-E4B-it_t01,Gemma4,caption_similarity,Appendix Figure A1,mean image-conditioned cosine similarity,M/Low /Cons/Anal,F/High/Prog/Empa,0.88014775514602661
gemma-4-E4B-it_t01,Gemma4,caption_similarity,Appendix Figure A1,mean image-conditioned cosine similarity,M/Low /Cons/Empa,F/High/Prog/Empa,0.8883247971534729
gemma-4-E4B-it_t01,Gemma4,caption_similarity,Appendix Figure A1,mean image-conditioned cosine similarity,M/Low /Cons/Prag,F/High/Prog/Empa,0.8825945258140564
gemma-4-E4B-it_t01,Gemma4,caption_similarity,Appendix Figure A1,mean image-conditioned cosine similarity,M/Low /Prog/Anal,F/High/Prog/Empa,0.90119552612304688
gemma-4-E4B-it_t01,Gemma4,caption_similarity,Appendix Figure A1,mean image-conditioned cosine similarity,M/Low /Prog/Empa,F/High/Prog/Empa,0.90641993284225464
gemma-4-E4B-it_t01,Gemma4,caption_similarity,Appendix Figure A1,mean image-conditioned cosine similarity,M/Low /Prog/Prag,F/High/Prog/Empa,0.89233690500259399
gemma-4-E4B-it_t01,Gemma4,caption_similarity,Appendix Figure A1,mean image-conditioned cosine similarity,F/High/Cons/Anal,F/High/Prog/Prag,0.91441917419433594
gemma-4-E4B-it_t01,Gemma4,caption_similarity,Appendix Figure A1,mean image-conditioned cosine similarity,F/High/Cons/Empa,F/High/Prog/Prag,0.91366845369338989
gemma-4-E4B-it_t01,Gemma4,caption_similarity,Appendix Figure A1,mean image-conditioned cosine similarity,F/High/Cons/Prag,F/High/Prog/Prag,0.90834826231002808
gemma-4-E4B-it_t01,Gemma4,caption_similarity,Appendix Figure A1,mean image-conditioned cosine similarity,F/High/Prog/Anal,F/High/Prog/Prag,0.91821706295013428
gemma-4-E4B-it_t01,Gemma4,caption_similarity,Appendix Figure A1,mean image-conditioned cosine similarity,F/High/Prog/Empa,F/High/Prog/Prag,0.91459172964096069
gemma-4-E4B-it_t01,Gemma4,caption_similarity,Appendix Figure A1,mean image-conditioned cosine similarity,F/High/Prog/Prag,F/High/Prog/Prag,0.93328658938407894
gemma-4-E4B-it_t01,Gemma4,caption_similarity,Appendix Figure A1,mean image-conditioned cosine similarity,F/Low /Cons/Anal,F/High/Prog/Prag,0.89045476913452148
gemma-4-E4B-it_t01,Gemma4,caption_similarity,Appendix Figure A1,mean image-conditioned cosine similarity,F/Low /Cons/Empa,F/High/Prog/Prag,0.89277040958404541
gemma-4-E4B-it_t01,Gemma4,caption_similarity,Appendix Figure A1,mean image-conditioned cosine similarity,F/Low /Cons/Prag,F/High/Prog/Prag,0.8846893310546875
gemma-4-E4B-it_t01,Gemma4,caption_similarity,Appendix Figure A1,mean image-conditioned cosine similarity,F/Low /Prog/Anal,F/High/Prog/Prag,0.90304529666900635
gemma-4-E4B-it_t01,Gemma4,caption_similarity,Appendix Figure A1,mean image-conditioned cosine similarity,F/Low /Prog/Empa,F/High/Prog/Prag,0.89863288402557373
gemma-4-E4B-it_t01,Gemma4,caption_similarity,Appendix Figure A1,mean image-conditioned cosine similarity,F/Low /Prog/Prag,F/High/Prog/Prag,0.89812803268432617
gemma-4-E4B-it_t01,Gemma4,caption_similarity,Appendix Figure A1,mean image-conditioned cosine similarity,M/High/Cons/Anal,F/High/Prog/Prag,0.90119630098342896
gemma-4-E4B-it_t01,Gemma4,caption_similarity,Appendix Figure A1,mean image-conditioned cosine similarity,M/High/Cons/Empa,F/High/Prog/Prag,0.91800910234451294
gemma-4-E4B-it_t01,Gemma4,caption_similarity,Appendix Figure A1,mean image-conditioned cosine similarity,M/High/Cons/Prag,F/High/Prog/Prag,0.90957510471343994
gemma-4-E4B-it_t01,Gemma4,caption_similarity,Appendix Figure A1,mean image-conditioned cosine similarity,M/High/Prog/Anal,F/High/Prog/Prag,0.91237658262252808
gemma-4-E4B-it_t01,Gemma4,caption_similarity,Appendix Figure A1,mean image-conditioned cosine similarity,M/High/Prog/Empa,F/High/Prog/Prag,0.91358685493469238
gemma-4-E4B-it_t01,Gemma4,caption_similarity,Appendix Figure A1,mean image-conditioned cosine similarity,M/High/Prog/Prag,F/High/Prog/Prag,0.92305940389633179
gemma-4-E4B-it_t01,Gemma4,caption_similarity,Appendix Figure A1,mean image-conditioned cosine similarity,M/Low /Cons/Anal,F/High/Prog/Prag,0.88706254959106445
gemma-4-E4B-it_t01,Gemma4,caption_similarity,Appendix Figure A1,mean image-conditioned cosine similarity,M/Low /Cons/Empa,F/High/Prog/Prag,0.89473772048950195
gemma-4-E4B-it_t01,Gemma4,caption_similarity,Appendix Figure A1,mean image-conditioned cosine similarity,M/Low /Cons/Prag,F/High/Prog/Prag,0.88559168577194214
gemma-4-E4B-it_t01,Gemma4,caption_similarity,Appendix Figure A1,mean image-conditioned cosine similarity,M/Low /Prog/Anal,F/High/Prog/Prag,0.90939640998840332
gemma-4-E4B-it_t01,Gemma4,caption_similarity,Appendix Figure A1,mean image-conditioned cosine similarity,M/Low /Prog/Empa,F/High/Prog/Prag,0.90522485971450806
gemma-4-E4B-it_t01,Gemma4,caption_similarity,Appendix Figure A1,mean image-conditioned cosine similarity,M/Low /Prog/Prag,F/High/Prog/Prag,0.89692121744155884
gemma-4-E4B-it_t01,Gemma4,caption_similarity,Appendix Figure A1,mean image-conditioned cosine similarity,F/High/Cons/Anal,F/Low /Cons/Anal,0.89431625604629517
gemma-4-E4B-it_t01,Gemma4,caption_similarity,Appendix Figure A1,mean image-conditioned cosine similarity,F/High/Cons/Empa,F/Low /Cons/Anal,0.90335434675216675
gemma-4-E4B-it_t01,Gemma4,caption_similarity,Appendix Figure A1,mean image-conditioned cosine similarity,F/High/Cons/Prag,F/Low /Cons/Anal,0.90606069564819336
gemma-4-E4B-it_t01,Gemma4,caption_similarity,Appendix Figure A1,mean image-conditioned cosine similarity,F/High/Prog/Anal,F/Low /Cons/Anal,0.88317972421646118
gemma-4-E4B-it_t01,Gemma4,caption_similarity,Appendix Figure A1,mean image-conditioned cosine similarity,F/High/Prog/Empa,F/Low /Cons/Anal,0.88702261447906494
gemma-4-E4B-it_t01,Gemma4,caption_similarity,Appendix Figure A1,mean image-conditioned cosine similarity,F/High/Prog/Prag,F/Low /Cons/Anal,0.89045476913452148
gemma-4-E4B-it_t01,Gemma4,caption_similarity,Appendix Figure A1,mean image-conditioned cosine similarity,F/Low /Cons/Anal,F/Low /Cons/Anal,0.94238833904266361
gemma-4-E4B-it_t01,Gemma4,caption_similarity,Appendix Figure A1,mean image-conditioned cosine similarity,F/Low /Cons/Empa,F/Low /Cons/Anal,0.91895121335983276
gemma-4-E4B-it_t01,Gemma4,caption_similarity,Appendix Figure A1,mean image-conditioned cosine similarity,F/Low /Cons/Prag,F/Low /Cons/Anal,0.93482369184494019
gemma-4-E4B-it_t01,Gemma4,caption_similarity,Appendix Figure A1,mean image-conditioned cosine similarity,F/Low /Prog/Anal,F/Low /Cons/Anal,0.90637063980102539
gemma-4-E4B-it_t01,Gemma4,caption_similarity,Appendix Figure A1,mean image-conditioned cosine similarity,F/Low /Prog/Empa,F/Low /Cons/Anal,0.89989167451858521
gemma-4-E4B-it_t01,Gemma4,caption_similarity,Appendix Figure A1,mean image-conditioned cosine similarity,F/Low /Prog/Prag,F/Low /Cons/Anal,0.91755557060241699
gemma-4-E4B-it_t01,Gemma4,caption_similarity,Appendix Figure A1,mean image-conditioned cosine similarity,M/High/Cons/Anal,F/Low /Cons/Anal,0.88913428783416748
gemma-4-E4B-it_t01,Gemma4,caption_similarity,Appendix Figure A1,mean image-conditioned cosine similarity,M/High/Cons/Empa,F/Low /Cons/Anal,0.8937983512878418
gemma-4-E4B-it_t01,Gemma4,caption_similarity,Appendix Figure A1,mean image-conditioned cosine similarity,M/High/Cons/Prag,F/Low /Cons/Anal,0.90215814113616943
gemma-4-E4B-it_t01,Gemma4,caption_similarity,Appendix Figure A1,mean image-conditioned cosine similarity,M/High/Prog/Anal,F/Low /Cons/Anal,0.8818250298500061
gemma-4-E4B-it_t01,Gemma4,caption_similarity,Appendix Figure A1,mean image-conditioned cosine similarity,M/High/Prog/Empa,F/Low /Cons/Anal,0.88508826494216919
gemma-4-E4B-it_t01,Gemma4,caption_similarity,Appendix Figure A1,mean image-conditioned cosine similarity,M/High/Prog/Prag,F/Low /Cons/Anal,0.88426375389099121
gemma-4-E4B-it_t01,Gemma4,caption_similarity,Appendix Figure A1,mean image-conditioned cosine similarity,M/Low /Cons/Anal,F/Low /Cons/Anal,0.92890459299087524
gemma-4-E4B-it_t01,Gemma4,caption_similarity,Appendix Figure A1,mean image-conditioned cosine similarity,M/Low /Cons/Empa,F/Low /Cons/Anal,0.93004226684570312
gemma-4-E4B-it_t01,Gemma4,caption_similarity,Appendix Figure A1,mean image-conditioned cosine similarity,M/Low /Cons/Prag,F/Low /Cons/Anal,0.92812573909759521
gemma-4-E4B-it_t01,Gemma4,caption_similarity,Appendix Figure A1,mean image-conditioned cosine similarity,M/Low /Prog/Anal,F/Low /Cons/Anal,0.90643507242202759
gemma-4-E4B-it_t01,Gemma4,caption_similarity,Appendix Figure A1,mean image-conditioned cosine similarity,M/Low /Prog/Empa,F/Low /Cons/Anal,0.90666693449020386
gemma-4-E4B-it_t01,Gemma4,caption_similarity,Appendix Figure A1,mean image-conditioned cosine similarity,M/Low /Prog/Prag,F/Low /Cons/Anal,0.91806977987289429
gemma-4-E4B-it_t01,Gemma4,caption_similarity,Appendix Figure A1,mean image-conditioned cosine similarity,F/High/Cons/Anal,F/Low /Cons/Empa,0.89030694961547852
gemma-4-E4B-it_t01,Gemma4,caption_similarity,Appendix Figure A1,mean image-conditioned cosine similarity,F/High/Cons/Empa,F/Low /Cons/Empa,0.90463882684707642
gemma-4-E4B-it_t01,Gemma4,caption_similarity,Appendix Figure A1,mean image-conditioned cosine similarity,F/High/Cons/Prag,F/Low /Cons/Empa,0.90513533353805542
gemma-4-E4B-it_t01,Gemma4,caption_similarity,Appendix Figure A1,mean image-conditioned cosine similarity,F/High/Prog/Anal,F/Low /Cons/Empa,0.88059121370315552
gemma-4-E4B-it_t01,Gemma4,caption_similarity,Appendix Figure A1,mean image-conditioned cosine similarity,F/High/Prog/Empa,F/Low /Cons/Empa,0.88972681760787964
gemma-4-E4B-it_t01,Gemma4,caption_similarity,Appendix Figure A1,mean image-conditioned cosine similarity,F/High/Prog/Prag,F/Low /Cons/Empa,0.89277040958404541
gemma-4-E4B-it_t01,Gemma4,caption_similarity,Appendix Figure A1,mean image-conditioned cosine similarity,F/Low /Cons/Anal,F/Low /Cons/Empa,0.91895121335983276
gemma-4-E4B-it_t01,Gemma4,caption_similarity,Appendix Figure A1,mean image-conditioned cosine similarity,F/Low /Cons/Empa,F/Low /Cons/Empa,0.93533435463905334
gemma-4-E4B-it_t01,Gemma4,caption_similarity,Appendix Figure A1,mean image-conditioned cosine similarity,F/Low /Cons/Prag,F/Low /Cons/Empa,0.92085647583007812
gemma-4-E4B-it_t01,Gemma4,caption_similarity,Appendix Figure A1,mean image-conditioned cosine similarity,F/Low /Prog/Anal,F/Low /Cons/Empa,0.90767949819564819
gemma-4-E4B-it_t01,Gemma4,caption_similarity,Appendix Figure A1,mean image-conditioned cosine similarity,F/Low /Prog/Empa,F/Low /Cons/Empa,0.91508787870407104
gemma-4-E4B-it_t01,Gemma4,caption_similarity,Appendix Figure A1,mean image-conditioned cosine similarity,F/Low /Prog/Prag,F/Low /Cons/Empa,0.92529016733169556
gemma-4-E4B-it_t01,Gemma4,caption_similarity,Appendix Figure A1,mean image-conditioned cosine similarity,M/High/Cons/Anal,F/Low /Cons/Empa,0.87972640991210938
gemma-4-E4B-it_t01,Gemma4,caption_similarity,Appendix Figure A1,mean image-conditioned cosine similarity,M/High/Cons/Empa,F/Low /Cons/Empa,0.8994821310043335
gemma-4-E4B-it_t01,Gemma4,caption_similarity,Appendix Figure A1,mean image-conditioned cosine similarity,M/High/Cons/Prag,F/Low /Cons/Empa,0.8980553150177002
gemma-4-E4B-it_t01,Gemma4,caption_similarity,Appendix Figure A1,mean image-conditioned cosine similarity,M/High/Prog/Anal,F/Low /Cons/Empa,0.87648791074752808
gemma-4-E4B-it_t01,Gemma4,caption_similarity,Appendix Figure A1,mean image-conditioned cosine similarity,M/High/Prog/Empa,F/Low /Cons/Empa,0.88621222972869873
gemma-4-E4B-it_t01,Gemma4,caption_similarity,Appendix Figure A1,mean image-conditioned cosine similarity,M/High/Prog/Prag,F/Low /Cons/Empa,0.885231614112854
gemma-4-E4B-it_t01,Gemma4,caption_similarity,Appendix Figure A1,mean image-conditioned cosine similarity,M/Low /Cons/Anal,F/Low /Cons/Empa,0.9048197865486145
gemma-4-E4B-it_t01,Gemma4,caption_similarity,Appendix Figure A1,mean image-conditioned cosine similarity,M/Low /Cons/Empa,F/Low /Cons/Empa,0.93076539039611816
gemma-4-E4B-it_t01,Gemma4,caption_similarity,Appendix Figure A1,mean image-conditioned cosine similarity,M/Low /Cons/Prag,F/Low /Cons/Empa,0.91485017538070679
gemma-4-E4B-it_t01,Gemma4,caption_similarity,Appendix Figure A1,mean image-conditioned cosine similarity,M/Low /Prog/Anal,F/Low /Cons/Empa,0.90483087301254272
gemma-4-E4B-it_t01,Gemma4,caption_similarity,Appendix Figure A1,mean image-conditioned cosine similarity,M/Low /Prog/Empa,F/Low /Cons/Empa,0.9180564284324646
gemma-4-E4B-it_t01,Gemma4,caption_similarity,Appendix Figure A1,mean image-conditioned cosine similarity,M/Low /Prog/Prag,F/Low /Cons/Empa,0.91993749141693115
gemma-4-E4B-it_t01,Gemma4,caption_similarity,Appendix Figure A1,mean image-conditioned cosine similarity,F/High/Cons/Anal,F/Low /Cons/Prag,0.88695889711380005
gemma-4-E4B-it_t01,Gemma4,caption_similarity,Appendix Figure A1,mean image-conditioned cosine similarity,F/High/Cons/Empa,F/Low /Cons/Prag,0.89917188882827759
gemma-4-E4B-it_t01,Gemma4,caption_similarity,Appendix Figure A1,mean image-conditioned cosine similarity,F/High/Cons/Prag,F/Low /Cons/Prag,0.90279752016067505
gemma-4-E4B-it_t01,Gemma4,caption_similarity,Appendix Figure A1,mean image-conditioned cosine similarity,F/High/Prog/Anal,F/Low /Cons/Prag,0.87642079591751099
gemma-4-E4B-it_t01,Gemma4,caption_similarity,Appendix Figure A1,mean image-conditioned cosine similarity,F/High/Prog/Empa,F/Low /Cons/Prag,0.88244855403900146
gemma-4-E4B-it_t01,Gemma4,caption_similarity,Appendix Figure A1,mean image-conditioned cosine similarity,F/High/Prog/Prag,F/Low /Cons/Prag,0.8846893310546875
gemma-4-E4B-it_t01,Gemma4,caption_similarity,Appendix Figure A1,mean image-conditioned cosine similarity,F/Low /Cons/Anal,F/Low /Cons/Prag,0.93482369184494019
gemma-4-E4B-it_t01,Gemma4,caption_similarity,Appendix Figure A1,mean image-conditioned cosine similarity,F/Low /Cons/Empa,F/Low /Cons/Prag,0.92085647583007812
gemma-4-E4B-it_t01,Gemma4,caption_similarity,Appendix Figure A1,mean image-conditioned cosine similarity,F/Low /Cons/Prag,F/Low /Cons/Prag,0.94597669243812565
gemma-4-E4B-it_t01,Gemma4,caption_similarity,Appendix Figure A1,mean image-conditioned cosine similarity,F/Low /Prog/Anal,F/Low /Cons/Prag,0.90015757083892822
gemma-4-E4B-it_t01,Gemma4,caption_similarity,Appendix Figure A1,mean image-conditioned cosine similarity,F/Low /Prog/Empa,F/Low /Cons/Prag,0.9004930853843689
gemma-4-E4B-it_t01,Gemma4,caption_similarity,Appendix Figure A1,mean image-conditioned cosine similarity,F/Low /Prog/Prag,F/Low /Cons/Prag,0.91640663146972656
gemma-4-E4B-it_t01,Gemma4,caption_similarity,Appendix Figure A1,mean image-conditioned cosine similarity,M/High/Cons/Anal,F/Low /Cons/Prag,0.88147807121276855
gemma-4-E4B-it_t01,Gemma4,caption_similarity,Appendix Figure A1,mean image-conditioned cosine similarity,M/High/Cons/Empa,F/Low /Cons/Prag,0.89163637161254883
gemma-4-E4B-it_t01,Gemma4,caption_similarity,Appendix Figure A1,mean image-conditioned cosine similarity,M/High/Cons/Prag,F/Low /Cons/Prag,0.89612436294555664
gemma-4-E4B-it_t01,Gemma4,caption_similarity,Appendix Figure A1,mean image-conditioned cosine similarity,M/High/Prog/Anal,F/Low /Cons/Prag,0.87398087978363037
gemma-4-E4B-it_t01,Gemma4,caption_similarity,Appendix Figure A1,mean image-conditioned cosine similarity,M/High/Prog/Empa,F/Low /Cons/Prag,0.88164418935775757
gemma-4-E4B-it_t01,Gemma4,caption_similarity,Appendix Figure A1,mean image-conditioned cosine similarity,M/High/Prog/Prag,F/Low /Cons/Prag,0.87744027376174927
gemma-4-E4B-it_t01,Gemma4,caption_similarity,Appendix Figure A1,mean image-conditioned cosine similarity,M/Low /Cons/Anal,F/Low /Cons/Prag,0.92102295160293579
gemma-4-E4B-it_t01,Gemma4,caption_similarity,Appendix Figure A1,mean image-conditioned cosine similarity,M/Low /Cons/Empa,F/Low /Cons/Prag,0.93095588684082031
gemma-4-E4B-it_t01,Gemma4,caption_similarity,Appendix Figure A1,mean image-conditioned cosine similarity,M/Low /Cons/Prag,F/Low /Cons/Prag,0.93082082271575928
gemma-4-E4B-it_t01,Gemma4,caption_similarity,Appendix Figure A1,mean image-conditioned cosine similarity,M/Low /Prog/Anal,F/Low /Cons/Prag,0.8992576003074646
gemma-4-E4B-it_t01,Gemma4,caption_similarity,Appendix Figure A1,mean image-conditioned cosine similarity,M/Low /Prog/Empa,F/Low /Cons/Prag,0.9063718318939209
gemma-4-E4B-it_t01,Gemma4,caption_similarity,Appendix Figure A1,mean image-conditioned cosine similarity,M/Low /Prog/Prag,F/Low /Cons/Prag,0.91651177406311035
gemma-4-E4B-it_t01,Gemma4,caption_similarity,Appendix Figure A1,mean image-conditioned cosine similarity,F/High/Cons/Anal,F/Low /Prog/Anal,0.89889734983444214
gemma-4-E4B-it_t01,Gemma4,caption_similarity,Appendix Figure A1,mean image-conditioned cosine similarity,F/High/Cons/Empa,F/Low /Prog/Anal,0.896401047706604
gemma-4-E4B-it_t01,Gemma4,caption_similarity,Appendix Figure A1,mean image-conditioned cosine similarity,F/High/Cons/Prag,F/Low /Prog/Anal,0.90262627601623535
gemma-4-E4B-it_t01,Gemma4,caption_similarity,Appendix Figure A1,mean image-conditioned cosine similarity,F/High/Prog/Anal,F/Low /Prog/Anal,0.89829373359680176
gemma-4-E4B-it_t01,Gemma4,caption_similarity,Appendix Figure A1,mean image-conditioned cosine similarity,F/High/Prog/Empa,F/Low /Prog/Anal,0.89839684963226318
gemma-4-E4B-it_t01,Gemma4,caption_similarity,Appendix Figure A1,mean image-conditioned cosine similarity,F/High/Prog/Prag,F/Low /Prog/Anal,0.90304529666900635
gemma-4-E4B-it_t01,Gemma4,caption_similarity,Appendix Figure A1,mean image-conditioned cosine similarity,F/Low /Cons/Anal,F/Low /Prog/Anal,0.90637063980102539
gemma-4-E4B-it_t01,Gemma4,caption_similarity,Appendix Figure A1,mean image-conditioned cosine similarity,F/Low /Cons/Empa,F/Low /Prog/Anal,0.90767949819564819
gemma-4-E4B-it_t01,Gemma4,caption_similarity,Appendix Figure A1,mean image-conditioned cosine similarity,F/Low /Cons/Prag,F/Low /Prog/Anal,0.90015757083892822
gemma-4-E4B-it_t01,Gemma4,caption_similarity,Appendix Figure A1,mean image-conditioned cosine similarity,F/Low /Prog/Anal,F/Low /Prog/Anal,0.93469855666160584
gemma-4-E4B-it_t01,Gemma4,caption_similarity,Appendix Figure A1,mean image-conditioned cosine similarity,F/Low /Prog/Empa,F/Low /Prog/Anal,0.90982848405838013
gemma-4-E4B-it_t01,Gemma4,caption_similarity,Appendix Figure A1,mean image-conditioned cosine similarity,F/Low /Prog/Prag,F/Low /Prog/Anal,0.92340779304504395
gemma-4-E4B-it_t01,Gemma4,caption_similarity,Appendix Figure A1,mean image-conditioned cosine similarity,M/High/Cons/Anal,F/Low /Prog/Anal,0.88980424404144287
gemma-4-E4B-it_t01,Gemma4,caption_similarity,Appendix Figure A1,mean image-conditioned cosine similarity,M/High/Cons/Empa,F/Low /Prog/Anal,0.89559364318847656
gemma-4-E4B-it_t01,Gemma4,caption_similarity,Appendix Figure A1,mean image-conditioned cosine similarity,M/High/Cons/Prag,F/Low /Prog/Anal,0.90100860595703125
gemma-4-E4B-it_t01,Gemma4,caption_similarity,Appendix Figure A1,mean image-conditioned cosine similarity,M/High/Prog/Anal,F/Low /Prog/Anal,0.89431142807006836
gemma-4-E4B-it_t01,Gemma4,caption_similarity,Appendix Figure A1,mean image-conditioned cosine similarity,M/High/Prog/Empa,F/Low /Prog/Anal,0.89033585786819458
gemma-4-E4B-it_t01,Gemma4,caption_similarity,Appendix Figure A1,mean image-conditioned cosine similarity,M/High/Prog/Prag,F/Low /Prog/Anal,0.89948809146881104
gemma-4-E4B-it_t01,Gemma4,caption_similarity,Appendix Figure A1,mean image-conditioned cosine similarity,M/Low /Cons/Anal,F/Low /Prog/Anal,0.89950722455978394
gemma-4-E4B-it_t01,Gemma4,caption_similarity,Appendix Figure A1,mean image-conditioned cosine similarity,M/Low /Cons/Empa,F/Low /Prog/Anal,0.90498107671737671
gemma-4-E4B-it_t01,Gemma4,caption_similarity,Appendix Figure A1,mean image-conditioned cosine similarity,M/Low /Cons/Prag,F/Low /Prog/Anal,0.89894270896911621
gemma-4-E4B-it_t01,Gemma4,caption_similarity,Appendix Figure A1,mean image-conditioned cosine similarity,M/Low /Prog/Anal,F/Low /Prog/Anal,0.92431533336639404
gemma-4-E4B-it_t01,Gemma4,caption_similarity,Appendix Figure A1,mean image-conditioned cosine similarity,M/Low /Prog/Empa,F/Low /Prog/Anal,0.91492354869842529
gemma-4-E4B-it_t01,Gemma4,caption_similarity,Appendix Figure A1,mean image-conditioned cosine similarity,M/Low /Prog/Prag,F/Low /Prog/Anal,0.91583269834518433
gemma-4-E4B-it_t01,Gemma4,caption_similarity,Appendix Figure A1,mean image-conditioned cosine similarity,F/High/Cons/Anal,F/Low /Prog/Empa,0.88893836736679077
gemma-4-E4B-it_t01,Gemma4,caption_similarity,Appendix Figure A1,mean image-conditioned cosine similarity,F/High/Cons/Empa,F/Low /Prog/Empa,0.90345686674118042
gemma-4-E4B-it_t01,Gemma4,caption_similarity,Appendix Figure A1,mean image-conditioned cosine similarity,F/High/Cons/Prag,F/Low /Prog/Empa,0.8985937237739563
gemma-4-E4B-it_t01,Gemma4,caption_similarity,Appendix Figure A1,mean image-conditioned cosine similarity,F/High/Prog/Anal,F/Low /Prog/Empa,0.89015364646911621
gemma-4-E4B-it_t01,Gemma4,caption_similarity,Appendix Figure A1,mean image-conditioned cosine similarity,F/High/Prog/Empa,F/Low /Prog/Empa,0.90270042419433594
gemma-4-E4B-it_t01,Gemma4,caption_similarity,Appendix Figure A1,mean image-conditioned cosine similarity,F/High/Prog/Prag,F/Low /Prog/Empa,0.89863288402557373
gemma-4-E4B-it_t01,Gemma4,caption_similarity,Appendix Figure A1,mean image-conditioned cosine similarity,F/Low /Cons/Anal,F/Low /Prog/Empa,0.89989167451858521
gemma-4-E4B-it_t01,Gemma4,caption_similarity,Appendix Figure A1,mean image-conditioned cosine similarity,F/Low /Cons/Empa,F/Low /Prog/Empa,0.91508787870407104
gemma-4-E4B-it_t01,Gemma4,caption_similarity,Appendix Figure A1,mean image-conditioned cosine similarity,F/Low /Cons/Prag,F/Low /Prog/Empa,0.9004930853843689
gemma-4-E4B-it_t01,Gemma4,caption_similarity,Appendix Figure A1,mean image-conditioned cosine similarity,F/Low /Prog/Anal,F/Low /Prog/Empa,0.90982848405838013
gemma-4-E4B-it_t01,Gemma4,caption_similarity,Appendix Figure A1,mean image-conditioned cosine similarity,F/Low /Prog/Empa,F/Low /Prog/Empa,0.93516337752342227
gemma-4-E4B-it_t01,Gemma4,caption_similarity,Appendix Figure A1,mean image-conditioned cosine similarity,F/Low /Prog/Prag,F/Low /Prog/Empa,0.91834181547164917
gemma-4-E4B-it_t01,Gemma4,caption_similarity,Appendix Figure A1,mean image-conditioned cosine similarity,M/High/Cons/Anal,F/Low /Prog/Empa,0.87538683414459229
gemma-4-E4B-it_t01,Gemma4,caption_similarity,Appendix Figure A1,mean image-conditioned cosine similarity,M/High/Cons/Empa,F/Low /Prog/Empa,0.90099203586578369
gemma-4-E4B-it_t01,Gemma4,caption_similarity,Appendix Figure A1,mean image-conditioned cosine similarity,M/High/Cons/Prag,F/Low /Prog/Empa,0.89184439182281494
gemma-4-E4B-it_t01,Gemma4,caption_similarity,Appendix Figure A1,mean image-conditioned cosine similarity,M/High/Prog/Anal,F/Low /Prog/Empa,0.88406705856323242
gemma-4-E4B-it_t01,Gemma4,caption_similarity,Appendix Figure A1,mean image-conditioned cosine similarity,M/High/Prog/Empa,F/Low /Prog/Empa,0.8921208381652832
gemma-4-E4B-it_t01,Gemma4,caption_similarity,Appendix Figure A1,mean image-conditioned cosine similarity,M/High/Prog/Prag,F/Low /Prog/Empa,0.89234346151351929
gemma-4-E4B-it_t01,Gemma4,caption_similarity,Appendix Figure A1,mean image-conditioned cosine similarity,M/Low /Cons/Anal,F/Low /Prog/Empa,0.88684439659118652
gemma-4-E4B-it_t01,Gemma4,caption_similarity,Appendix Figure A1,mean image-conditioned cosine similarity,M/Low /Cons/Empa,F/Low /Prog/Empa,0.91132020950317383
gemma-4-E4B-it_t01,Gemma4,caption_similarity,Appendix Figure A1,mean image-conditioned cosine similarity,M/Low /Cons/Prag,F/Low /Prog/Empa,0.89689743518829346
gemma-4-E4B-it_t01,Gemma4,caption_similarity,Appendix Figure A1,mean image-conditioned cosine similarity,M/Low /Prog/Anal,F/Low /Prog/Empa,0.9102177619934082
gemma-4-E4B-it_t01,Gemma4,caption_similarity,Appendix Figure A1,mean image-conditioned cosine similarity,M/Low /Prog/Empa,F/Low /Prog/Empa,0.92624074220657349
gemma-4-E4B-it_t01,Gemma4,caption_similarity,Appendix Figure A1,mean image-conditioned cosine similarity,M/Low /Prog/Prag,F/Low /Prog/Empa,0.91123372316360474
gemma-4-E4B-it_t01,Gemma4,caption_similarity,Appendix Figure A1,mean image-conditioned cosine similarity,F/High/Cons/Anal,F/Low /Prog/Prag,0.89233481884002686
gemma-4-E4B-it_t01,Gemma4,caption_similarity,Appendix Figure A1,mean image-conditioned cosine similarity,F/High/Cons/Empa,F/Low /Prog/Prag,0.90083986520767212
gemma-4-E4B-it_t01,Gemma4,caption_similarity,Appendix Figure A1,mean image-conditioned cosine similarity,F/High/Cons/Prag,F/Low /Prog/Prag,0.90615600347518921
gemma-4-E4B-it_t01,Gemma4,caption_similarity,Appendix Figure A1,mean image-conditioned cosine similarity,F/High/Prog/Anal,F/Low /Prog/Prag,0.88606035709381104
gemma-4-E4B-it_t01,Gemma4,caption_similarity,Appendix Figure A1,mean image-conditioned cosine similarity,F/High/Prog/Empa,F/Low /Prog/Prag,0.89319020509719849
gemma-4-E4B-it_t01,Gemma4,caption_similarity,Appendix Figure A1,mean image-conditioned cosine similarity,F/High/Prog/Prag,F/Low /Prog/Prag,0.89812803268432617
gemma-4-E4B-it_t01,Gemma4,caption_similarity,Appendix Figure A1,mean image-conditioned cosine similarity,F/Low /Cons/Anal,F/Low /Prog/Prag,0.91755557060241699
gemma-4-E4B-it_t01,Gemma4,caption_similarity,Appendix Figure A1,mean image-conditioned cosine similarity,F/Low /Cons/Empa,F/Low /Prog/Prag,0.92529016733169556
gemma-4-E4B-it_t01,Gemma4,caption_similarity,Appendix Figure A1,mean image-conditioned cosine similarity,F/Low /Cons/Prag,F/Low /Prog/Prag,0.91640663146972656
gemma-4-E4B-it_t01,Gemma4,caption_similarity,Appendix Figure A1,mean image-conditioned cosine similarity,F/Low /Prog/Anal,F/Low /Prog/Prag,0.92340779304504395
gemma-4-E4B-it_t01,Gemma4,caption_similarity,Appendix Figure A1,mean image-conditioned cosine similarity,F/Low /Prog/Empa,F/Low /Prog/Prag,0.91834181547164917
gemma-4-E4B-it_t01,Gemma4,caption_similarity,Appendix Figure A1,mean image-conditioned cosine similarity,F/Low /Prog/Prag,F/Low /Prog/Prag,0.94208926916122437
gemma-4-E4B-it_t01,Gemma4,caption_similarity,Appendix Figure A1,mean image-conditioned cosine similarity,M/High/Cons/Anal,F/Low /Prog/Prag,0.88455766439437866
gemma-4-E4B-it_t01,Gemma4,caption_similarity,Appendix Figure A1,mean image-conditioned cosine similarity,M/High/Cons/Empa,F/Low /Prog/Prag,0.89613014459609985
gemma-4-E4B-it_t01,Gemma4,caption_similarity,Appendix Figure A1,mean image-conditioned cosine similarity,M/High/Cons/Prag,F/Low /Prog/Prag,0.9023507833480835
gemma-4-E4B-it_t01,Gemma4,caption_similarity,Appendix Figure A1,mean image-conditioned cosine similarity,M/High/Prog/Anal,F/Low /Prog/Prag,0.88088440895080566
gemma-4-E4B-it_t01,Gemma4,caption_similarity,Appendix Figure A1,mean image-conditioned cosine similarity,M/High/Prog/Empa,F/Low /Prog/Prag,0.88446253538131714
gemma-4-E4B-it_t01,Gemma4,caption_similarity,Appendix Figure A1,mean image-conditioned cosine similarity,M/High/Prog/Prag,F/Low /Prog/Prag,0.89252996444702148
gemma-4-E4B-it_t01,Gemma4,caption_similarity,Appendix Figure A1,mean image-conditioned cosine similarity,M/Low /Cons/Anal,F/Low /Prog/Prag,0.90627694129943848
gemma-4-E4B-it_t01,Gemma4,caption_similarity,Appendix Figure A1,mean image-conditioned cosine similarity,M/Low /Cons/Empa,F/Low /Prog/Prag,0.92552846670150757
gemma-4-E4B-it_t01,Gemma4,caption_similarity,Appendix Figure A1,mean image-conditioned cosine similarity,M/Low /Cons/Prag,F/Low /Prog/Prag,0.91556191444396973
gemma-4-E4B-it_t01,Gemma4,caption_similarity,Appendix Figure A1,mean image-conditioned cosine similarity,M/Low /Prog/Anal,F/Low /Prog/Prag,0.92078131437301636
gemma-4-E4B-it_t01,Gemma4,caption_similarity,Appendix Figure A1,mean image-conditioned cosine similarity,M/Low /Prog/Empa,F/Low /Prog/Prag,0.92338430881500244
gemma-4-E4B-it_t01,Gemma4,caption_similarity,Appendix Figure A1,mean image-conditioned cosine similarity,M/Low /Prog/Prag,F/Low /Prog/Prag,0.92639786005020142
gemma-4-E4B-it_t01,Gemma4,caption_similarity,Appendix Figure A1,mean image-conditioned cosine similarity,F/High/Cons/Anal,M/High/Cons/Anal,0.91452866792678833
gemma-4-E4B-it_t01,Gemma4,caption_similarity,Appendix Figure A1,mean image-conditioned cosine similarity,F/High/Cons/Empa,M/High/Cons/Anal,0.89538031816482544
gemma-4-E4B-it_t01,Gemma4,caption_similarity,Appendix Figure A1,mean image-conditioned cosine similarity,F/High/Cons/Prag,M/High/Cons/Anal,0.9054068922996521
gemma-4-E4B-it_t01,Gemma4,caption_similarity,Appendix Figure A1,mean image-conditioned cosine similarity,F/High/Prog/Anal,M/High/Cons/Anal,0.90400147438049316
gemma-4-E4B-it_t01,Gemma4,caption_similarity,Appendix Figure A1,mean image-conditioned cosine similarity,F/High/Prog/Empa,M/High/Cons/Anal,0.88933968544006348
gemma-4-E4B-it_t01,Gemma4,caption_similarity,Appendix Figure A1,mean image-conditioned cosine similarity,F/High/Prog/Prag,M/High/Cons/Anal,0.90119630098342896
gemma-4-E4B-it_t01,Gemma4,caption_similarity,Appendix Figure A1,mean image-conditioned cosine similarity,F/Low /Cons/Anal,M/High/Cons/Anal,0.88913428783416748
gemma-4-E4B-it_t01,Gemma4,caption_similarity,Appendix Figure A1,mean image-conditioned cosine similarity,F/Low /Cons/Empa,M/High/Cons/Anal,0.87972640991210938
gemma-4-E4B-it_t01,Gemma4,caption_similarity,Appendix Figure A1,mean image-conditioned cosine similarity,F/Low /Cons/Prag,M/High/Cons/Anal,0.88147807121276855
gemma-4-E4B-it_t01,Gemma4,caption_similarity,Appendix Figure A1,mean image-conditioned cosine similarity,F/Low /Prog/Anal,M/High/Cons/Anal,0.88980424404144287
gemma-4-E4B-it_t01,Gemma4,caption_similarity,Appendix Figure A1,mean image-conditioned cosine similarity,F/Low /Prog/Empa,M/High/Cons/Anal,0.87538683414459229
gemma-4-E4B-it_t01,Gemma4,caption_similarity,Appendix Figure A1,mean image-conditioned cosine similarity,F/Low /Prog/Prag,M/High/Cons/Anal,0.88455766439437866
gemma-4-E4B-it_t01,Gemma4,caption_similarity,Appendix Figure A1,mean image-conditioned cosine similarity,M/High/Cons/Anal,M/High/Cons/Anal,0.9343433678150177
gemma-4-E4B-it_t01,Gemma4,caption_similarity,Appendix Figure A1,mean image-conditioned cosine similarity,M/High/Cons/Empa,M/High/Cons/Anal,0.90388888120651245
gemma-4-E4B-it_t01,Gemma4,caption_similarity,Appendix Figure A1,mean image-conditioned cosine similarity,M/High/Cons/Prag,M/High/Cons/Anal,0.91549265384674072
gemma-4-E4B-it_t01,Gemma4,caption_similarity,Appendix Figure A1,mean image-conditioned cosine similarity,M/High/Prog/Anal,M/High/Cons/Anal,0.90753090381622314
gemma-4-E4B-it_t01,Gemma4,caption_similarity,Appendix Figure A1,mean image-conditioned cosine similarity,M/High/Prog/Empa,M/High/Cons/Anal,0.89767509698867798
gemma-4-E4B-it_t01,Gemma4,caption_similarity,Appendix Figure A1,mean image-conditioned cosine similarity,M/High/Prog/Prag,M/High/Cons/Anal,0.90462410449981689
gemma-4-E4B-it_t01,Gemma4,caption_similarity,Appendix Figure A1,mean image-conditioned cosine similarity,M/Low /Cons/Anal,M/High/Cons/Anal,0.896523118019104
gemma-4-E4B-it_t01,Gemma4,caption_similarity,Appendix Figure A1,mean image-conditioned cosine similarity,M/Low /Cons/Empa,M/High/Cons/Anal,0.88548439741134644
gemma-4-E4B-it_t01,Gemma4,caption_similarity,Appendix Figure A1,mean image-conditioned cosine similarity,M/Low /Cons/Prag,M/High/Cons/Anal,0.88417237997055054
gemma-4-E4B-it_t01,Gemma4,caption_similarity,Appendix Figure A1,mean image-conditioned cosine similarity,M/Low /Prog/Anal,M/High/Cons/Anal,0.89542394876480103
gemma-4-E4B-it_t01,Gemma4,caption_similarity,Appendix Figure A1,mean image-conditioned cosine similarity,M/Low /Prog/Empa,M/High/Cons/Anal,0.88633370399475098
gemma-4-E4B-it_t01,Gemma4,caption_similarity,Appendix Figure A1,mean image-conditioned cosine similarity,M/Low /Prog/Prag,M/High/Cons/Anal,0.88776034116744995
gemma-4-E4B-it_t01,Gemma4,caption_similarity,Appendix Figure A1,mean image-conditioned cosine similarity,F/High/Cons/Anal,M/High/Cons/Empa,0.91172254085540771
gemma-4-E4B-it_t01,Gemma4,caption_similarity,Appendix Figure A1,mean image-conditioned cosine similarity,F/High/Cons/Empa,M/High/Cons/Empa,0.92268490791320801
gemma-4-E4B-it_t01,Gemma4,caption_similarity,Appendix Figure A1,mean image-conditioned cosine similarity,F/High/Cons/Prag,M/High/Cons/Empa,0.91247451305389404
gemma-4-E4B-it_t01,Gemma4,caption_similarity,Appendix Figure A1,mean image-conditioned cosine similarity,F/High/Prog/Anal,M/High/Cons/Empa,0.91005510091781616
gemma-4-E4B-it_t01,Gemma4,caption_similarity,Appendix Figure A1,mean image-conditioned cosine similarity,F/High/Prog/Empa,M/High/Cons/Empa,0.91035044193267822
gemma-4-E4B-it_t01,Gemma4,caption_similarity,Appendix Figure A1,mean image-conditioned cosine similarity,F/High/Prog/Prag,M/High/Cons/Empa,0.91800910234451294
gemma-4-E4B-it_t01,Gemma4,caption_similarity,Appendix Figure A1,mean image-conditioned cosine similarity,F/Low /Cons/Anal,M/High/Cons/Empa,0.8937983512878418
gemma-4-E4B-it_t01,Gemma4,caption_similarity,Appendix Figure A1,mean image-conditioned cosine similarity,F/Low /Cons/Empa,M/High/Cons/Empa,0.8994821310043335
gemma-4-E4B-it_t01,Gemma4,caption_similarity,Appendix Figure A1,mean image-conditioned cosine similarity,F/Low /Cons/Prag,M/High/Cons/Empa,0.89163637161254883
gemma-4-E4B-it_t01,Gemma4,caption_similarity,Appendix Figure A1,mean image-conditioned cosine similarity,F/Low /Prog/Anal,M/High/Cons/Empa,0.89559364318847656
gemma-4-E4B-it_t01,Gemma4,caption_similarity,Appendix Figure A1,mean image-conditioned cosine similarity,F/Low /Prog/Empa,M/High/Cons/Empa,0.90099203586578369
gemma-4-E4B-it_t01,Gemma4,caption_similarity,Appendix Figure A1,mean image-conditioned cosine similarity,F/Low /Prog/Prag,M/High/Cons/Empa,0.89613014459609985
gemma-4-E4B-it_t01,Gemma4,caption_similarity,Appendix Figure A1,mean image-conditioned cosine similarity,M/High/Cons/Anal,M/High/Cons/Empa,0.90388888120651245
gemma-4-E4B-it_t01,Gemma4,caption_similarity,Appendix Figure A1,mean image-conditioned cosine similarity,M/High/Cons/Empa,M/High/Cons/Empa,0.93645738124847411
gemma-4-E4B-it_t01,Gemma4,caption_similarity,Appendix Figure A1,mean image-conditioned cosine similarity,M/High/Cons/Prag,M/High/Cons/Empa,0.91075211763381958
gemma-4-E4B-it_t01,Gemma4,caption_similarity,Appendix Figure A1,mean image-conditioned cosine similarity,M/High/Prog/Anal,M/High/Cons/Empa,0.90516930818557739
gemma-4-E4B-it_t01,Gemma4,caption_similarity,Appendix Figure A1,mean image-conditioned cosine similarity,M/High/Prog/Empa,M/High/Cons/Empa,0.91651731729507446
gemma-4-E4B-it_t01,Gemma4,caption_similarity,Appendix Figure A1,mean image-conditioned cosine similarity,M/High/Prog/Prag,M/High/Cons/Empa,0.91834521293640137
gemma-4-E4B-it_t01,Gemma4,caption_similarity,Appendix Figure A1,mean image-conditioned cosine similarity,M/Low /Cons/Anal,M/High/Cons/Empa,0.89123445749282837
gemma-4-E4B-it_t01,Gemma4,caption_similarity,Appendix Figure A1,mean image-conditioned cosine similarity,M/Low /Cons/Empa,M/High/Cons/Empa,0.89955407381057739
gemma-4-E4B-it_t01,Gemma4,caption_similarity,Appendix Figure A1,mean image-conditioned cosine similarity,M/Low /Cons/Prag,M/High/Cons/Empa,0.88985776901245117
gemma-4-E4B-it_t01,Gemma4,caption_similarity,Appendix Figure A1,mean image-conditioned cosine similarity,M/Low /Prog/Anal,M/High/Cons/Empa,0.90270459651947021
gemma-4-E4B-it_t01,Gemma4,caption_similarity,Appendix Figure A1,mean image-conditioned cosine similarity,M/Low /Prog/Empa,M/High/Cons/Empa,0.90605932474136353
gemma-4-E4B-it_t01,Gemma4,caption_similarity,Appendix Figure A1,mean image-conditioned cosine similarity,M/Low /Prog/Prag,M/High/Cons/Empa,0.8992612361907959
gemma-4-E4B-it_t01,Gemma4,caption_similarity,Appendix Figure A1,mean image-conditioned cosine similarity,F/High/Cons/Anal,M/High/Cons/Prag,0.91883093118667603
gemma-4-E4B-it_t01,Gemma4,caption_similarity,Appendix Figure A1,mean image-conditioned cosine similarity,F/High/Cons/Empa,M/High/Cons/Prag,0.90630531311035156
gemma-4-E4B-it_t01,Gemma4,caption_similarity,Appendix Figure A1,mean image-conditioned cosine similarity,F/High/Cons/Prag,M/High/Cons/Prag,0.92491477727890015
gemma-4-E4B-it_t01,Gemma4,caption_similarity,Appendix Figure A1,mean image-conditioned cosine similarity,F/High/Prog/Anal,M/High/Cons/Prag,0.89925539493560791
gemma-4-E4B-it_t01,Gemma4,caption_similarity,Appendix Figure A1,mean image-conditioned cosine similarity,F/High/Prog/Empa,M/High/Cons/Prag,0.89616912603378296
gemma-4-E4B-it_t01,Gemma4,caption_similarity,Appendix Figure A1,mean image-conditioned cosine similarity,F/High/Prog/Prag,M/High/Cons/Prag,0.90957510471343994
gemma-4-E4B-it_t01,Gemma4,caption_similarity,Appendix Figure A1,mean image-conditioned cosine similarity,F/Low /Cons/Anal,M/High/Cons/Prag,0.90215814113616943
gemma-4-E4B-it_t01,Gemma4,caption_similarity,Appendix Figure A1,mean image-conditioned cosine similarity,F/Low /Cons/Empa,M/High/Cons/Prag,0.8980553150177002
gemma-4-E4B-it_t01,Gemma4,caption_similarity,Appendix Figure A1,mean image-conditioned cosine similarity,F/Low /Cons/Prag,M/High/Cons/Prag,0.89612436294555664
gemma-4-E4B-it_t01,Gemma4,caption_similarity,Appendix Figure A1,mean image-conditioned cosine similarity,F/Low /Prog/Anal,M/High/Cons/Prag,0.90100860595703125
gemma-4-E4B-it_t01,Gemma4,caption_similarity,Appendix Figure A1,mean image-conditioned cosine similarity,F/Low /Prog/Empa,M/High/Cons/Prag,0.89184439182281494
gemma-4-E4B-it_t01,Gemma4,caption_similarity,Appendix Figure A1,mean image-conditioned cosine similarity,F/Low /Prog/Prag,M/High/Cons/Prag,0.9023507833480835
gemma-4-E4B-it_t01,Gemma4,caption_similarity,Appendix Figure A1,mean image-conditioned cosine similarity,M/High/Cons/Anal,M/High/Cons/Prag,0.91549265384674072
gemma-4-E4B-it_t01,Gemma4,caption_similarity,Appendix Figure A1,mean image-conditioned cosine similarity,M/High/Cons/Empa,M/High/Cons/Prag,0.91075211763381958
gemma-4-E4B-it_t01,Gemma4,caption_similarity,Appendix Figure A1,mean image-conditioned cosine similarity,M/High/Cons/Prag,M/High/Cons/Prag,0.9330008327960968
gemma-4-E4B-it_t01,Gemma4,caption_similarity,Appendix Figure A1,mean image-conditioned cosine similarity,M/High/Prog/Anal,M/High/Cons/Prag,0.89859980344772339
gemma-4-E4B-it_t01,Gemma4,caption_similarity,Appendix Figure A1,mean image-conditioned cosine similarity,M/High/Prog/Empa,M/High/Cons/Prag,0.89998328685760498
gemma-4-E4B-it_t01,Gemma4,caption_similarity,Appendix Figure A1,mean image-conditioned cosine similarity,M/High/Prog/Prag,M/High/Cons/Prag,0.91287344694137573
gemma-4-E4B-it_t01,Gemma4,caption_similarity,Appendix Figure A1,mean image-conditioned cosine similarity,M/Low /Cons/Anal,M/High/Cons/Prag,0.90043646097183228
gemma-4-E4B-it_t01,Gemma4,caption_similarity,Appendix Figure A1,mean image-conditioned cosine similarity,M/Low /Cons/Empa,M/High/Cons/Prag,0.89942580461502075
gemma-4-E4B-it_t01,Gemma4,caption_similarity,Appendix Figure A1,mean image-conditioned cosine similarity,M/Low /Cons/Prag,M/High/Cons/Prag,0.89743262529373169
gemma-4-E4B-it_t01,Gemma4,caption_similarity,Appendix Figure A1,mean image-conditioned cosine similarity,M/Low /Prog/Anal,M/High/Cons/Prag,0.90998387336730957
gemma-4-E4B-it_t01,Gemma4,caption_similarity,Appendix Figure A1,mean image-conditioned cosine similarity,M/Low /Prog/Empa,M/High/Cons/Prag,0.90166723728179932
gemma-4-E4B-it_t01,Gemma4,caption_similarity,Appendix Figure A1,mean image-conditioned cosine similarity,M/Low /Prog/Prag,M/High/Cons/Prag,0.90528953075408936
gemma-4-E4B-it_t01,Gemma4,caption_similarity,Appendix Figure A1,mean image-conditioned cosine similarity,F/High/Cons/Anal,M/High/Prog/Anal,0.90943032503128052
gemma-4-E4B-it_t01,Gemma4,caption_similarity,Appendix Figure A1,mean image-conditioned cosine similarity,F/High/Cons/Empa,M/High/Prog/Anal,0.90209662914276123
gemma-4-E4B-it_t01,Gemma4,caption_similarity,Appendix Figure A1,mean image-conditioned cosine similarity,F/High/Cons/Prag,M/High/Prog/Anal,0.89377593994140625
gemma-4-E4B-it_t01,Gemma4,caption_similarity,Appendix Figure A1,mean image-conditioned cosine similarity,F/High/Prog/Anal,M/High/Prog/Anal,0.92464965581893921
gemma-4-E4B-it_t01,Gemma4,caption_similarity,Appendix Figure A1,mean image-conditioned cosine similarity,F/High/Prog/Empa,M/High/Prog/Anal,0.90671646595001221
gemma-4-E4B-it_t01,Gemma4,caption_similarity,Appendix Figure A1,mean image-conditioned cosine similarity,F/High/Prog/Prag,M/High/Prog/Anal,0.91237658262252808
gemma-4-E4B-it_t01,Gemma4,caption_similarity,Appendix Figure A1,mean image-conditioned cosine similarity,F/Low /Cons/Anal,M/High/Prog/Anal,0.8818250298500061
gemma-4-E4B-it_t01,Gemma4,caption_similarity,Appendix Figure A1,mean image-conditioned cosine similarity,F/Low /Cons/Empa,M/High/Prog/Anal,0.87648791074752808
gemma-4-E4B-it_t01,Gemma4,caption_similarity,Appendix Figure A1,mean image-conditioned cosine similarity,F/Low /Cons/Prag,M/High/Prog/Anal,0.87398087978363037
gemma-4-E4B-it_t01,Gemma4,caption_similarity,Appendix Figure A1,mean image-conditioned cosine similarity,F/Low /Prog/Anal,M/High/Prog/Anal,0.89431142807006836
gemma-4-E4B-it_t01,Gemma4,caption_similarity,Appendix Figure A1,mean image-conditioned cosine similarity,F/Low /Prog/Empa,M/High/Prog/Anal,0.88406705856323242
gemma-4-E4B-it_t01,Gemma4,caption_similarity,Appendix Figure A1,mean image-conditioned cosine similarity,F/Low /Prog/Prag,M/High/Prog/Anal,0.88088440895080566
gemma-4-E4B-it_t01,Gemma4,caption_similarity,Appendix Figure A1,mean image-conditioned cosine similarity,M/High/Cons/Anal,M/High/Prog/Anal,0.90753090381622314
gemma-4-E4B-it_t01,Gemma4,caption_similarity,Appendix Figure A1,mean image-conditioned cosine similarity,M/High/Cons/Empa,M/High/Prog/Anal,0.90516930818557739
gemma-4-E4B-it_t01,Gemma4,caption_similarity,Appendix Figure A1,mean image-conditioned cosine similarity,M/High/Cons/Prag,M/High/Prog/Anal,0.89859980344772339
gemma-4-E4B-it_t01,Gemma4,caption_similarity,Appendix Figure A1,mean image-conditioned cosine similarity,M/High/Prog/Anal,M/High/Prog/Anal,0.93163213729858396
gemma-4-E4B-it_t01,Gemma4,caption_similarity,Appendix Figure A1,mean image-conditioned cosine similarity,M/High/Prog/Empa,M/High/Prog/Anal,0.9121023416519165
gemma-4-E4B-it_t01,Gemma4,caption_similarity,Appendix Figure A1,mean image-conditioned cosine similarity,M/High/Prog/Prag,M/High/Prog/Anal,0.91459488868713379
gemma-4-E4B-it_t01,Gemma4,caption_similarity,Appendix Figure A1,mean image-conditioned cosine similarity,M/Low /Cons/Anal,M/High/Prog/Anal,0.88298124074935913
gemma-4-E4B-it_t01,Gemma4,caption_similarity,Appendix Figure A1,mean image-conditioned cosine similarity,M/Low /Cons/Empa,M/High/Prog/Anal,0.87972885370254517
gemma-4-E4B-it_t01,Gemma4,caption_similarity,Appendix Figure A1,mean image-conditioned cosine similarity,M/Low /Cons/Prag,M/High/Prog/Anal,0.87484705448150635
gemma-4-E4B-it_t01,Gemma4,caption_similarity,Appendix Figure A1,mean image-conditioned cosine similarity,M/Low /Prog/Anal,M/High/Prog/Anal,0.89855486154556274
gemma-4-E4B-it_t01,Gemma4,caption_similarity,Appendix Figure A1,mean image-conditioned cosine similarity,M/Low /Prog/Empa,M/High/Prog/Anal,0.89133608341217041
gemma-4-E4B-it_t01,Gemma4,caption_similarity,Appendix Figure A1,mean image-conditioned cosine similarity,M/Low /Prog/Prag,M/High/Prog/Anal,0.88225072622299194
gemma-4-E4B-it_t01,Gemma4,caption_similarity,Appendix Figure A1,mean image-conditioned cosine similarity,F/High/Cons/Anal,M/High/Prog/Empa,0.90662956237792969
gemma-4-E4B-it_t01,Gemma4,caption_similarity,Appendix Figure A1,mean image-conditioned cosine similarity,F/High/Cons/Empa,M/High/Prog/Empa,0.91731417179107666
gemma-4-E4B-it_t01,Gemma4,caption_similarity,Appendix Figure A1,mean image-conditioned cosine similarity,F/High/Cons/Prag,M/High/Prog/Empa,0.89977216720581055
gemma-4-E4B-it_t01,Gemma4,caption_similarity,Appendix Figure A1,mean image-conditioned cosine similarity,F/High/Prog/Anal,M/High/Prog/Empa,0.91489768028259277
gemma-4-E4B-it_t01,Gemma4,caption_similarity,Appendix Figure A1,mean image-conditioned cosine similarity,F/High/Prog/Empa,M/High/Prog/Empa,0.92728841304779053
gemma-4-E4B-it_t01,Gemma4,caption_similarity,Appendix Figure A1,mean image-conditioned cosine similarity,F/High/Prog/Prag,M/High/Prog/Empa,0.91358685493469238
gemma-4-E4B-it_t01,Gemma4,caption_similarity,Appendix Figure A1,mean image-conditioned cosine similarity,F/Low /Cons/Anal,M/High/Prog/Empa,0.88508826494216919
gemma-4-E4B-it_t01,Gemma4,caption_similarity,Appendix Figure A1,mean image-conditioned cosine similarity,F/Low /Cons/Empa,M/High/Prog/Empa,0.88621222972869873
gemma-4-E4B-it_t01,Gemma4,caption_similarity,Appendix Figure A1,mean image-conditioned cosine similarity,F/Low /Cons/Prag,M/High/Prog/Empa,0.88164418935775757
gemma-4-E4B-it_t01,Gemma4,caption_similarity,Appendix Figure A1,mean image-conditioned cosine similarity,F/Low /Prog/Anal,M/High/Prog/Empa,0.89033585786819458
gemma-4-E4B-it_t01,Gemma4,caption_similarity,Appendix Figure A1,mean image-conditioned cosine similarity,F/Low /Prog/Empa,M/High/Prog/Empa,0.8921208381652832
gemma-4-E4B-it_t01,Gemma4,caption_similarity,Appendix Figure A1,mean image-conditioned cosine similarity,F/Low /Prog/Prag,M/High/Prog/Empa,0.88446253538131714
gemma-4-E4B-it_t01,Gemma4,caption_similarity,Appendix Figure A1,mean image-conditioned cosine similarity,M/High/Cons/Anal,M/High/Prog/Empa,0.89767509698867798
gemma-4-E4B-it_t01,Gemma4,caption_similarity,Appendix Figure A1,mean image-conditioned cosine similarity,M/High/Cons/Empa,M/High/Prog/Empa,0.91651731729507446
gemma-4-E4B-it_t01,Gemma4,caption_similarity,Appendix Figure A1,mean image-conditioned cosine similarity,M/High/Cons/Prag,M/High/Prog/Empa,0.89998328685760498
gemma-4-E4B-it_t01,Gemma4,caption_similarity,Appendix Figure A1,mean image-conditioned cosine similarity,M/High/Prog/Anal,M/High/Prog/Empa,0.9121023416519165
gemma-4-E4B-it_t01,Gemma4,caption_similarity,Appendix Figure A1,mean image-conditioned cosine similarity,M/High/Prog/Empa,M/High/Prog/Empa,0.93444238424301151
gemma-4-E4B-it_t01,Gemma4,caption_similarity,Appendix Figure A1,mean image-conditioned cosine similarity,M/High/Prog/Prag,M/High/Prog/Empa,0.91349959373474121
gemma-4-E4B-it_t01,Gemma4,caption_similarity,Appendix Figure A1,mean image-conditioned cosine similarity,M/Low /Cons/Anal,M/High/Prog/Empa,0.88148200511932373
gemma-4-E4B-it_t01,Gemma4,caption_similarity,Appendix Figure A1,mean image-conditioned cosine similarity,M/Low /Cons/Empa,M/High/Prog/Empa,0.88561248779296875
gemma-4-E4B-it_t01,Gemma4,caption_similarity,Appendix Figure A1,mean image-conditioned cosine similarity,M/Low /Cons/Prag,M/High/Prog/Empa,0.88215917348861694
gemma-4-E4B-it_t01,Gemma4,caption_similarity,Appendix Figure A1,mean image-conditioned cosine similarity,M/Low /Prog/Anal,M/High/Prog/Empa,0.89363014698028564
gemma-4-E4B-it_t01,Gemma4,caption_similarity,Appendix Figure A1,mean image-conditioned cosine similarity,M/Low /Prog/Empa,M/High/Prog/Empa,0.89710962772369385
gemma-4-E4B-it_t01,Gemma4,caption_similarity,Appendix Figure A1,mean image-conditioned cosine similarity,M/Low /Prog/Prag,M/High/Prog/Empa,0.89106637239456177
gemma-4-E4B-it_t01,Gemma4,caption_similarity,Appendix Figure A1,mean image-conditioned cosine similarity,F/High/Cons/Anal,M/High/Prog/Prag,0.91461598873138428
gemma-4-E4B-it_t01,Gemma4,caption_similarity,Appendix Figure A1,mean image-conditioned cosine similarity,F/High/Cons/Empa,M/High/Prog/Prag,0.90879517793655396
gemma-4-E4B-it_t01,Gemma4,caption_similarity,Appendix Figure A1,mean image-conditioned cosine similarity,F/High/Cons/Prag,M/High/Prog/Prag,0.90831178426742554
gemma-4-E4B-it_t01,Gemma4,caption_similarity,Appendix Figure A1,mean image-conditioned cosine similarity,F/High/Prog/Anal,M/High/Prog/Prag,0.91713243722915649
gemma-4-E4B-it_t01,Gemma4,caption_similarity,Appendix Figure A1,mean image-conditioned cosine similarity,F/High/Prog/Empa,M/High/Prog/Prag,0.91060757637023926
gemma-4-E4B-it_t01,Gemma4,caption_similarity,Appendix Figure A1,mean image-conditioned cosine similarity,F/High/Prog/Prag,M/High/Prog/Prag,0.92305940389633179
gemma-4-E4B-it_t01,Gemma4,caption_similarity,Appendix Figure A1,mean image-conditioned cosine similarity,F/Low /Cons/Anal,M/High/Prog/Prag,0.88426375389099121
gemma-4-E4B-it_t01,Gemma4,caption_similarity,Appendix Figure A1,mean image-conditioned cosine similarity,F/Low /Cons/Empa,M/High/Prog/Prag,0.885231614112854
gemma-4-E4B-it_t01,Gemma4,caption_similarity,Appendix Figure A1,mean image-conditioned cosine similarity,F/Low /Cons/Prag,M/High/Prog/Prag,0.87744027376174927
gemma-4-E4B-it_t01,Gemma4,caption_similarity,Appendix Figure A1,mean image-conditioned cosine similarity,F/Low /Prog/Anal,M/High/Prog/Prag,0.89948809146881104
gemma-4-E4B-it_t01,Gemma4,caption_similarity,Appendix Figure A1,mean image-conditioned cosine similarity,F/Low /Prog/Empa,M/High/Prog/Prag,0.89234346151351929
gemma-4-E4B-it_t01,Gemma4,caption_similarity,Appendix Figure A1,mean image-conditioned cosine similarity,F/Low /Prog/Prag,M/High/Prog/Prag,0.89252996444702148
gemma-4-E4B-it_t01,Gemma4,caption_similarity,Appendix Figure A1,mean image-conditioned cosine similarity,M/High/Cons/Anal,M/High/Prog/Prag,0.90462410449981689
gemma-4-E4B-it_t01,Gemma4,caption_similarity,Appendix Figure A1,mean image-conditioned cosine similarity,M/High/Cons/Empa,M/High/Prog/Prag,0.91834521293640137
gemma-4-E4B-it_t01,Gemma4,caption_similarity,Appendix Figure A1,mean image-conditioned cosine similarity,M/High/Cons/Prag,M/High/Prog/Prag,0.91287344694137573
gemma-4-E4B-it_t01,Gemma4,caption_similarity,Appendix Figure A1,mean image-conditioned cosine similarity,M/High/Prog/Anal,M/High/Prog/Prag,0.91459488868713379
gemma-4-E4B-it_t01,Gemma4,caption_similarity,Appendix Figure A1,mean image-conditioned cosine similarity,M/High/Prog/Empa,M/High/Prog/Prag,0.91349959373474121
gemma-4-E4B-it_t01,Gemma4,caption_similarity,Appendix Figure A1,mean image-conditioned cosine similarity,M/High/Prog/Prag,M/High/Prog/Prag,0.93683360934257509
gemma-4-E4B-it_t01,Gemma4,caption_similarity,Appendix Figure A1,mean image-conditioned cosine similarity,M/Low /Cons/Anal,M/High/Prog/Prag,0.88433432579040527
gemma-4-E4B-it_t01,Gemma4,caption_similarity,Appendix Figure A1,mean image-conditioned cosine similarity,M/Low /Cons/Empa,M/High/Prog/Prag,0.88519936800003052
gemma-4-E4B-it_t01,Gemma4,caption_similarity,Appendix Figure A1,mean image-conditioned cosine similarity,M/Low /Cons/Prag,M/High/Prog/Prag,0.88169234991073608
gemma-4-E4B-it_t01,Gemma4,caption_similarity,Appendix Figure A1,mean image-conditioned cosine similarity,M/Low /Prog/Anal,M/High/Prog/Prag,0.90854817628860474
gemma-4-E4B-it_t01,Gemma4,caption_similarity,Appendix Figure A1,mean image-conditioned cosine similarity,M/Low /Prog/Empa,M/High/Prog/Prag,0.90243607759475708
gemma-4-E4B-it_t01,Gemma4,caption_similarity,Appendix Figure A1,mean image-conditioned cosine similarity,M/Low /Prog/Prag,M/High/Prog/Prag,0.8932538628578186
gemma-4-E4B-it_t01,Gemma4,caption_similarity,Appendix Figure A1,mean image-conditioned cosine similarity,F/High/Cons/Anal,M/Low /Cons/Anal,0.88693702220916748
gemma-4-E4B-it_t01,Gemma4,caption_similarity,Appendix Figure A1,mean image-conditioned cosine similarity,F/High/Cons/Empa,M/Low /Cons/Anal,0.89277708530426025
gemma-4-E4B-it_t01,Gemma4,caption_similarity,Appendix Figure A1,mean image-conditioned cosine similarity,F/High/Cons/Prag,M/Low /Cons/Anal,0.89901453256607056
gemma-4-E4B-it_t01,Gemma4,caption_similarity,Appendix Figure A1,mean image-conditioned cosine similarity,F/High/Prog/Anal,M/Low /Cons/Anal,0.87978857755661011
gemma-4-E4B-it_t01,Gemma4,caption_similarity,Appendix Figure A1,mean image-conditioned cosine similarity,F/High/Prog/Empa,M/Low /Cons/Anal,0.88014775514602661
gemma-4-E4B-it_t01,Gemma4,caption_similarity,Appendix Figure A1,mean image-conditioned cosine similarity,F/High/Prog/Prag,M/Low /Cons/Anal,0.88706254959106445
gemma-4-E4B-it_t01,Gemma4,caption_similarity,Appendix Figure A1,mean image-conditioned cosine similarity,F/Low /Cons/Anal,M/Low /Cons/Anal,0.92890459299087524
gemma-4-E4B-it_t01,Gemma4,caption_similarity,Appendix Figure A1,mean image-conditioned cosine similarity,F/Low /Cons/Empa,M/Low /Cons/Anal,0.9048197865486145
gemma-4-E4B-it_t01,Gemma4,caption_similarity,Appendix Figure A1,mean image-conditioned cosine similarity,F/Low /Cons/Prag,M/Low /Cons/Anal,0.92102295160293579
gemma-4-E4B-it_t01,Gemma4,caption_similarity,Appendix Figure A1,mean image-conditioned cosine similarity,F/Low /Prog/Anal,M/Low /Cons/Anal,0.89950722455978394
gemma-4-E4B-it_t01,Gemma4,caption_similarity,Appendix Figure A1,mean image-conditioned cosine similarity,F/Low /Prog/Empa,M/Low /Cons/Anal,0.88684439659118652
gemma-4-E4B-it_t01,Gemma4,caption_similarity,Appendix Figure A1,mean image-conditioned cosine similarity,F/Low /Prog/Prag,M/Low /Cons/Anal,0.90627694129943848
gemma-4-E4B-it_t01,Gemma4,caption_similarity,Appendix Figure A1,mean image-conditioned cosine similarity,M/High/Cons/Anal,M/Low /Cons/Anal,0.896523118019104
gemma-4-E4B-it_t01,Gemma4,caption_similarity,Appendix Figure A1,mean image-conditioned cosine similarity,M/High/Cons/Empa,M/Low /Cons/Anal,0.89123445749282837
gemma-4-E4B-it_t01,Gemma4,caption_similarity,Appendix Figure A1,mean image-conditioned cosine similarity,M/High/Cons/Prag,M/Low /Cons/Anal,0.90043646097183228
gemma-4-E4B-it_t01,Gemma4,caption_similarity,Appendix Figure A1,mean image-conditioned cosine similarity,M/High/Prog/Anal,M/Low /Cons/Anal,0.88298124074935913
gemma-4-E4B-it_t01,Gemma4,caption_similarity,Appendix Figure A1,mean image-conditioned cosine similarity,M/High/Prog/Empa,M/Low /Cons/Anal,0.88148200511932373
gemma-4-E4B-it_t01,Gemma4,caption_similarity,Appendix Figure A1,mean image-conditioned cosine similarity,M/High/Prog/Prag,M/Low /Cons/Anal,0.88433432579040527
gemma-4-E4B-it_t01,Gemma4,caption_similarity,Appendix Figure A1,mean image-conditioned cosine similarity,M/Low /Cons/Anal,M/Low /Cons/Anal,0.93861014366149897
gemma-4-E4B-it_t01,Gemma4,caption_similarity,Appendix Figure A1,mean image-conditioned cosine similarity,M/Low /Cons/Empa,M/Low /Cons/Anal,0.91894608736038208
gemma-4-E4B-it_t01,Gemma4,caption_similarity,Appendix Figure A1,mean image-conditioned cosine similarity,M/Low /Cons/Prag,M/Low /Cons/Anal,0.92136168479919434
gemma-4-E4B-it_t01,Gemma4,caption_similarity,Appendix Figure A1,mean image-conditioned cosine similarity,M/Low /Prog/Anal,M/Low /Cons/Anal,0.90708023309707642
gemma-4-E4B-it_t01,Gemma4,caption_similarity,Appendix Figure A1,mean image-conditioned cosine similarity,M/Low /Prog/Empa,M/Low /Cons/Anal,0.89711344242095947
gemma-4-E4B-it_t01,Gemma4,caption_similarity,Appendix Figure A1,mean image-conditioned cosine similarity,M/Low /Prog/Prag,M/Low /Cons/Anal,0.91051584482192993
gemma-4-E4B-it_t01,Gemma4,caption_similarity,Appendix Figure A1,mean image-conditioned cosine similarity,F/High/Cons/Anal,M/Low /Cons/Empa,0.89212334156036377
gemma-4-E4B-it_t01,Gemma4,caption_similarity,Appendix Figure A1,mean image-conditioned cosine similarity,F/High/Cons/Empa,M/Low /Cons/Empa,0.90509229898452759
gemma-4-E4B-it_t01,Gemma4,caption_similarity,Appendix Figure A1,mean image-conditioned cosine similarity,F/High/Cons/Prag,M/Low /Cons/Empa,0.90782678127288818
gemma-4-E4B-it_t01,Gemma4,caption_similarity,Appendix Figure A1,mean image-conditioned cosine similarity,F/High/Prog/Anal,M/Low /Cons/Empa,0.88362264633178711
gemma-4-E4B-it_t01,Gemma4,caption_similarity,Appendix Figure A1,mean image-conditioned cosine similarity,F/High/Prog/Empa,M/Low /Cons/Empa,0.8883247971534729
gemma-4-E4B-it_t01,Gemma4,caption_similarity,Appendix Figure A1,mean image-conditioned cosine similarity,F/High/Prog/Prag,M/Low /Cons/Empa,0.89473772048950195
gemma-4-E4B-it_t01,Gemma4,caption_similarity,Appendix Figure A1,mean image-conditioned cosine similarity,F/Low /Cons/Anal,M/Low /Cons/Empa,0.93004226684570312
gemma-4-E4B-it_t01,Gemma4,caption_similarity,Appendix Figure A1,mean image-conditioned cosine similarity,F/Low /Cons/Empa,M/Low /Cons/Empa,0.93076539039611816
gemma-4-E4B-it_t01,Gemma4,caption_similarity,Appendix Figure A1,mean image-conditioned cosine similarity,F/Low /Cons/Prag,M/Low /Cons/Empa,0.93095588684082031
gemma-4-E4B-it_t01,Gemma4,caption_similarity,Appendix Figure A1,mean image-conditioned cosine similarity,F/Low /Prog/Anal,M/Low /Cons/Empa,0.90498107671737671
gemma-4-E4B-it_t01,Gemma4,caption_similarity,Appendix Figure A1,mean image-conditioned cosine similarity,F/Low /Prog/Empa,M/Low /Cons/Empa,0.91132020950317383
gemma-4-E4B-it_t01,Gemma4,caption_similarity,Appendix Figure A1,mean image-conditioned cosine similarity,F/Low /Prog/Prag,M/Low /Cons/Empa,0.92552846670150757
gemma-4-E4B-it_t01,Gemma4,caption_similarity,Appendix Figure A1,mean image-conditioned cosine similarity,M/High/Cons/Anal,M/Low /Cons/Empa,0.88548439741134644
gemma-4-E4B-it_t01,Gemma4,caption_similarity,Appendix Figure A1,mean image-conditioned cosine similarity,M/High/Cons/Empa,M/Low /Cons/Empa,0.89955407381057739
gemma-4-E4B-it_t01,Gemma4,caption_similarity,Appendix Figure A1,mean image-conditioned cosine similarity,M/High/Cons/Prag,M/Low /Cons/Empa,0.89942580461502075
gemma-4-E4B-it_t01,Gemma4,caption_similarity,Appendix Figure A1,mean image-conditioned cosine similarity,M/High/Prog/Anal,M/Low /Cons/Empa,0.87972885370254517
gemma-4-E4B-it_t01,Gemma4,caption_similarity,Appendix Figure A1,mean image-conditioned cosine similarity,M/High/Prog/Empa,M/Low /Cons/Empa,0.88561248779296875
gemma-4-E4B-it_t01,Gemma4,caption_similarity,Appendix Figure A1,mean image-conditioned cosine similarity,M/High/Prog/Prag,M/Low /Cons/Empa,0.88519936800003052
gemma-4-E4B-it_t01,Gemma4,caption_similarity,Appendix Figure A1,mean image-conditioned cosine similarity,M/Low /Cons/Anal,M/Low /Cons/Empa,0.91894608736038208
gemma-4-E4B-it_t01,Gemma4,caption_similarity,Appendix Figure A1,mean image-conditioned cosine similarity,M/Low /Cons/Empa,M/Low /Cons/Empa,0.94476594209671017
gemma-4-E4B-it_t01,Gemma4,caption_similarity,Appendix Figure A1,mean image-conditioned cosine similarity,M/Low /Cons/Prag,M/Low /Cons/Empa,0.92455410957336426
gemma-4-E4B-it_t01,Gemma4,caption_similarity,Appendix Figure A1,mean image-conditioned cosine similarity,M/Low /Prog/Anal,M/Low /Cons/Empa,0.90654134750366211
gemma-4-E4B-it_t01,Gemma4,caption_similarity,Appendix Figure A1,mean image-conditioned cosine similarity,M/Low /Prog/Empa,M/Low /Cons/Empa,0.91537564992904663
gemma-4-E4B-it_t01,Gemma4,caption_similarity,Appendix Figure A1,mean image-conditioned cosine similarity,M/Low /Prog/Prag,M/Low /Cons/Empa,0.91985452175140381
gemma-4-E4B-it_t01,Gemma4,caption_similarity,Appendix Figure A1,mean image-conditioned cosine similarity,F/High/Cons/Anal,M/Low /Cons/Prag,0.88529008626937866
gemma-4-E4B-it_t01,Gemma4,caption_similarity,Appendix Figure A1,mean image-conditioned cosine similarity,F/High/Cons/Empa,M/Low /Cons/Prag,0.89641499519348145
gemma-4-E4B-it_t01,Gemma4,caption_similarity,Appendix Figure A1,mean image-conditioned cosine similarity,F/High/Cons/Prag,M/Low /Cons/Prag,0.90097010135650635
gemma-4-E4B-it_t01,Gemma4,caption_similarity,Appendix Figure A1,mean image-conditioned cosine similarity,F/High/Prog/Anal,M/Low /Cons/Prag,0.87680786848068237
gemma-4-E4B-it_t01,Gemma4,caption_similarity,Appendix Figure A1,mean image-conditioned cosine similarity,F/High/Prog/Empa,M/Low /Cons/Prag,0.8825945258140564
gemma-4-E4B-it_t01,Gemma4,caption_similarity,Appendix Figure A1,mean image-conditioned cosine similarity,F/High/Prog/Prag,M/Low /Cons/Prag,0.88559168577194214
gemma-4-E4B-it_t01,Gemma4,caption_similarity,Appendix Figure A1,mean image-conditioned cosine similarity,F/Low /Cons/Anal,M/Low /Cons/Prag,0.92812573909759521
gemma-4-E4B-it_t01,Gemma4,caption_similarity,Appendix Figure A1,mean image-conditioned cosine similarity,F/Low /Cons/Empa,M/Low /Cons/Prag,0.91485017538070679
gemma-4-E4B-it_t01,Gemma4,caption_similarity,Appendix Figure A1,mean image-conditioned cosine similarity,F/Low /Cons/Prag,M/Low /Cons/Prag,0.93082082271575928
gemma-4-E4B-it_t01,Gemma4,caption_similarity,Appendix Figure A1,mean image-conditioned cosine similarity,F/Low /Prog/Anal,M/Low /Cons/Prag,0.89894270896911621
gemma-4-E4B-it_t01,Gemma4,caption_similarity,Appendix Figure A1,mean image-conditioned cosine similarity,F/Low /Prog/Empa,M/Low /Cons/Prag,0.89689743518829346
gemma-4-E4B-it_t01,Gemma4,caption_similarity,Appendix Figure A1,mean image-conditioned cosine similarity,F/Low /Prog/Prag,M/Low /Cons/Prag,0.91556191444396973
gemma-4-E4B-it_t01,Gemma4,caption_similarity,Appendix Figure A1,mean image-conditioned cosine similarity,M/High/Cons/Anal,M/Low /Cons/Prag,0.88417237997055054
gemma-4-E4B-it_t01,Gemma4,caption_similarity,Appendix Figure A1,mean image-conditioned cosine similarity,M/High/Cons/Empa,M/Low /Cons/Prag,0.88985776901245117
gemma-4-E4B-it_t01,Gemma4,caption_similarity,Appendix Figure A1,mean image-conditioned cosine similarity,M/High/Cons/Prag,M/Low /Cons/Prag,0.89743262529373169
gemma-4-E4B-it_t01,Gemma4,caption_similarity,Appendix Figure A1,mean image-conditioned cosine similarity,M/High/Prog/Anal,M/Low /Cons/Prag,0.87484705448150635
gemma-4-E4B-it_t01,Gemma4,caption_similarity,Appendix Figure A1,mean image-conditioned cosine similarity,M/High/Prog/Empa,M/Low /Cons/Prag,0.88215917348861694
gemma-4-E4B-it_t01,Gemma4,caption_similarity,Appendix Figure A1,mean image-conditioned cosine similarity,M/High/Prog/Prag,M/Low /Cons/Prag,0.88169234991073608
gemma-4-E4B-it_t01,Gemma4,caption_similarity,Appendix Figure A1,mean image-conditioned cosine similarity,M/Low /Cons/Anal,M/Low /Cons/Prag,0.92136168479919434
gemma-4-E4B-it_t01,Gemma4,caption_similarity,Appendix Figure A1,mean image-conditioned cosine similarity,M/Low /Cons/Empa,M/Low /Cons/Prag,0.92455410957336426
gemma-4-E4B-it_t01,Gemma4,caption_similarity,Appendix Figure A1,mean image-conditioned cosine similarity,M/Low /Cons/Prag,M/Low /Cons/Prag,0.93282069563865666
gemma-4-E4B-it_t01,Gemma4,caption_similarity,Appendix Figure A1,mean image-conditioned cosine similarity,M/Low /Prog/Anal,M/Low /Cons/Prag,0.9009203314781189
gemma-4-E4B-it_t01,Gemma4,caption_similarity,Appendix Figure A1,mean image-conditioned cosine similarity,M/Low /Prog/Empa,M/Low /Cons/Prag,0.90475171804428101
gemma-4-E4B-it_t01,Gemma4,caption_similarity,Appendix Figure A1,mean image-conditioned cosine similarity,M/Low /Prog/Prag,M/Low /Cons/Prag,0.91718447208404541
gemma-4-E4B-it_t01,Gemma4,caption_similarity,Appendix Figure A1,mean image-conditioned cosine similarity,F/High/Cons/Anal,M/Low /Prog/Anal,0.9001733660697937
gemma-4-E4B-it_t01,Gemma4,caption_similarity,Appendix Figure A1,mean image-conditioned cosine similarity,F/High/Cons/Empa,M/Low /Prog/Anal,0.90031838417053223
gemma-4-E4B-it_t01,Gemma4,caption_similarity,Appendix Figure A1,mean image-conditioned cosine similarity,F/High/Cons/Prag,M/Low /Prog/Anal,0.90704011917114258
gemma-4-E4B-it_t01,Gemma4,caption_similarity,Appendix Figure A1,mean image-conditioned cosine similarity,F/High/Prog/Anal,M/Low /Prog/Anal,0.90122771263122559
gemma-4-E4B-it_t01,Gemma4,caption_similarity,Appendix Figure A1,mean image-conditioned cosine similarity,F/High/Prog/Empa,M/Low /Prog/Anal,0.90119552612304688
gemma-4-E4B-it_t01,Gemma4,caption_similarity,Appendix Figure A1,mean image-conditioned cosine similarity,F/High/Prog/Prag,M/Low /Prog/Anal,0.90939640998840332
gemma-4-E4B-it_t01,Gemma4,caption_similarity,Appendix Figure A1,mean image-conditioned cosine similarity,F/Low /Cons/Anal,M/Low /Prog/Anal,0.90643507242202759
gemma-4-E4B-it_t01,Gemma4,caption_similarity,Appendix Figure A1,mean image-conditioned cosine similarity,F/Low /Cons/Empa,M/Low /Prog/Anal,0.90483087301254272
gemma-4-E4B-it_t01,Gemma4,caption_similarity,Appendix Figure A1,mean image-conditioned cosine similarity,F/Low /Cons/Prag,M/Low /Prog/Anal,0.8992576003074646
gemma-4-E4B-it_t01,Gemma4,caption_similarity,Appendix Figure A1,mean image-conditioned cosine similarity,F/Low /Prog/Anal,M/Low /Prog/Anal,0.92431533336639404
gemma-4-E4B-it_t01,Gemma4,caption_similarity,Appendix Figure A1,mean image-conditioned cosine similarity,F/Low /Prog/Empa,M/Low /Prog/Anal,0.9102177619934082
gemma-4-E4B-it_t01,Gemma4,caption_similarity,Appendix Figure A1,mean image-conditioned cosine similarity,F/Low /Prog/Prag,M/Low /Prog/Anal,0.92078131437301636
gemma-4-E4B-it_t01,Gemma4,caption_similarity,Appendix Figure A1,mean image-conditioned cosine similarity,M/High/Cons/Anal,M/Low /Prog/Anal,0.89542394876480103
gemma-4-E4B-it_t01,Gemma4,caption_similarity,Appendix Figure A1,mean image-conditioned cosine similarity,M/High/Cons/Empa,M/Low /Prog/Anal,0.90270459651947021
gemma-4-E4B-it_t01,Gemma4,caption_similarity,Appendix Figure A1,mean image-conditioned cosine similarity,M/High/Cons/Prag,M/Low /Prog/Anal,0.90998387336730957
gemma-4-E4B-it_t01,Gemma4,caption_similarity,Appendix Figure A1,mean image-conditioned cosine similarity,M/High/Prog/Anal,M/Low /Prog/Anal,0.89855486154556274
gemma-4-E4B-it_t01,Gemma4,caption_similarity,Appendix Figure A1,mean image-conditioned cosine similarity,M/High/Prog/Empa,M/Low /Prog/Anal,0.89363014698028564
gemma-4-E4B-it_t01,Gemma4,caption_similarity,Appendix Figure A1,mean image-conditioned cosine similarity,M/High/Prog/Prag,M/Low /Prog/Anal,0.90854817628860474
gemma-4-E4B-it_t01,Gemma4,caption_similarity,Appendix Figure A1,mean image-conditioned cosine similarity,M/Low /Cons/Anal,M/Low /Prog/Anal,0.90708023309707642
gemma-4-E4B-it_t01,Gemma4,caption_similarity,Appendix Figure A1,mean image-conditioned cosine similarity,M/Low /Cons/Empa,M/Low /Prog/Anal,0.90654134750366211
gemma-4-E4B-it_t01,Gemma4,caption_similarity,Appendix Figure A1,mean image-conditioned cosine similarity,M/Low /Cons/Prag,M/Low /Prog/Anal,0.9009203314781189
gemma-4-E4B-it_t01,Gemma4,caption_similarity,Appendix Figure A1,mean image-conditioned cosine similarity,M/Low /Prog/Anal,M/Low /Prog/Anal,0.9370237600803375
gemma-4-E4B-it_t01,Gemma4,caption_similarity,Appendix Figure A1,mean image-conditioned cosine similarity,M/Low /Prog/Empa,M/Low /Prog/Anal,0.91692191362380981
gemma-4-E4B-it_t01,Gemma4,caption_similarity,Appendix Figure A1,mean image-conditioned cosine similarity,M/Low /Prog/Prag,M/Low /Prog/Anal,0.91615766286849976
gemma-4-E4B-it_t01,Gemma4,caption_similarity,Appendix Figure A1,mean image-conditioned cosine similarity,F/High/Cons/Anal,M/Low /Prog/Empa,0.89581906795501709
gemma-4-E4B-it_t01,Gemma4,caption_similarity,Appendix Figure A1,mean image-conditioned cosine similarity,F/High/Cons/Empa,M/Low /Prog/Empa,0.90575957298278809
gemma-4-E4B-it_t01,Gemma4,caption_similarity,Appendix Figure A1,mean image-conditioned cosine similarity,F/High/Cons/Prag,M/Low /Prog/Empa,0.90465521812438965
gemma-4-E4B-it_t01,Gemma4,caption_similarity,Appendix Figure A1,mean image-conditioned cosine similarity,F/High/Prog/Anal,M/Low /Prog/Empa,0.89693170785903931
gemma-4-E4B-it_t01,Gemma4,caption_similarity,Appendix Figure A1,mean image-conditioned cosine similarity,F/High/Prog/Empa,M/Low /Prog/Empa,0.90641993284225464
gemma-4-E4B-it_t01,Gemma4,caption_similarity,Appendix Figure A1,mean image-conditioned cosine similarity,F/High/Prog/Prag,M/Low /Prog/Empa,0.90522485971450806
gemma-4-E4B-it_t01,Gemma4,caption_similarity,Appendix Figure A1,mean image-conditioned cosine similarity,F/Low /Cons/Anal,M/Low /Prog/Empa,0.90666693449020386
gemma-4-E4B-it_t01,Gemma4,caption_similarity,Appendix Figure A1,mean image-conditioned cosine similarity,F/Low /Cons/Empa,M/Low /Prog/Empa,0.9180564284324646
gemma-4-E4B-it_t01,Gemma4,caption_similarity,Appendix Figure A1,mean image-conditioned cosine similarity,F/Low /Cons/Prag,M/Low /Prog/Empa,0.9063718318939209
gemma-4-E4B-it_t01,Gemma4,caption_similarity,Appendix Figure A1,mean image-conditioned cosine similarity,F/Low /Prog/Anal,M/Low /Prog/Empa,0.91492354869842529
gemma-4-E4B-it_t01,Gemma4,caption_similarity,Appendix Figure A1,mean image-conditioned cosine similarity,F/Low /Prog/Empa,M/Low /Prog/Empa,0.92624074220657349
gemma-4-E4B-it_t01,Gemma4,caption_similarity,Appendix Figure A1,mean image-conditioned cosine similarity,F/Low /Prog/Prag,M/Low /Prog/Empa,0.92338430881500244
gemma-4-E4B-it_t01,Gemma4,caption_similarity,Appendix Figure A1,mean image-conditioned cosine similarity,M/High/Cons/Anal,M/Low /Prog/Empa,0.88633370399475098
gemma-4-E4B-it_t01,Gemma4,caption_similarity,Appendix Figure A1,mean image-conditioned cosine similarity,M/High/Cons/Empa,M/Low /Prog/Empa,0.90605932474136353
gemma-4-E4B-it_t01,Gemma4,caption_similarity,Appendix Figure A1,mean image-conditioned cosine similarity,M/High/Cons/Prag,M/Low /Prog/Empa,0.90166723728179932
gemma-4-E4B-it_t01,Gemma4,caption_similarity,Appendix Figure A1,mean image-conditioned cosine similarity,M/High/Prog/Anal,M/Low /Prog/Empa,0.89133608341217041
gemma-4-E4B-it_t01,Gemma4,caption_similarity,Appendix Figure A1,mean image-conditioned cosine similarity,M/High/Prog/Empa,M/Low /Prog/Empa,0.89710962772369385
gemma-4-E4B-it_t01,Gemma4,caption_similarity,Appendix Figure A1,mean image-conditioned cosine similarity,M/High/Prog/Prag,M/Low /Prog/Empa,0.90243607759475708
gemma-4-E4B-it_t01,Gemma4,caption_similarity,Appendix Figure A1,mean image-conditioned cosine similarity,M/Low /Cons/Anal,M/Low /Prog/Empa,0.89711344242095947
gemma-4-E4B-it_t01,Gemma4,caption_similarity,Appendix Figure A1,mean image-conditioned cosine similarity,M/Low /Cons/Empa,M/Low /Prog/Empa,0.91537564992904663
gemma-4-E4B-it_t01,Gemma4,caption_similarity,Appendix Figure A1,mean image-conditioned cosine similarity,M/Low /Cons/Prag,M/Low /Prog/Empa,0.90475171804428101
gemma-4-E4B-it_t01,Gemma4,caption_similarity,Appendix Figure A1,mean image-conditioned cosine similarity,M/Low /Prog/Anal,M/Low /Prog/Empa,0.91692191362380981
gemma-4-E4B-it_t01,Gemma4,caption_similarity,Appendix Figure A1,mean image-conditioned cosine similarity,M/Low /Prog/Empa,M/Low /Prog/Empa,0.93560750246047975
gemma-4-E4B-it_t01,Gemma4,caption_similarity,Appendix Figure A1,mean image-conditioned cosine similarity,M/Low /Prog/Prag,M/Low /Prog/Empa,0.91966116428375244
gemma-4-E4B-it_t01,Gemma4,caption_similarity,Appendix Figure A1,mean image-conditioned cosine similarity,F/High/Cons/Anal,M/Low /Prog/Prag,0.89191240072250366
gemma-4-E4B-it_t01,Gemma4,caption_similarity,Appendix Figure A1,mean image-conditioned cosine similarity,F/High/Cons/Empa,M/Low /Prog/Prag,0.90219032764434814
gemma-4-E4B-it_t01,Gemma4,caption_similarity,Appendix Figure A1,mean image-conditioned cosine similarity,F/High/Cons/Prag,M/Low /Prog/Prag,0.90782248973846436
gemma-4-E4B-it_t01,Gemma4,caption_similarity,Appendix Figure A1,mean image-conditioned cosine similarity,F/High/Prog/Anal,M/Low /Prog/Prag,0.88525152206420898
gemma-4-E4B-it_t01,Gemma4,caption_similarity,Appendix Figure A1,mean image-conditioned cosine similarity,F/High/Prog/Empa,M/Low /Prog/Prag,0.89233690500259399
gemma-4-E4B-it_t01,Gemma4,caption_similarity,Appendix Figure A1,mean image-conditioned cosine similarity,F/High/Prog/Prag,M/Low /Prog/Prag,0.89692121744155884
gemma-4-E4B-it_t01,Gemma4,caption_similarity,Appendix Figure A1,mean image-conditioned cosine similarity,F/Low /Cons/Anal,M/Low /Prog/Prag,0.91806977987289429
gemma-4-E4B-it_t01,Gemma4,caption_similarity,Appendix Figure A1,mean image-conditioned cosine similarity,F/Low /Cons/Empa,M/Low /Prog/Prag,0.91993749141693115
gemma-4-E4B-it_t01,Gemma4,caption_similarity,Appendix Figure A1,mean image-conditioned cosine similarity,F/Low /Cons/Prag,M/Low /Prog/Prag,0.91651177406311035
gemma-4-E4B-it_t01,Gemma4,caption_similarity,Appendix Figure A1,mean image-conditioned cosine similarity,F/Low /Prog/Anal,M/Low /Prog/Prag,0.91583269834518433
gemma-4-E4B-it_t01,Gemma4,caption_similarity,Appendix Figure A1,mean image-conditioned cosine similarity,F/Low /Prog/Empa,M/Low /Prog/Prag,0.91123372316360474
gemma-4-E4B-it_t01,Gemma4,caption_similarity,Appendix Figure A1,mean image-conditioned cosine similarity,F/Low /Prog/Prag,M/Low /Prog/Prag,0.92639786005020142
gemma-4-E4B-it_t01,Gemma4,caption_similarity,Appendix Figure A1,mean image-conditioned cosine similarity,M/High/Cons/Anal,M/Low /Prog/Prag,0.88776034116744995
gemma-4-E4B-it_t01,Gemma4,caption_similarity,Appendix Figure A1,mean image-conditioned cosine similarity,M/High/Cons/Empa,M/Low /Prog/Prag,0.8992612361907959
gemma-4-E4B-it_t01,Gemma4,caption_similarity,Appendix Figure A1,mean image-conditioned cosine similarity,M/High/Cons/Prag,M/Low /Prog/Prag,0.90528953075408936
gemma-4-E4B-it_t01,Gemma4,caption_similarity,Appendix Figure A1,mean image-conditioned cosine similarity,M/High/Prog/Anal,M/Low /Prog/Prag,0.88225072622299194
gemma-4-E4B-it_t01,Gemma4,caption_similarity,Appendix Figure A1,mean image-conditioned cosine similarity,M/High/Prog/Empa,M/Low /Prog/Prag,0.89106637239456177
gemma-4-E4B-it_t01,Gemma4,caption_similarity,Appendix Figure A1,mean image-conditioned cosine similarity,M/High/Prog/Prag,M/Low /Prog/Prag,0.8932538628578186
gemma-4-E4B-it_t01,Gemma4,caption_similarity,Appendix Figure A1,mean image-conditioned cosine similarity,M/Low /Cons/Anal,M/Low /Prog/Prag,0.91051584482192993
gemma-4-E4B-it_t01,Gemma4,caption_similarity,Appendix Figure A1,mean image-conditioned cosine similarity,M/Low /Cons/Empa,M/Low /Prog/Prag,0.91985452175140381
gemma-4-E4B-it_t01,Gemma4,caption_similarity,Appendix Figure A1,mean image-conditioned cosine similarity,M/Low /Cons/Prag,M/Low /Prog/Prag,0.91718447208404541
gemma-4-E4B-it_t01,Gemma4,caption_similarity,Appendix Figure A1,mean image-conditioned cosine similarity,M/Low /Prog/Anal,M/Low /Prog/Prag,0.91615766286849976
gemma-4-E4B-it_t01,Gemma4,caption_similarity,Appendix Figure A1,mean image-conditioned cosine similarity,M/Low /Prog/Empa,M/Low /Prog/Prag,0.91966116428375244
gemma-4-E4B-it_t01,Gemma4,caption_similarity,Appendix Figure A1,mean image-conditioned cosine similarity,M/Low /Prog/Prag,M/Low /Prog/Prag,0.93750802993774418
gemma-4-E4B-it_t01,Gemma4,justification_similarity,Appendix Figure A2,mean image-conditioned cosine similarity,F/High/Cons/Anal,F/High/Cons/Anal,0.82286185383796695
gemma-4-E4B-it_t01,Gemma4,justification_similarity,Appendix Figure A2,mean image-conditioned cosine similarity,F/High/Cons/Empa,F/High/Cons/Anal,0.6227489709854126
gemma-4-E4B-it_t01,Gemma4,justification_similarity,Appendix Figure A2,mean image-conditioned cosine similarity,F/High/Cons/Prag,F/High/Cons/Anal,0.63403266668319702
gemma-4-E4B-it_t01,Gemma4,justification_similarity,Appendix Figure A2,mean image-conditioned cosine similarity,F/High/Prog/Anal,F/High/Cons/Anal,0.68142890930175781
gemma-4-E4B-it_t01,Gemma4,justification_similarity,Appendix Figure A2,mean image-conditioned cosine similarity,F/High/Prog/Empa,F/High/Cons/Anal,0.60254263877868652
gemma-4-E4B-it_t01,Gemma4,justification_similarity,Appendix Figure A2,mean image-conditioned cosine similarity,F/High/Prog/Prag,F/High/Cons/Anal,0.68106132745742798
gemma-4-E4B-it_t01,Gemma4,justification_similarity,Appendix Figure A2,mean image-conditioned cosine similarity,F/Low /Cons/Anal,F/High/Cons/Anal,0.55899029970169067
gemma-4-E4B-it_t01,Gemma4,justification_similarity,Appendix Figure A2,mean image-conditioned cosine similarity,F/Low /Cons/Empa,F/High/Cons/Anal,0.487376868724823
gemma-4-E4B-it_t01,Gemma4,justification_similarity,Appendix Figure A2,mean image-conditioned cosine similarity,F/Low /Cons/Prag,F/High/Cons/Anal,0.4869275689125061
gemma-4-E4B-it_t01,Gemma4,justification_similarity,Appendix Figure A2,mean image-conditioned cosine similarity,F/Low /Prog/Anal,F/High/Cons/Anal,0.63076597452163696
gemma-4-E4B-it_t01,Gemma4,justification_similarity,Appendix Figure A2,mean image-conditioned cosine similarity,F/Low /Prog/Empa,F/High/Cons/Anal,0.51567697525024414
gemma-4-E4B-it_t01,Gemma4,justification_similarity,Appendix Figure A2,mean image-conditioned cosine similarity,F/Low /Prog/Prag,F/High/Cons/Anal,0.51705259084701538
gemma-4-E4B-it_t01,Gemma4,justification_similarity,Appendix Figure A2,mean image-conditioned cosine similarity,M/High/Cons/Anal,F/High/Cons/Anal,0.77263253927230835
gemma-4-E4B-it_t01,Gemma4,justification_similarity,Appendix Figure A2,mean image-conditioned cosine similarity,M/High/Cons/Empa,F/High/Cons/Anal,0.63085603713989258
gemma-4-E4B-it_t01,Gemma4,justification_similarity,Appendix Figure A2,mean image-conditioned cosine similarity,M/High/Cons/Prag,F/High/Cons/Anal,0.62979578971862793
gemma-4-E4B-it_t01,Gemma4,justification_similarity,Appendix Figure A2,mean image-conditioned cosine similarity,M/High/Prog/Anal,F/High/Cons/Anal,0.69173532724380493
gemma-4-E4B-it_t01,Gemma4,justification_similarity,Appendix Figure A2,mean image-conditioned cosine similarity,M/High/Prog/Empa,F/High/Cons/Anal,0.62650424242019653
gemma-4-E4B-it_t01,Gemma4,justification_similarity,Appendix Figure A2,mean image-conditioned cosine similarity,M/High/Prog/Prag,F/High/Cons/Anal,0.7013556957244873
gemma-4-E4B-it_t01,Gemma4,justification_similarity,Appendix Figure A2,mean image-conditioned cosine similarity,M/Low /Cons/Anal,F/High/Cons/Anal,0.554970383644104
gemma-4-E4B-it_t01,Gemma4,justification_similarity,Appendix Figure A2,mean image-conditioned cosine similarity,M/Low /Cons/Empa,F/High/Cons/Anal,0.49177893996238708
gemma-4-E4B-it_t01,Gemma4,justification_similarity,Appendix Figure A2,mean image-conditioned cosine similarity,M/Low /Cons/Prag,F/High/Cons/Anal,0.47973793745040894
gemma-4-E4B-it_t01,Gemma4,justification_similarity,Appendix Figure A2,mean image-conditioned cosine similarity,M/Low /Prog/Anal,F/High/Cons/Anal,0.63844072818756104
gemma-4-E4B-it_t01,Gemma4,justification_similarity,Appendix Figure A2,mean image-conditioned cosine similarity,M/Low /Prog/Empa,F/High/Cons/Anal,0.51826423406600952
gemma-4-E4B-it_t01,Gemma4,justification_similarity,Appendix Figure A2,mean image-conditioned cosine similarity,M/Low /Prog/Prag,F/High/Cons/Anal,0.50553297996520996
gemma-4-E4B-it_t01,Gemma4,justification_similarity,Appendix Figure A2,mean image-conditioned cosine similarity,F/High/Cons/Anal,F/High/Cons/Empa,0.6227489709854126
gemma-4-E4B-it_t01,Gemma4,justification_similarity,Appendix Figure A2,mean image-conditioned cosine similarity,F/High/Cons/Empa,F/High/Cons/Empa,0.8321628177165985
gemma-4-E4B-it_t01,Gemma4,justification_similarity,Appendix Figure A2,mean image-conditioned cosine similarity,F/High/Cons/Prag,F/High/Cons/Empa,0.61840009689331055
gemma-4-E4B-it_t01,Gemma4,justification_similarity,Appendix Figure A2,mean image-conditioned cosine similarity,F/High/Prog/Anal,F/High/Cons/Empa,0.61548632383346558
gemma-4-E4B-it_t01,Gemma4,justification_similarity,Appendix Figure A2,mean image-conditioned cosine similarity,F/High/Prog/Empa,F/High/Cons/Empa,0.66675066947937012
gemma-4-E4B-it_t01,Gemma4,justification_similarity,Appendix Figure A2,mean image-conditioned cosine similarity,F/High/Prog/Prag,F/High/Cons/Empa,0.66182458400726318
gemma-4-E4B-it_t01,Gemma4,justification_similarity,Appendix Figure A2,mean image-conditioned cosine similarity,F/Low /Cons/Anal,F/High/Cons/Empa,0.56084001064300537
gemma-4-E4B-it_t01,Gemma4,justification_similarity,Appendix Figure A2,mean image-conditioned cosine similarity,F/Low /Cons/Empa,F/High/Cons/Empa,0.52169346809387207
gemma-4-E4B-it_t01,Gemma4,justification_similarity,Appendix Figure A2,mean image-conditioned cosine similarity,F/Low /Cons/Prag,F/High/Cons/Empa,0.49114435911178589
gemma-4-E4B-it_t01,Gemma4,justification_similarity,Appendix Figure A2,mean image-conditioned cosine similarity,F/Low /Prog/Anal,F/High/Cons/Empa,0.60383599996566772
gemma-4-E4B-it_t01,Gemma4,justification_similarity,Appendix Figure A2,mean image-conditioned cosine similarity,F/Low /Prog/Empa,F/High/Cons/Empa,0.58220177888870239
gemma-4-E4B-it_t01,Gemma4,justification_similarity,Appendix Figure A2,mean image-conditioned cosine similarity,F/Low /Prog/Prag,F/High/Cons/Empa,0.54274088144302368
gemma-4-E4B-it_t01,Gemma4,justification_similarity,Appendix Figure A2,mean image-conditioned cosine similarity,M/High/Cons/Anal,F/High/Cons/Empa,0.59557759761810303
gemma-4-E4B-it_t01,Gemma4,justification_similarity,Appendix Figure A2,mean image-conditioned cosine similarity,M/High/Cons/Empa,F/High/Cons/Empa,0.74556291103363037
gemma-4-E4B-it_t01,Gemma4,justification_similarity,Appendix Figure A2,mean image-conditioned cosine similarity,M/High/Cons/Prag,F/High/Cons/Empa,0.59582811594009399
gemma-4-E4B-it_t01,Gemma4,justification_similarity,Appendix Figure A2,mean image-conditioned cosine similarity,M/High/Prog/Anal,F/High/Cons/Empa,0.60717642307281494
gemma-4-E4B-it_t01,Gemma4,justification_similarity,Appendix Figure A2,mean image-conditioned cosine similarity,M/High/Prog/Empa,F/High/Cons/Empa,0.68580949306488037
gemma-4-E4B-it_t01,Gemma4,justification_similarity,Appendix Figure A2,mean image-conditioned cosine similarity,M/High/Prog/Prag,F/High/Cons/Empa,0.6461336612701416
gemma-4-E4B-it_t01,Gemma4,justification_similarity,Appendix Figure A2,mean image-conditioned cosine similarity,M/Low /Cons/Anal,F/High/Cons/Empa,0.5534743070602417
gemma-4-E4B-it_t01,Gemma4,justification_similarity,Appendix Figure A2,mean image-conditioned cosine similarity,M/Low /Cons/Empa,F/High/Cons/Empa,0.52287149429321289
gemma-4-E4B-it_t01,Gemma4,justification_similarity,Appendix Figure A2,mean image-conditioned cosine similarity,M/Low /Cons/Prag,F/High/Cons/Empa,0.48369172215461731
gemma-4-E4B-it_t01,Gemma4,justification_similarity,Appendix Figure A2,mean image-conditioned cosine similarity,M/Low /Prog/Anal,F/High/Cons/Empa,0.59199666976928711
gemma-4-E4B-it_t01,Gemma4,justification_similarity,Appendix Figure A2,mean image-conditioned cosine similarity,M/Low /Prog/Empa,F/High/Cons/Empa,0.57140600681304932
gemma-4-E4B-it_t01,Gemma4,justification_similarity,Appendix Figure A2,mean image-conditioned cosine similarity,M/Low /Prog/Prag,F/High/Cons/Empa,0.5308234691619873
gemma-4-E4B-it_t01,Gemma4,justification_similarity,Appendix Figure A2,mean image-conditioned cosine similarity,F/High/Cons/Anal,F/High/Cons/Prag,0.63403266668319702
gemma-4-E4B-it_t01,Gemma4,justification_similarity,Appendix Figure A2,mean image-conditioned cosine similarity,F/High/Cons/Empa,F/High/Cons/Prag,0.61840009689331055
gemma-4-E4B-it_t01,Gemma4,justification_similarity,Appendix Figure A2,mean image-conditioned cosine similarity,F/High/Cons/Prag,F/High/Cons/Prag,0.83769230365753178
gemma-4-E4B-it_t01,Gemma4,justification_similarity,Appendix Figure A2,mean image-conditioned cosine similarity,F/High/Prog/Anal,F/High/Cons/Prag,0.57337057590484619
gemma-4-E4B-it_t01,Gemma4,justification_similarity,Appendix Figure A2,mean image-conditioned cosine similarity,F/High/Prog/Empa,F/High/Cons/Prag,0.54799145460128784
gemma-4-E4B-it_t01,Gemma4,justification_similarity,Appendix Figure A2,mean image-conditioned cosine similarity,F/High/Prog/Prag,F/High/Cons/Prag,0.62145566940307617
gemma-4-E4B-it_t01,Gemma4,justification_similarity,Appendix Figure A2,mean image-conditioned cosine similarity,F/Low /Cons/Anal,F/High/Cons/Prag,0.64331132173538208
gemma-4-E4B-it_t01,Gemma4,justification_similarity,Appendix Figure A2,mean image-conditioned cosine similarity,F/Low /Cons/Empa,F/High/Cons/Prag,0.55079251527786255
gemma-4-E4B-it_t01,Gemma4,justification_similarity,Appendix Figure A2,mean image-conditioned cosine similarity,F/Low /Cons/Prag,F/High/Cons/Prag,0.57105070352554321
gemma-4-E4B-it_t01,Gemma4,justification_similarity,Appendix Figure A2,mean image-conditioned cosine similarity,F/Low /Prog/Anal,F/High/Cons/Prag,0.6024627685546875
gemma-4-E4B-it_t01,Gemma4,justification_similarity,Appendix Figure A2,mean image-conditioned cosine similarity,F/Low /Prog/Empa,F/High/Cons/Prag,0.54922038316726685
gemma-4-E4B-it_t01,Gemma4,justification_similarity,Appendix Figure A2,mean image-conditioned cosine similarity,F/Low /Prog/Prag,F/High/Cons/Prag,0.59178704023361206
gemma-4-E4B-it_t01,Gemma4,justification_similarity,Appendix Figure A2,mean image-conditioned cosine similarity,M/High/Cons/Anal,F/High/Cons/Prag,0.62038886547088623
gemma-4-E4B-it_t01,Gemma4,justification_similarity,Appendix Figure A2,mean image-conditioned cosine similarity,M/High/Cons/Empa,F/High/Cons/Prag,0.64266288280487061
gemma-4-E4B-it_t01,Gemma4,justification_similarity,Appendix Figure A2,mean image-conditioned cosine similarity,M/High/Cons/Prag,F/High/Cons/Prag,0.78345406055450439
gemma-4-E4B-it_t01,Gemma4,justification_similarity,Appendix Figure A2,mean image-conditioned cosine similarity,M/High/Prog/Anal,F/High/Cons/Prag,0.57227146625518799
gemma-4-E4B-it_t01,Gemma4,justification_similarity,Appendix Figure A2,mean image-conditioned cosine similarity,M/High/Prog/Empa,F/High/Cons/Prag,0.56194859743118286
gemma-4-E4B-it_t01,Gemma4,justification_similarity,Appendix Figure A2,mean image-conditioned cosine similarity,M/High/Prog/Prag,F/High/Cons/Prag,0.63410854339599609
gemma-4-E4B-it_t01,Gemma4,justification_similarity,Appendix Figure A2,mean image-conditioned cosine similarity,M/Low /Cons/Anal,F/High/Cons/Prag,0.63766062259674072
gemma-4-E4B-it_t01,Gemma4,justification_similarity,Appendix Figure A2,mean image-conditioned cosine similarity,M/Low /Cons/Empa,F/High/Cons/Prag,0.56989741325378418
gemma-4-E4B-it_t01,Gemma4,justification_similarity,Appendix Figure A2,mean image-conditioned cosine similarity,M/Low /Cons/Prag,F/High/Cons/Prag,0.56338363885879517
gemma-4-E4B-it_t01,Gemma4,justification_similarity,Appendix Figure A2,mean image-conditioned cosine similarity,M/Low /Prog/Anal,F/High/Cons/Prag,0.60405683517456055
gemma-4-E4B-it_t01,Gemma4,justification_similarity,Appendix Figure A2,mean image-conditioned cosine similarity,M/Low /Prog/Empa,F/High/Cons/Prag,0.54924124479293823
gemma-4-E4B-it_t01,Gemma4,justification_similarity,Appendix Figure A2,mean image-conditioned cosine similarity,M/Low /Prog/Prag,F/High/Cons/Prag,0.57832342386245728
gemma-4-E4B-it_t01,Gemma4,justification_similarity,Appendix Figure A2,mean image-conditioned cosine similarity,F/High/Cons/Anal,F/High/Prog/Anal,0.68142890930175781
gemma-4-E4B-it_t01,Gemma4,justification_similarity,Appendix Figure A2,mean image-conditioned cosine similarity,F/High/Cons/Empa,F/High/Prog/Anal,0.61548632383346558
gemma-4-E4B-it_t01,Gemma4,justification_similarity,Appendix Figure A2,mean image-conditioned cosine similarity,F/High/Cons/Prag,F/High/Prog/Anal,0.57337057590484619
gemma-4-E4B-it_t01,Gemma4,justification_similarity,Appendix Figure A2,mean image-conditioned cosine similarity,F/High/Prog/Anal,F/High/Prog/Anal,0.83931039214134218
gemma-4-E4B-it_t01,Gemma4,justification_similarity,Appendix Figure A2,mean image-conditioned cosine similarity,F/High/Prog/Empa,F/High/Prog/Anal,0.67526841163635254
gemma-4-E4B-it_t01,Gemma4,justification_similarity,Appendix Figure A2,mean image-conditioned cosine similarity,F/High/Prog/Prag,F/High/Prog/Anal,0.69677972793579102
gemma-4-E4B-it_t01,Gemma4,justification_similarity,Appendix Figure A2,mean image-conditioned cosine similarity,F/Low /Cons/Anal,F/High/Prog/Anal,0.53880423307418823
gemma-4-E4B-it_t01,Gemma4,justification_similarity,Appendix Figure A2,mean image-conditioned cosine similarity,F/Low /Cons/Empa,F/High/Prog/Anal,0.4775315523147583
gemma-4-E4B-it_t01,Gemma4,justification_similarity,Appendix Figure A2,mean image-conditioned cosine similarity,F/Low /Cons/Prag,F/High/Prog/Anal,0.47028881311416626
gemma-4-E4B-it_t01,Gemma4,justification_similarity,Appendix Figure A2,mean image-conditioned cosine similarity,F/Low /Prog/Anal,F/High/Prog/Anal,0.63863253593444824
gemma-4-E4B-it_t01,Gemma4,justification_similarity,Appendix Figure A2,mean image-conditioned cosine similarity,F/Low /Prog/Empa,F/High/Prog/Anal,0.5428435206413269
gemma-4-E4B-it_t01,Gemma4,justification_similarity,Appendix Figure A2,mean image-conditioned cosine similarity,F/Low /Prog/Prag,F/High/Prog/Anal,0.51056253910064697
gemma-4-E4B-it_t01,Gemma4,justification_similarity,Appendix Figure A2,mean image-conditioned cosine similarity,M/High/Cons/Anal,F/High/Prog/Anal,0.65903961658477783
gemma-4-E4B-it_t01,Gemma4,justification_similarity,Appendix Figure A2,mean image-conditioned cosine similarity,M/High/Cons/Empa,F/High/Prog/Anal,0.61911463737487793
gemma-4-E4B-it_t01,Gemma4,justification_similarity,Appendix Figure A2,mean image-conditioned cosine similarity,M/High/Cons/Prag,F/High/Prog/Anal,0.5680193305015564
gemma-4-E4B-it_t01,Gemma4,justification_similarity,Appendix Figure A2,mean image-conditioned cosine similarity,M/High/Prog/Anal,F/High/Prog/Anal,0.80762338638305664
gemma-4-E4B-it_t01,Gemma4,justification_similarity,Appendix Figure A2,mean image-conditioned cosine similarity,M/High/Prog/Empa,F/High/Prog/Anal,0.70258951187133789
gemma-4-E4B-it_t01,Gemma4,justification_similarity,Appendix Figure A2,mean image-conditioned cosine similarity,M/High/Prog/Prag,F/High/Prog/Anal,0.68527168035507202
gemma-4-E4B-it_t01,Gemma4,justification_similarity,Appendix Figure A2,mean image-conditioned cosine similarity,M/Low /Cons/Anal,F/High/Prog/Anal,0.53190779685974121
gemma-4-E4B-it_t01,Gemma4,justification_similarity,Appendix Figure A2,mean image-conditioned cosine similarity,M/Low /Cons/Empa,F/High/Prog/Anal,0.48486748337745667
gemma-4-E4B-it_t01,Gemma4,justification_similarity,Appendix Figure A2,mean image-conditioned cosine similarity,M/Low /Cons/Prag,F/High/Prog/Anal,0.45474797487258911
gemma-4-E4B-it_t01,Gemma4,justification_similarity,Appendix Figure A2,mean image-conditioned cosine similarity,M/Low /Prog/Anal,F/High/Prog/Anal,0.63551932573318481
gemma-4-E4B-it_t01,Gemma4,justification_similarity,Appendix Figure A2,mean image-conditioned cosine similarity,M/Low /Prog/Empa,F/High/Prog/Anal,0.54101139307022095
gemma-4-E4B-it_t01,Gemma4,justification_similarity,Appendix Figure A2,mean image-conditioned cosine similarity,M/Low /Prog/Prag,F/High/Prog/Anal,0.49736592173576355
gemma-4-E4B-it_t01,Gemma4,justification_similarity,Appendix Figure A2,mean image-conditioned cosine similarity,F/High/Cons/Anal,F/High/Prog/Empa,0.60254263877868652
gemma-4-E4B-it_t01,Gemma4,justification_similarity,Appendix Figure A2,mean image-conditioned cosine similarity,F/High/Cons/Empa,F/High/Prog/Empa,0.66675066947937012
gemma-4-E4B-it_t01,Gemma4,justification_similarity,Appendix Figure A2,mean image-conditioned cosine similarity,F/High/Cons/Prag,F/High/Prog/Empa,0.54799145460128784
gemma-4-E4B-it_t01,Gemma4,justification_similarity,Appendix Figure A2,mean image-conditioned cosine similarity,F/High/Prog/Anal,F/High/Prog/Empa,0.67526841163635254
gemma-4-E4B-it_t01,Gemma4,justification_similarity,Appendix Figure A2,mean image-conditioned cosine similarity,F/High/Prog/Empa,F/High/Prog/Empa,0.85262344956398006
gemma-4-E4B-it_t01,Gemma4,justification_similarity,Appendix Figure A2,mean image-conditioned cosine similarity,F/High/Prog/Prag,F/High/Prog/Empa,0.66087263822555542
gemma-4-E4B-it_t01,Gemma4,justification_similarity,Appendix Figure A2,mean image-conditioned cosine similarity,F/Low /Cons/Anal,F/High/Prog/Empa,0.51950013637542725
gemma-4-E4B-it_t01,Gemma4,justification_similarity,Appendix Figure A2,mean image-conditioned cosine similarity,F/Low /Cons/Empa,F/High/Prog/Empa,0.49813225865364075
gemma-4-E4B-it_t01,Gemma4,justification_similarity,Appendix Figure A2,mean image-conditioned cosine similarity,F/Low /Cons/Prag,F/High/Prog/Empa,0.46659386157989502
gemma-4-E4B-it_t01,Gemma4,justification_similarity,Appendix Figure A2,mean image-conditioned cosine similarity,F/Low /Prog/Anal,F/High/Prog/Empa,0.62842839956283569
gemma-4-E4B-it_t01,Gemma4,justification_similarity,Appendix Figure A2,mean image-conditioned cosine similarity,F/Low /Prog/Empa,F/High/Prog/Empa,0.58554601669311523
gemma-4-E4B-it_t01,Gemma4,justification_similarity,Appendix Figure A2,mean image-conditioned cosine similarity,F/Low /Prog/Prag,F/High/Prog/Empa,0.51844620704650879
gemma-4-E4B-it_t01,Gemma4,justification_similarity,Appendix Figure A2,mean image-conditioned cosine similarity,M/High/Cons/Anal,F/High/Prog/Empa,0.58093607425689697
gemma-4-E4B-it_t01,Gemma4,justification_similarity,Appendix Figure A2,mean image-conditioned cosine similarity,M/High/Cons/Empa,F/High/Prog/Empa,0.64368599653244019
gemma-4-E4B-it_t01,Gemma4,justification_similarity,Appendix Figure A2,mean image-conditioned cosine similarity,M/High/Cons/Prag,F/High/Prog/Empa,0.54235893487930298
gemma-4-E4B-it_t01,Gemma4,justification_similarity,Appendix Figure A2,mean image-conditioned cosine similarity,M/High/Prog/Anal,F/High/Prog/Empa,0.65534734725952148
gemma-4-E4B-it_t01,Gemma4,justification_similarity,Appendix Figure A2,mean image-conditioned cosine similarity,M/High/Prog/Empa,F/High/Prog/Empa,0.80706644058227539
gemma-4-E4B-it_t01,Gemma4,justification_similarity,Appendix Figure A2,mean image-conditioned cosine similarity,M/High/Prog/Prag,F/High/Prog/Empa,0.63540619611740112
gemma-4-E4B-it_t01,Gemma4,justification_similarity,Appendix Figure A2,mean image-conditioned cosine similarity,M/Low /Cons/Anal,F/High/Prog/Empa,0.51465481519699097
gemma-4-E4B-it_t01,Gemma4,justification_similarity,Appendix Figure A2,mean image-conditioned cosine similarity,M/Low /Cons/Empa,F/High/Prog/Empa,0.49923717975616455
gemma-4-E4B-it_t01,Gemma4,justification_similarity,Appendix Figure A2,mean image-conditioned cosine similarity,M/Low /Cons/Prag,F/High/Prog/Empa,0.45421338081359863
gemma-4-E4B-it_t01,Gemma4,justification_similarity,Appendix Figure A2,mean image-conditioned cosine similarity,M/Low /Prog/Anal,F/High/Prog/Empa,0.61384475231170654
gemma-4-E4B-it_t01,Gemma4,justification_similarity,Appendix Figure A2,mean image-conditioned cosine similarity,M/Low /Prog/Empa,F/High/Prog/Empa,0.57719647884368896
gemma-4-E4B-it_t01,Gemma4,justification_similarity,Appendix Figure A2,mean image-conditioned cosine similarity,M/Low /Prog/Prag,F/High/Prog/Empa,0.50025671720504761
gemma-4-E4B-it_t01,Gemma4,justification_similarity,Appendix Figure A2,mean image-conditioned cosine similarity,F/High/Cons/Anal,F/High/Prog/Prag,0.68106132745742798
gemma-4-E4B-it_t01,Gemma4,justification_similarity,Appendix Figure A2,mean image-conditioned cosine similarity,F/High/Cons/Empa,F/High/Prog/Prag,0.66182458400726318
gemma-4-E4B-it_t01,Gemma4,justification_similarity,Appendix Figure A2,mean image-conditioned cosine similarity,F/High/Cons/Prag,F/High/Prog/Prag,0.62145566940307617
gemma-4-E4B-it_t01,Gemma4,justification_similarity,Appendix Figure A2,mean image-conditioned cosine similarity,F/High/Prog/Anal,F/High/Prog/Prag,0.69677972793579102
gemma-4-E4B-it_t01,Gemma4,justification_similarity,Appendix Figure A2,mean image-conditioned cosine similarity,F/High/Prog/Empa,F/High/Prog/Prag,0.66087263822555542
gemma-4-E4B-it_t01,Gemma4,justification_similarity,Appendix Figure A2,mean image-conditioned cosine similarity,F/High/Prog/Prag,F/High/Prog/Prag,0.84300347208976745
gemma-4-E4B-it_t01,Gemma4,justification_similarity,Appendix Figure A2,mean image-conditioned cosine similarity,F/Low /Cons/Anal,F/High/Prog/Prag,0.56785875558853149
gemma-4-E4B-it_t01,Gemma4,justification_similarity,Appendix Figure A2,mean image-conditioned cosine similarity,F/Low /Cons/Empa,F/High/Prog/Prag,0.50587385892868042
gemma-4-E4B-it_t01,Gemma4,justification_similarity,Appendix Figure A2,mean image-conditioned cosine similarity,F/Low /Cons/Prag,F/High/Prog/Prag,0.49500647187232971
gemma-4-E4B-it_t01,Gemma4,justification_similarity,Appendix Figure A2,mean image-conditioned cosine similarity,F/Low /Prog/Anal,F/High/Prog/Prag,0.67361605167388916
gemma-4-E4B-it_t01,Gemma4,justification_similarity,Appendix Figure A2,mean image-conditioned cosine similarity,F/Low /Prog/Empa,F/High/Prog/Prag,0.57222831249237061
gemma-4-E4B-it_t01,Gemma4,justification_similarity,Appendix Figure A2,mean image-conditioned cosine similarity,F/Low /Prog/Prag,F/High/Prog/Prag,0.54951286315917969
gemma-4-E4B-it_t01,Gemma4,justification_similarity,Appendix Figure A2,mean image-conditioned cosine similarity,M/High/Cons/Anal,F/High/Prog/Prag,0.65756726264953613
gemma-4-E4B-it_t01,Gemma4,justification_similarity,Appendix Figure A2,mean image-conditioned cosine similarity,M/High/Cons/Empa,F/High/Prog/Prag,0.67783308029174805
gemma-4-E4B-it_t01,Gemma4,justification_similarity,Appendix Figure A2,mean image-conditioned cosine similarity,M/High/Cons/Prag,F/High/Prog/Prag,0.61687654256820679
gemma-4-E4B-it_t01,Gemma4,justification_similarity,Appendix Figure A2,mean image-conditioned cosine similarity,M/High/Prog/Anal,F/High/Prog/Prag,0.69135385751724243
gemma-4-E4B-it_t01,Gemma4,justification_similarity,Appendix Figure A2,mean image-conditioned cosine similarity,M/High/Prog/Empa,F/High/Prog/Prag,0.67978262901306152
gemma-4-E4B-it_t01,Gemma4,justification_similarity,Appendix Figure A2,mean image-conditioned cosine similarity,M/High/Prog/Prag,F/High/Prog/Prag,0.76649975776672363
gemma-4-E4B-it_t01,Gemma4,justification_similarity,Appendix Figure A2,mean image-conditioned cosine similarity,M/Low /Cons/Anal,F/High/Prog/Prag,0.56025868654251099
gemma-4-E4B-it_t01,Gemma4,justification_similarity,Appendix Figure A2,mean image-conditioned cosine similarity,M/Low /Cons/Empa,F/High/Prog/Prag,0.51151865720748901
gemma-4-E4B-it_t01,Gemma4,justification_similarity,Appendix Figure A2,mean image-conditioned cosine similarity,M/Low /Cons/Prag,F/High/Prog/Prag,0.48632067441940308
gemma-4-E4B-it_t01,Gemma4,justification_similarity,Appendix Figure A2,mean image-conditioned cosine similarity,M/Low /Prog/Anal,F/High/Prog/Prag,0.67059493064880371
gemma-4-E4B-it_t01,Gemma4,justification_similarity,Appendix Figure A2,mean image-conditioned cosine similarity,M/Low /Prog/Empa,F/High/Prog/Prag,0.56606537103652954
gemma-4-E4B-it_t01,Gemma4,justification_similarity,Appendix Figure A2,mean image-conditioned cosine similarity,M/Low /Prog/Prag,F/High/Prog/Prag,0.53979867696762085
gemma-4-E4B-it_t01,Gemma4,justification_similarity,Appendix Figure A2,mean image-conditioned cosine similarity,F/High/Cons/Anal,F/Low /Cons/Anal,0.55899029970169067
gemma-4-E4B-it_t01,Gemma4,justification_similarity,Appendix Figure A2,mean image-conditioned cosine similarity,F/High/Cons/Empa,F/Low /Cons/Anal,0.56084001064300537
gemma-4-E4B-it_t01,Gemma4,justification_similarity,Appendix Figure A2,mean image-conditioned cosine similarity,F/High/Cons/Prag,F/Low /Cons/Anal,0.64331132173538208
gemma-4-E4B-it_t01,Gemma4,justification_similarity,Appendix Figure A2,mean image-conditioned cosine similarity,F/High/Prog/Anal,F/Low /Cons/Anal,0.53880423307418823
gemma-4-E4B-it_t01,Gemma4,justification_similarity,Appendix Figure A2,mean image-conditioned cosine similarity,F/High/Prog/Empa,F/Low /Cons/Anal,0.51950013637542725
gemma-4-E4B-it_t01,Gemma4,justification_similarity,Appendix Figure A2,mean image-conditioned cosine similarity,F/High/Prog/Prag,F/Low /Cons/Anal,0.56785875558853149
gemma-4-E4B-it_t01,Gemma4,justification_similarity,Appendix Figure A2,mean image-conditioned cosine similarity,F/Low /Cons/Anal,F/Low /Cons/Anal,0.85914419889450078
gemma-4-E4B-it_t01,Gemma4,justification_similarity,Appendix Figure A2,mean image-conditioned cosine similarity,F/Low /Cons/Empa,F/Low /Cons/Anal,0.59032487869262695
gemma-4-E4B-it_t01,Gemma4,justification_similarity,Appendix Figure A2,mean image-conditioned cosine similarity,F/Low /Cons/Prag,F/Low /Cons/Anal,0.70369195938110352
gemma-4-E4B-it_t01,Gemma4,justification_similarity,Appendix Figure A2,mean image-conditioned cosine similarity,F/Low /Prog/Anal,F/Low /Cons/Anal,0.58898591995239258
gemma-4-E4B-it_t01,Gemma4,justification_similarity,Appendix Figure A2,mean image-conditioned cosine similarity,F/Low /Prog/Empa,F/Low /Cons/Anal,0.55869358777999878
gemma-4-E4B-it_t01,Gemma4,justification_similarity,Appendix Figure A2,mean image-conditioned cosine similarity,F/Low /Prog/Prag,F/Low /Cons/Anal,0.61686742305755615
gemma-4-E4B-it_t01,Gemma4,justification_similarity,Appendix Figure A2,mean image-conditioned cosine similarity,M/High/Cons/Anal,F/Low /Cons/Anal,0.5524604320526123
gemma-4-E4B-it_t01,Gemma4,justification_similarity,Appendix Figure A2,mean image-conditioned cosine similarity,M/High/Cons/Empa,F/Low /Cons/Anal,0.5756801962852478
gemma-4-E4B-it_t01,Gemma4,justification_similarity,Appendix Figure A2,mean image-conditioned cosine similarity,M/High/Cons/Prag,F/Low /Cons/Anal,0.63883185386657715
gemma-4-E4B-it_t01,Gemma4,justification_similarity,Appendix Figure A2,mean image-conditioned cosine similarity,M/High/Prog/Anal,F/Low /Cons/Anal,0.53230303525924683
gemma-4-E4B-it_t01,Gemma4,justification_similarity,Appendix Figure A2,mean image-conditioned cosine similarity,M/High/Prog/Empa,F/Low /Cons/Anal,0.52888631820678711
gemma-4-E4B-it_t01,Gemma4,justification_similarity,Appendix Figure A2,mean image-conditioned cosine similarity,M/High/Prog/Prag,F/Low /Cons/Anal,0.55889427661895752
gemma-4-E4B-it_t01,Gemma4,justification_similarity,Appendix Figure A2,mean image-conditioned cosine similarity,M/Low /Cons/Anal,F/Low /Cons/Anal,0.77749282121658325
gemma-4-E4B-it_t01,Gemma4,justification_similarity,Appendix Figure A2,mean image-conditioned cosine similarity,M/Low /Cons/Empa,F/Low /Cons/Anal,0.63976883888244629
gemma-4-E4B-it_t01,Gemma4,justification_similarity,Appendix Figure A2,mean image-conditioned cosine similarity,M/Low /Cons/Prag,F/Low /Cons/Anal,0.67919296026229858
gemma-4-E4B-it_t01,Gemma4,justification_similarity,Appendix Figure A2,mean image-conditioned cosine similarity,M/Low /Prog/Anal,F/Low /Cons/Anal,0.59106385707855225
gemma-4-E4B-it_t01,Gemma4,justification_similarity,Appendix Figure A2,mean image-conditioned cosine similarity,M/Low /Prog/Empa,F/Low /Cons/Anal,0.56349563598632812
gemma-4-E4B-it_t01,Gemma4,justification_similarity,Appendix Figure A2,mean image-conditioned cosine similarity,M/Low /Prog/Prag,F/Low /Cons/Anal,0.62120497226715088
gemma-4-E4B-it_t01,Gemma4,justification_similarity,Appendix Figure A2,mean image-conditioned cosine similarity,F/High/Cons/Anal,F/Low /Cons/Empa,0.487376868724823
gemma-4-E4B-it_t01,Gemma4,justification_similarity,Appendix Figure A2,mean image-conditioned cosine similarity,F/High/Cons/Empa,F/Low /Cons/Empa,0.52169346809387207
gemma-4-E4B-it_t01,Gemma4,justification_similarity,Appendix Figure A2,mean image-conditioned cosine similarity,F/High/Cons/Prag,F/Low /Cons/Empa,0.55079251527786255
gemma-4-E4B-it_t01,Gemma4,justification_similarity,Appendix Figure A2,mean image-conditioned cosine similarity,F/High/Prog/Anal,F/Low /Cons/Empa,0.4775315523147583
gemma-4-E4B-it_t01,Gemma4,justification_similarity,Appendix Figure A2,mean image-conditioned cosine similarity,F/High/Prog/Empa,F/Low /Cons/Empa,0.49813225865364075
gemma-4-E4B-it_t01,Gemma4,justification_similarity,Appendix Figure A2,mean image-conditioned cosine similarity,F/High/Prog/Prag,F/Low /Cons/Empa,0.50587385892868042
gemma-4-E4B-it_t01,Gemma4,justification_similarity,Appendix Figure A2,mean image-conditioned cosine similarity,F/Low /Cons/Anal,F/Low /Cons/Empa,0.59032487869262695
gemma-4-E4B-it_t01,Gemma4,justification_similarity,Appendix Figure A2,mean image-conditioned cosine similarity,F/Low /Cons/Empa,F/Low /Cons/Empa,0.83986116051673887
gemma-4-E4B-it_t01,Gemma4,justification_similarity,Appendix Figure A2,mean image-conditioned cosine similarity,F/Low /Cons/Prag,F/Low /Cons/Empa,0.651752769947052
gemma-4-E4B-it_t01,Gemma4,justification_similarity,Appendix Figure A2,mean image-conditioned cosine similarity,F/Low /Prog/Anal,F/Low /Cons/Empa,0.51822733879089355
gemma-4-E4B-it_t01,Gemma4,justification_similarity,Appendix Figure A2,mean image-conditioned cosine similarity,F/Low /Prog/Empa,F/Low /Cons/Empa,0.62278604507446289
gemma-4-E4B-it_t01,Gemma4,justification_similarity,Appendix Figure A2,mean image-conditioned cosine similarity,F/Low /Prog/Prag,F/Low /Cons/Empa,0.62763631343841553
gemma-4-E4B-it_t01,Gemma4,justification_similarity,Appendix Figure A2,mean image-conditioned cosine similarity,M/High/Cons/Anal,F/Low /Cons/Empa,0.46480163931846619
gemma-4-E4B-it_t01,Gemma4,justification_similarity,Appendix Figure A2,mean image-conditioned cosine similarity,M/High/Cons/Empa,F/Low /Cons/Empa,0.52985215187072754
gemma-4-E4B-it_t01,Gemma4,justification_similarity,Appendix Figure A2,mean image-conditioned cosine similarity,M/High/Cons/Prag,F/Low /Cons/Empa,0.53561204671859741
gemma-4-E4B-it_t01,Gemma4,justification_similarity,Appendix Figure A2,mean image-conditioned cosine similarity,M/High/Prog/Anal,F/Low /Cons/Empa,0.47200420498847961
gemma-4-E4B-it_t01,Gemma4,justification_similarity,Appendix Figure A2,mean image-conditioned cosine similarity,M/High/Prog/Empa,F/Low /Cons/Empa,0.49308666586875916
gemma-4-E4B-it_t01,Gemma4,justification_similarity,Appendix Figure A2,mean image-conditioned cosine similarity,M/High/Prog/Prag,F/Low /Cons/Empa,0.49861803650856018
gemma-4-E4B-it_t01,Gemma4,justification_similarity,Appendix Figure A2,mean image-conditioned cosine similarity,M/Low /Cons/Anal,F/Low /Cons/Empa,0.57619082927703857
gemma-4-E4B-it_t01,Gemma4,justification_similarity,Appendix Figure A2,mean image-conditioned cosine similarity,M/Low /Cons/Empa,F/Low /Cons/Empa,0.72892111539840698
gemma-4-E4B-it_t01,Gemma4,justification_similarity,Appendix Figure A2,mean image-conditioned cosine similarity,M/Low /Cons/Prag,F/Low /Cons/Empa,0.61873441934585571
gemma-4-E4B-it_t01,Gemma4,justification_similarity,Appendix Figure A2,mean image-conditioned cosine similarity,M/Low /Prog/Anal,F/Low /Cons/Empa,0.52060967683792114
gemma-4-E4B-it_t01,Gemma4,justification_similarity,Appendix Figure A2,mean image-conditioned cosine similarity,M/Low /Prog/Empa,F/Low /Cons/Empa,0.61531239748001099
gemma-4-E4B-it_t01,Gemma4,justification_similarity,Appendix Figure A2,mean image-conditioned cosine similarity,M/Low /Prog/Prag,F/Low /Cons/Empa,0.60955351591110229
gemma-4-E4B-it_t01,Gemma4,justification_similarity,Appendix Figure A2,mean image-conditioned cosine similarity,F/High/Cons/Anal,F/Low /Cons/Prag,0.4869275689125061
gemma-4-E4B-it_t01,Gemma4,justification_similarity,Appendix Figure A2,mean image-conditioned cosine similarity,F/High/Cons/Empa,F/Low /Cons/Prag,0.49114435911178589
gemma-4-E4B-it_t01,Gemma4,justification_similarity,Appendix Figure A2,mean image-conditioned cosine similarity,F/High/Cons/Prag,F/Low /Cons/Prag,0.57105070352554321
gemma-4-E4B-it_t01,Gemma4,justification_similarity,Appendix Figure A2,mean image-conditioned cosine similarity,F/High/Prog/Anal,F/Low /Cons/Prag,0.47028881311416626
gemma-4-E4B-it_t01,Gemma4,justification_similarity,Appendix Figure A2,mean image-conditioned cosine similarity,F/High/Prog/Empa,F/Low /Cons/Prag,0.46659386157989502
gemma-4-E4B-it_t01,Gemma4,justification_similarity,Appendix Figure A2,mean image-conditioned cosine similarity,F/High/Prog/Prag,F/Low /Cons/Prag,0.49500647187232971
gemma-4-E4B-it_t01,Gemma4,justification_similarity,Appendix Figure A2,mean image-conditioned cosine similarity,F/Low /Cons/Anal,F/Low /Cons/Prag,0.70369195938110352
gemma-4-E4B-it_t01,Gemma4,justification_similarity,Appendix Figure A2,mean image-conditioned cosine similarity,F/Low /Cons/Empa,F/Low /Cons/Prag,0.651752769947052
gemma-4-E4B-it_t01,Gemma4,justification_similarity,Appendix Figure A2,mean image-conditioned cosine similarity,F/Low /Cons/Prag,F/Low /Cons/Prag,0.87871571898460388
gemma-4-E4B-it_t01,Gemma4,justification_similarity,Appendix Figure A2,mean image-conditioned cosine similarity,F/Low /Prog/Anal,F/Low /Cons/Prag,0.51267552375793457
gemma-4-E4B-it_t01,Gemma4,justification_similarity,Appendix Figure A2,mean image-conditioned cosine similarity,F/Low /Prog/Empa,F/Low /Cons/Prag,0.53801363706588745
gemma-4-E4B-it_t01,Gemma4,justification_similarity,Appendix Figure A2,mean image-conditioned cosine similarity,F/Low /Prog/Prag,F/Low /Cons/Prag,0.61947143077850342
gemma-4-E4B-it_t01,Gemma4,justification_similarity,Appendix Figure A2,mean image-conditioned cosine similarity,M/High/Cons/Anal,F/Low /Cons/Prag,0.47709491848945618
gemma-4-E4B-it_t01,Gemma4,justification_similarity,Appendix Figure A2,mean image-conditioned cosine similarity,M/High/Cons/Empa,F/Low /Cons/Prag,0.50366270542144775
gemma-4-E4B-it_t01,Gemma4,justification_similarity,Appendix Figure A2,mean image-conditioned cosine similarity,M/High/Cons/Prag,F/Low /Cons/Prag,0.57265204191207886
gemma-4-E4B-it_t01,Gemma4,justification_similarity,Appendix Figure A2,mean image-conditioned cosine similarity,M/High/Prog/Anal,F/Low /Cons/Prag,0.46712836623191833
gemma-4-E4B-it_t01,Gemma4,justification_similarity,Appendix Figure A2,mean image-conditioned cosine similarity,M/High/Prog/Empa,F/Low /Cons/Prag,0.47381183505058289
gemma-4-E4B-it_t01,Gemma4,justification_similarity,Appendix Figure A2,mean image-conditioned cosine similarity,M/High/Prog/Prag,F/Low /Cons/Prag,0.49008333683013916
gemma-4-E4B-it_t01,Gemma4,justification_similarity,Appendix Figure A2,mean image-conditioned cosine similarity,M/Low /Cons/Anal,F/Low /Cons/Prag,0.69061148166656494
gemma-4-E4B-it_t01,Gemma4,justification_similarity,Appendix Figure A2,mean image-conditioned cosine similarity,M/Low /Cons/Empa,F/Low /Cons/Prag,0.70984405279159546
gemma-4-E4B-it_t01,Gemma4,justification_similarity,Appendix Figure A2,mean image-conditioned cosine similarity,M/Low /Cons/Prag,F/Low /Cons/Prag,0.79257512092590332
gemma-4-E4B-it_t01,Gemma4,justification_similarity,Appendix Figure A2,mean image-conditioned cosine similarity,M/Low /Prog/Anal,F/Low /Cons/Prag,0.52113050222396851
gemma-4-E4B-it_t01,Gemma4,justification_similarity,Appendix Figure A2,mean image-conditioned cosine similarity,M/Low /Prog/Empa,F/Low /Cons/Prag,0.54550731182098389
gemma-4-E4B-it_t01,Gemma4,justification_similarity,Appendix Figure A2,mean image-conditioned cosine similarity,M/Low /Prog/Prag,F/Low /Cons/Prag,0.63569384813308716
gemma-4-E4B-it_t01,Gemma4,justification_similarity,Appendix Figure A2,mean image-conditioned cosine similarity,F/High/Cons/Anal,F/Low /Prog/Anal,0.63076597452163696
gemma-4-E4B-it_t01,Gemma4,justification_similarity,Appendix Figure A2,mean image-conditioned cosine similarity,F/High/Cons/Empa,F/Low /Prog/Anal,0.60383599996566772
gemma-4-E4B-it_t01,Gemma4,justification_similarity,Appendix Figure A2,mean image-conditioned cosine similarity,F/High/Cons/Prag,F/Low /Prog/Anal,0.6024627685546875
gemma-4-E4B-it_t01,Gemma4,justification_similarity,Appendix Figure A2,mean image-conditioned cosine similarity,F/High/Prog/Anal,F/Low /Prog/Anal,0.63863253593444824
gemma-4-E4B-it_t01,Gemma4,justification_similarity,Appendix Figure A2,mean image-conditioned cosine similarity,F/High/Prog/Empa,F/Low /Prog/Anal,0.62842839956283569
gemma-4-E4B-it_t01,Gemma4,justification_similarity,Appendix Figure A2,mean image-conditioned cosine similarity,F/High/Prog/Prag,F/Low /Prog/Anal,0.67361605167388916
gemma-4-E4B-it_t01,Gemma4,justification_similarity,Appendix Figure A2,mean image-conditioned cosine similarity,F/Low /Cons/Anal,F/Low /Prog/Anal,0.58898591995239258
gemma-4-E4B-it_t01,Gemma4,justification_similarity,Appendix Figure A2,mean image-conditioned cosine similarity,F/Low /Cons/Empa,F/Low /Prog/Anal,0.51822733879089355
gemma-4-E4B-it_t01,Gemma4,justification_similarity,Appendix Figure A2,mean image-conditioned cosine similarity,F/Low /Cons/Prag,F/Low /Prog/Anal,0.51267552375793457
gemma-4-E4B-it_t01,Gemma4,justification_similarity,Appendix Figure A2,mean image-conditioned cosine similarity,F/Low /Prog/Anal,F/Low /Prog/Anal,0.84211441993713376
gemma-4-E4B-it_t01,Gemma4,justification_similarity,Appendix Figure A2,mean image-conditioned cosine similarity,F/Low /Prog/Empa,F/Low /Prog/Anal,0.59939754009246826
gemma-4-E4B-it_t01,Gemma4,justification_similarity,Appendix Figure A2,mean image-conditioned cosine similarity,F/Low /Prog/Prag,F/Low /Prog/Anal,0.58973896503448486
gemma-4-E4B-it_t01,Gemma4,justification_similarity,Appendix Figure A2,mean image-conditioned cosine similarity,M/High/Cons/Anal,F/Low /Prog/Anal,0.62485939264297485
gemma-4-E4B-it_t01,Gemma4,justification_similarity,Appendix Figure A2,mean image-conditioned cosine similarity,M/High/Cons/Empa,F/Low /Prog/Anal,0.61519795656204224
gemma-4-E4B-it_t01,Gemma4,justification_similarity,Appendix Figure A2,mean image-conditioned cosine similarity,M/High/Cons/Prag,F/Low /Prog/Anal,0.59187066555023193
gemma-4-E4B-it_t01,Gemma4,justification_similarity,Appendix Figure A2,mean image-conditioned cosine similarity,M/High/Prog/Anal,F/Low /Prog/Anal,0.63733911514282227
gemma-4-E4B-it_t01,Gemma4,justification_similarity,Appendix Figure A2,mean image-conditioned cosine similarity,M/High/Prog/Empa,F/Low /Prog/Anal,0.62564408779144287
gemma-4-E4B-it_t01,Gemma4,justification_similarity,Appendix Figure A2,mean image-conditioned cosine similarity,M/High/Prog/Prag,F/Low /Prog/Anal,0.66665613651275635
gemma-4-E4B-it_t01,Gemma4,justification_similarity,Appendix Figure A2,mean image-conditioned cosine similarity,M/Low /Cons/Anal,F/Low /Prog/Anal,0.57324200868606567
gemma-4-E4B-it_t01,Gemma4,justification_similarity,Appendix Figure A2,mean image-conditioned cosine similarity,M/Low /Cons/Empa,F/Low /Prog/Anal,0.52307295799255371
gemma-4-E4B-it_t01,Gemma4,justification_similarity,Appendix Figure A2,mean image-conditioned cosine similarity,M/Low /Cons/Prag,F/Low /Prog/Anal,0.50542491674423218
gemma-4-E4B-it_t01,Gemma4,justification_similarity,Appendix Figure A2,mean image-conditioned cosine similarity,M/Low /Prog/Anal,F/Low /Prog/Anal,0.77403861284255981
gemma-4-E4B-it_t01,Gemma4,justification_similarity,Appendix Figure A2,mean image-conditioned cosine similarity,M/Low /Prog/Empa,F/Low /Prog/Anal,0.59863096475601196
gemma-4-E4B-it_t01,Gemma4,justification_similarity,Appendix Figure A2,mean image-conditioned cosine similarity,M/Low /Prog/Prag,F/Low /Prog/Anal,0.5719338059425354
gemma-4-E4B-it_t01,Gemma4,justification_similarity,Appendix Figure A2,mean image-conditioned cosine similarity,F/High/Cons/Anal,F/Low /Prog/Empa,0.51567697525024414
gemma-4-E4B-it_t01,Gemma4,justification_similarity,Appendix Figure A2,mean image-conditioned cosine similarity,F/High/Cons/Empa,F/Low /Prog/Empa,0.58220177888870239
gemma-4-E4B-it_t01,Gemma4,justification_similarity,Appendix Figure A2,mean image-conditioned cosine similarity,F/High/Cons/Prag,F/Low /Prog/Empa,0.54922038316726685
gemma-4-E4B-it_t01,Gemma4,justification_similarity,Appendix Figure A2,mean image-conditioned cosine similarity,F/High/Prog/Anal,F/Low /Prog/Empa,0.5428435206413269
gemma-4-E4B-it_t01,Gemma4,justification_similarity,Appendix Figure A2,mean image-conditioned cosine similarity,F/High/Prog/Empa,F/Low /Prog/Empa,0.58554601669311523
gemma-4-E4B-it_t01,Gemma4,justification_similarity,Appendix Figure A2,mean image-conditioned cosine similarity,F/High/Prog/Prag,F/Low /Prog/Empa,0.57222831249237061
gemma-4-E4B-it_t01,Gemma4,justification_similarity,Appendix Figure A2,mean image-conditioned cosine similarity,F/Low /Cons/Anal,F/Low /Prog/Empa,0.55869358777999878
gemma-4-E4B-it_t01,Gemma4,justification_similarity,Appendix Figure A2,mean image-conditioned cosine similarity,F/Low /Cons/Empa,F/Low /Prog/Empa,0.62278604507446289
gemma-4-E4B-it_t01,Gemma4,justification_similarity,Appendix Figure A2,mean image-conditioned cosine similarity,F/Low /Cons/Prag,F/Low /Prog/Empa,0.53801363706588745
gemma-4-E4B-it_t01,Gemma4,justification_similarity,Appendix Figure A2,mean image-conditioned cosine similarity,F/Low /Prog/Anal,F/Low /Prog/Empa,0.59939754009246826
gemma-4-E4B-it_t01,Gemma4,justification_similarity,Appendix Figure A2,mean image-conditioned cosine similarity,F/Low /Prog/Empa,F/Low /Prog/Empa,0.82650315880775449
gemma-4-E4B-it_t01,Gemma4,justification_similarity,Appendix Figure A2,mean image-conditioned cosine similarity,F/Low /Prog/Prag,F/Low /Prog/Empa,0.61998617649078369
gemma-4-E4B-it_t01,Gemma4,justification_similarity,Appendix Figure A2,mean image-conditioned cosine similarity,M/High/Cons/Anal,F/Low /Prog/Empa,0.49522358179092407
gemma-4-E4B-it_t01,Gemma4,justification_similarity,Appendix Figure A2,mean image-conditioned cosine similarity,M/High/Cons/Empa,F/Low /Prog/Empa,0.58511465787887573
gemma-4-E4B-it_t01,Gemma4,justification_similarity,Appendix Figure A2,mean image-conditioned cosine similarity,M/High/Cons/Prag,F/Low /Prog/Empa,0.53355860710144043
gemma-4-E4B-it_t01,Gemma4,justification_similarity,Appendix Figure A2,mean image-conditioned cosine similarity,M/High/Prog/Anal,F/Low /Prog/Empa,0.53050309419631958
gemma-4-E4B-it_t01,Gemma4,justification_similarity,Appendix Figure A2,mean image-conditioned cosine similarity,M/High/Prog/Empa,F/Low /Prog/Empa,0.57568109035491943
gemma-4-E4B-it_t01,Gemma4,justification_similarity,Appendix Figure A2,mean image-conditioned cosine similarity,M/High/Prog/Prag,F/Low /Prog/Empa,0.55762213468551636
gemma-4-E4B-it_t01,Gemma4,justification_similarity,Appendix Figure A2,mean image-conditioned cosine similarity,M/Low /Cons/Anal,F/Low /Prog/Empa,0.53414565324783325
gemma-4-E4B-it_t01,Gemma4,justification_similarity,Appendix Figure A2,mean image-conditioned cosine similarity,M/Low /Cons/Empa,F/Low /Prog/Empa,0.60130292177200317
gemma-4-E4B-it_t01,Gemma4,justification_similarity,Appendix Figure A2,mean image-conditioned cosine similarity,M/Low /Cons/Prag,F/Low /Prog/Empa,0.52002501487731934
gemma-4-E4B-it_t01,Gemma4,justification_similarity,Appendix Figure A2,mean image-conditioned cosine similarity,M/Low /Prog/Anal,F/Low /Prog/Empa,0.57873320579528809
gemma-4-E4B-it_t01,Gemma4,justification_similarity,Appendix Figure A2,mean image-conditioned cosine similarity,M/Low /Prog/Empa,F/Low /Prog/Empa,0.75683426856994629
gemma-4-E4B-it_t01,Gemma4,justification_similarity,Appendix Figure A2,mean image-conditioned cosine similarity,M/Low /Prog/Prag,F/Low /Prog/Empa,0.58067291975021362
gemma-4-E4B-it_t01,Gemma4,justification_similarity,Appendix Figure A2,mean image-conditioned cosine similarity,F/High/Cons/Anal,F/Low /Prog/Prag,0.51705259084701538
gemma-4-E4B-it_t01,Gemma4,justification_similarity,Appendix Figure A2,mean image-conditioned cosine similarity,F/High/Cons/Empa,F/Low /Prog/Prag,0.54274088144302368
gemma-4-E4B-it_t01,Gemma4,justification_similarity,Appendix Figure A2,mean image-conditioned cosine similarity,F/High/Cons/Prag,F/Low /Prog/Prag,0.59178704023361206
gemma-4-E4B-it_t01,Gemma4,justification_similarity,Appendix Figure A2,mean image-conditioned cosine similarity,F/High/Prog/Anal,F/Low /Prog/Prag,0.51056253910064697
gemma-4-E4B-it_t01,Gemma4,justification_similarity,Appendix Figure A2,mean image-conditioned cosine similarity,F/High/Prog/Empa,F/Low /Prog/Prag,0.51844620704650879
gemma-4-E4B-it_t01,Gemma4,justification_similarity,Appendix Figure A2,mean image-conditioned cosine similarity,F/High/Prog/Prag,F/Low /Prog/Prag,0.54951286315917969
gemma-4-E4B-it_t01,Gemma4,justification_similarity,Appendix Figure A2,mean image-conditioned cosine similarity,F/Low /Cons/Anal,F/Low /Prog/Prag,0.61686742305755615
gemma-4-E4B-it_t01,Gemma4,justification_similarity,Appendix Figure A2,mean image-conditioned cosine similarity,F/Low /Cons/Empa,F/Low /Prog/Prag,0.62763631343841553
gemma-4-E4B-it_t01,Gemma4,justification_similarity,Appendix Figure A2,mean image-conditioned cosine similarity,F/Low /Cons/Prag,F/Low /Prog/Prag,0.61947143077850342
gemma-4-E4B-it_t01,Gemma4,justification_similarity,Appendix Figure A2,mean image-conditioned cosine similarity,F/Low /Prog/Anal,F/Low /Prog/Prag,0.58973896503448486
gemma-4-E4B-it_t01,Gemma4,justification_similarity,Appendix Figure A2,mean image-conditioned cosine similarity,F/Low /Prog/Empa,F/Low /Prog/Prag,0.61998617649078369
gemma-4-E4B-it_t01,Gemma4,justification_similarity,Appendix Figure A2,mean image-conditioned cosine similarity,F/Low /Prog/Prag,F/Low /Prog/Prag,0.81299085617065425
gemma-4-E4B-it_t01,Gemma4,justification_similarity,Appendix Figure A2,mean image-conditioned cosine similarity,M/High/Cons/Anal,F/Low /Prog/Prag,0.51076811552047729
gemma-4-E4B-it_t01,Gemma4,justification_similarity,Appendix Figure A2,mean image-conditioned cosine similarity,M/High/Cons/Empa,F/Low /Prog/Prag,0.55959045886993408
gemma-4-E4B-it_t01,Gemma4,justification_similarity,Appendix Figure A2,mean image-conditioned cosine similarity,M/High/Cons/Prag,F/Low /Prog/Prag,0.5765073299407959
gemma-4-E4B-it_t01,Gemma4,justification_similarity,Appendix Figure A2,mean image-conditioned cosine similarity,M/High/Prog/Anal,F/Low /Prog/Prag,0.50052028894424438
gemma-4-E4B-it_t01,Gemma4,justification_similarity,Appendix Figure A2,mean image-conditioned cosine similarity,M/High/Prog/Empa,F/Low /Prog/Prag,0.51385831832885742
gemma-4-E4B-it_t01,Gemma4,justification_similarity,Appendix Figure A2,mean image-conditioned cosine similarity,M/High/Prog/Prag,F/Low /Prog/Prag,0.54767775535583496
gemma-4-E4B-it_t01,Gemma4,justification_similarity,Appendix Figure A2,mean image-conditioned cosine similarity,M/Low /Cons/Anal,F/Low /Prog/Prag,0.60261344909667969
gemma-4-E4B-it_t01,Gemma4,justification_similarity,Appendix Figure A2,mean image-conditioned cosine similarity,M/Low /Cons/Empa,F/Low /Prog/Prag,0.63376295566558838
gemma-4-E4B-it_t01,Gemma4,justification_similarity,Appendix Figure A2,mean image-conditioned cosine similarity,M/Low /Cons/Prag,F/Low /Prog/Prag,0.60642606019973755
gemma-4-E4B-it_t01,Gemma4,justification_similarity,Appendix Figure A2,mean image-conditioned cosine similarity,M/Low /Prog/Anal,F/Low /Prog/Prag,0.58055621385574341
gemma-4-E4B-it_t01,Gemma4,justification_similarity,Appendix Figure A2,mean image-conditioned cosine similarity,M/Low /Prog/Empa,F/Low /Prog/Prag,0.63998150825500488
gemma-4-E4B-it_t01,Gemma4,justification_similarity,Appendix Figure A2,mean image-conditioned cosine similarity,M/Low /Prog/Prag,F/Low /Prog/Prag,0.73019891977310181
gemma-4-E4B-it_t01,Gemma4,justification_similarity,Appendix Figure A2,mean image-conditioned cosine similarity,F/High/Cons/Anal,M/High/Cons/Anal,0.77263253927230835
gemma-4-E4B-it_t01,Gemma4,justification_similarity,Appendix Figure A2,mean image-conditioned cosine similarity,F/High/Cons/Empa,M/High/Cons/Anal,0.59557759761810303
gemma-4-E4B-it_t01,Gemma4,justification_similarity,Appendix Figure A2,mean image-conditioned cosine similarity,F/High/Cons/Prag,M/High/Cons/Anal,0.62038886547088623
gemma-4-E4B-it_t01,Gemma4,justification_similarity,Appendix Figure A2,mean image-conditioned cosine similarity,F/High/Prog/Anal,M/High/Cons/Anal,0.65903961658477783
gemma-4-E4B-it_t01,Gemma4,justification_similarity,Appendix Figure A2,mean image-conditioned cosine similarity,F/High/Prog/Empa,M/High/Cons/Anal,0.58093607425689697
gemma-4-E4B-it_t01,Gemma4,justification_similarity,Appendix Figure A2,mean image-conditioned cosine similarity,F/High/Prog/Prag,M/High/Cons/Anal,0.65756726264953613
gemma-4-E4B-it_t01,Gemma4,justification_similarity,Appendix Figure A2,mean image-conditioned cosine similarity,F/Low /Cons/Anal,M/High/Cons/Anal,0.5524604320526123
gemma-4-E4B-it_t01,Gemma4,justification_similarity,Appendix Figure A2,mean image-conditioned cosine similarity,F/Low /Cons/Empa,M/High/Cons/Anal,0.46480163931846619
gemma-4-E4B-it_t01,Gemma4,justification_similarity,Appendix Figure A2,mean image-conditioned cosine similarity,F/Low /Cons/Prag,M/High/Cons/Anal,0.47709491848945618
gemma-4-E4B-it_t01,Gemma4,justification_similarity,Appendix Figure A2,mean image-conditioned cosine similarity,F/Low /Prog/Anal,M/High/Cons/Anal,0.62485939264297485
gemma-4-E4B-it_t01,Gemma4,justification_similarity,Appendix Figure A2,mean image-conditioned cosine similarity,F/Low /Prog/Empa,M/High/Cons/Anal,0.49522358179092407
gemma-4-E4B-it_t01,Gemma4,justification_similarity,Appendix Figure A2,mean image-conditioned cosine similarity,F/Low /Prog/Prag,M/High/Cons/Anal,0.51076811552047729
gemma-4-E4B-it_t01,Gemma4,justification_similarity,Appendix Figure A2,mean image-conditioned cosine similarity,M/High/Cons/Anal,M/High/Cons/Anal,0.82465316176414494
gemma-4-E4B-it_t01,Gemma4,justification_similarity,Appendix Figure A2,mean image-conditioned cosine similarity,M/High/Cons/Empa,M/High/Cons/Anal,0.60714966058731079
gemma-4-E4B-it_t01,Gemma4,justification_similarity,Appendix Figure A2,mean image-conditioned cosine similarity,M/High/Cons/Prag,M/High/Cons/Anal,0.62513113021850586
gemma-4-E4B-it_t01,Gemma4,justification_similarity,Appendix Figure A2,mean image-conditioned cosine similarity,M/High/Prog/Anal,M/High/Cons/Anal,0.6706078052520752
gemma-4-E4B-it_t01,Gemma4,justification_similarity,Appendix Figure A2,mean image-conditioned cosine similarity,M/High/Prog/Empa,M/High/Cons/Anal,0.60867440700531006
gemma-4-E4B-it_t01,Gemma4,justification_similarity,Appendix Figure A2,mean image-conditioned cosine similarity,M/High/Prog/Prag,M/High/Cons/Anal,0.68542021512985229
gemma-4-E4B-it_t01,Gemma4,justification_similarity,Appendix Figure A2,mean image-conditioned cosine similarity,M/Low /Cons/Anal,M/High/Cons/Anal,0.5514104962348938
gemma-4-E4B-it_t01,Gemma4,justification_similarity,Appendix Figure A2,mean image-conditioned cosine similarity,M/Low /Cons/Empa,M/High/Cons/Anal,0.47507297992706299
gemma-4-E4B-it_t01,Gemma4,justification_similarity,Appendix Figure A2,mean image-conditioned cosine similarity,M/Low /Cons/Prag,M/High/Cons/Anal,0.47266605496406555
gemma-4-E4B-it_t01,Gemma4,justification_similarity,Appendix Figure A2,mean image-conditioned cosine similarity,M/Low /Prog/Anal,M/High/Cons/Anal,0.6411130428314209
gemma-4-E4B-it_t01,Gemma4,justification_similarity,Appendix Figure A2,mean image-conditioned cosine similarity,M/Low /Prog/Empa,M/High/Cons/Anal,0.49781486392021179
gemma-4-E4B-it_t01,Gemma4,justification_similarity,Appendix Figure A2,mean image-conditioned cosine similarity,M/Low /Prog/Prag,M/High/Cons/Anal,0.50186610221862793
gemma-4-E4B-it_t01,Gemma4,justification_similarity,Appendix Figure A2,mean image-conditioned cosine similarity,F/High/Cons/Anal,M/High/Cons/Empa,0.63085603713989258
gemma-4-E4B-it_t01,Gemma4,justification_similarity,Appendix Figure A2,mean image-conditioned cosine similarity,F/High/Cons/Empa,M/High/Cons/Empa,0.74556291103363037
gemma-4-E4B-it_t01,Gemma4,justification_similarity,Appendix Figure A2,mean image-conditioned cosine similarity,F/High/Cons/Prag,M/High/Cons/Empa,0.64266288280487061
gemma-4-E4B-it_t01,Gemma4,justification_similarity,Appendix Figure A2,mean image-conditioned cosine similarity,F/High/Prog/Anal,M/High/Cons/Empa,0.61911463737487793
gemma-4-E4B-it_t01,Gemma4,justification_similarity,Appendix Figure A2,mean image-conditioned cosine similarity,F/High/Prog/Empa,M/High/Cons/Empa,0.64368599653244019
gemma-4-E4B-it_t01,Gemma4,justification_similarity,Appendix Figure A2,mean image-conditioned cosine similarity,F/High/Prog/Prag,M/High/Cons/Empa,0.67783308029174805
gemma-4-E4B-it_t01,Gemma4,justification_similarity,Appendix Figure A2,mean image-conditioned cosine similarity,F/Low /Cons/Anal,M/High/Cons/Empa,0.5756801962852478
gemma-4-E4B-it_t01,Gemma4,justification_similarity,Appendix Figure A2,mean image-conditioned cosine similarity,F/Low /Cons/Empa,M/High/Cons/Empa,0.52985215187072754
gemma-4-E4B-it_t01,Gemma4,justification_similarity,Appendix Figure A2,mean image-conditioned cosine similarity,F/Low /Cons/Prag,M/High/Cons/Empa,0.50366270542144775
gemma-4-E4B-it_t01,Gemma4,justification_similarity,Appendix Figure A2,mean image-conditioned cosine similarity,F/Low /Prog/Anal,M/High/Cons/Empa,0.61519795656204224
gemma-4-E4B-it_t01,Gemma4,justification_similarity,Appendix Figure A2,mean image-conditioned cosine similarity,F/Low /Prog/Empa,M/High/Cons/Empa,0.58511465787887573
gemma-4-E4B-it_t01,Gemma4,justification_similarity,Appendix Figure A2,mean image-conditioned cosine similarity,F/Low /Prog/Prag,M/High/Cons/Empa,0.55959045886993408
gemma-4-E4B-it_t01,Gemma4,justification_similarity,Appendix Figure A2,mean image-conditioned cosine similarity,M/High/Cons/Anal,M/High/Cons/Empa,0.60714966058731079
gemma-4-E4B-it_t01,Gemma4,justification_similarity,Appendix Figure A2,mean image-conditioned cosine similarity,M/High/Cons/Empa,M/High/Cons/Empa,0.81451440095901484
gemma-4-E4B-it_t01,Gemma4,justification_similarity,Appendix Figure A2,mean image-conditioned cosine similarity,M/High/Cons/Prag,M/High/Cons/Empa,0.62426543235778809
gemma-4-E4B-it_t01,Gemma4,justification_similarity,Appendix Figure A2,mean image-conditioned cosine similarity,M/High/Prog/Anal,M/High/Cons/Empa,0.61216312646865845
gemma-4-E4B-it_t01,Gemma4,justification_similarity,Appendix Figure A2,mean image-conditioned cosine similarity,M/High/Prog/Empa,M/High/Cons/Empa,0.66144579648971558
gemma-4-E4B-it_t01,Gemma4,justification_similarity,Appendix Figure A2,mean image-conditioned cosine similarity,M/High/Prog/Prag,M/High/Cons/Empa,0.66793596744537354
gemma-4-E4B-it_t01,Gemma4,justification_similarity,Appendix Figure A2,mean image-conditioned cosine similarity,M/Low /Cons/Anal,M/High/Cons/Empa,0.56784147024154663
gemma-4-E4B-it_t01,Gemma4,justification_similarity,Appendix Figure A2,mean image-conditioned cosine similarity,M/Low /Cons/Empa,M/High/Cons/Empa,0.53437376022338867
gemma-4-E4B-it_t01,Gemma4,justification_similarity,Appendix Figure A2,mean image-conditioned cosine similarity,M/Low /Cons/Prag,M/High/Cons/Empa,0.4938158392906189
gemma-4-E4B-it_t01,Gemma4,justification_similarity,Appendix Figure A2,mean image-conditioned cosine similarity,M/Low /Prog/Anal,M/High/Cons/Empa,0.61139428615570068
gemma-4-E4B-it_t01,Gemma4,justification_similarity,Appendix Figure A2,mean image-conditioned cosine similarity,M/Low /Prog/Empa,M/High/Cons/Empa,0.57662028074264526
gemma-4-E4B-it_t01,Gemma4,justification_similarity,Appendix Figure A2,mean image-conditioned cosine similarity,M/Low /Prog/Prag,M/High/Cons/Empa,0.5451546311378479
gemma-4-E4B-it_t01,Gemma4,justification_similarity,Appendix Figure A2,mean image-conditioned cosine similarity,F/High/Cons/Anal,M/High/Cons/Prag,0.62979578971862793
gemma-4-E4B-it_t01,Gemma4,justification_similarity,Appendix Figure A2,mean image-conditioned cosine similarity,F/High/Cons/Empa,M/High/Cons/Prag,0.59582811594009399
gemma-4-E4B-it_t01,Gemma4,justification_similarity,Appendix Figure A2,mean image-conditioned cosine similarity,F/High/Cons/Prag,M/High/Cons/Prag,0.78345406055450439
gemma-4-E4B-it_t01,Gemma4,justification_similarity,Appendix Figure A2,mean image-conditioned cosine similarity,F/High/Prog/Anal,M/High/Cons/Prag,0.5680193305015564
gemma-4-E4B-it_t01,Gemma4,justification_similarity,Appendix Figure A2,mean image-conditioned cosine similarity,F/High/Prog/Empa,M/High/Cons/Prag,0.54235893487930298
gemma-4-E4B-it_t01,Gemma4,justification_similarity,Appendix Figure A2,mean image-conditioned cosine similarity,F/High/Prog/Prag,M/High/Cons/Prag,0.61687654256820679
gemma-4-E4B-it_t01,Gemma4,justification_similarity,Appendix Figure A2,mean image-conditioned cosine similarity,F/Low /Cons/Anal,M/High/Cons/Prag,0.63883185386657715
gemma-4-E4B-it_t01,Gemma4,justification_similarity,Appendix Figure A2,mean image-conditioned cosine similarity,F/Low /Cons/Empa,M/High/Cons/Prag,0.53561204671859741
gemma-4-E4B-it_t01,Gemma4,justification_similarity,Appendix Figure A2,mean image-conditioned cosine similarity,F/Low /Cons/Prag,M/High/Cons/Prag,0.57265204191207886
gemma-4-E4B-it_t01,Gemma4,justification_similarity,Appendix Figure A2,mean image-conditioned cosine similarity,F/Low /Prog/Anal,M/High/Cons/Prag,0.59187066555023193
gemma-4-E4B-it_t01,Gemma4,justification_similarity,Appendix Figure A2,mean image-conditioned cosine similarity,F/Low /Prog/Empa,M/High/Cons/Prag,0.53355860710144043
gemma-4-E4B-it_t01,Gemma4,justification_similarity,Appendix Figure A2,mean image-conditioned cosine similarity,F/Low /Prog/Prag,M/High/Cons/Prag,0.5765073299407959
gemma-4-E4B-it_t01,Gemma4,justification_similarity,Appendix Figure A2,mean image-conditioned cosine similarity,M/High/Cons/Anal,M/High/Cons/Prag,0.62513113021850586
gemma-4-E4B-it_t01,Gemma4,justification_similarity,Appendix Figure A2,mean image-conditioned cosine similarity,M/High/Cons/Empa,M/High/Cons/Prag,0.62426543235778809
gemma-4-E4B-it_t01,Gemma4,justification_similarity,Appendix Figure A2,mean image-conditioned cosine similarity,M/High/Cons/Prag,M/High/Cons/Prag,0.8386394226551056
gemma-4-E4B-it_t01,Gemma4,justification_similarity,Appendix Figure A2,mean image-conditioned cosine similarity,M/High/Prog/Anal,M/High/Cons/Prag,0.56797796487808228
gemma-4-E4B-it_t01,Gemma4,justification_similarity,Appendix Figure A2,mean image-conditioned cosine similarity,M/High/Prog/Empa,M/High/Cons/Prag,0.55833989381790161
gemma-4-E4B-it_t01,Gemma4,justification_similarity,Appendix Figure A2,mean image-conditioned cosine similarity,M/High/Prog/Prag,M/High/Cons/Prag,0.62958896160125732
gemma-4-E4B-it_t01,Gemma4,justification_similarity,Appendix Figure A2,mean image-conditioned cosine similarity,M/Low /Cons/Anal,M/High/Cons/Prag,0.643829345703125
gemma-4-E4B-it_t01,Gemma4,justification_similarity,Appendix Figure A2,mean image-conditioned cosine similarity,M/Low /Cons/Empa,M/High/Cons/Prag,0.55996078252792358
gemma-4-E4B-it_t01,Gemma4,justification_similarity,Appendix Figure A2,mean image-conditioned cosine similarity,M/Low /Cons/Prag,M/High/Cons/Prag,0.56642496585845947
gemma-4-E4B-it_t01,Gemma4,justification_similarity,Appendix Figure A2,mean image-conditioned cosine similarity,M/Low /Prog/Anal,M/High/Cons/Prag,0.60414528846740723
gemma-4-E4B-it_t01,Gemma4,justification_similarity,Appendix Figure A2,mean image-conditioned cosine similarity,M/Low /Prog/Empa,M/High/Cons/Prag,0.53722852468490601
gemma-4-E4B-it_t01,Gemma4,justification_similarity,Appendix Figure A2,mean image-conditioned cosine similarity,M/Low /Prog/Prag,M/High/Cons/Prag,0.57615387439727783
gemma-4-E4B-it_t01,Gemma4,justification_similarity,Appendix Figure A2,mean image-conditioned cosine similarity,F/High/Cons/Anal,M/High/Prog/Anal,0.69173532724380493
gemma-4-E4B-it_t01,Gemma4,justification_similarity,Appendix Figure A2,mean image-conditioned cosine similarity,F/High/Cons/Empa,M/High/Prog/Anal,0.60717642307281494
gemma-4-E4B-it_t01,Gemma4,justification_similarity,Appendix Figure A2,mean image-conditioned cosine similarity,F/High/Cons/Prag,M/High/Prog/Anal,0.57227146625518799
gemma-4-E4B-it_t01,Gemma4,justification_similarity,Appendix Figure A2,mean image-conditioned cosine similarity,F/High/Prog/Anal,M/High/Prog/Anal,0.80762338638305664
gemma-4-E4B-it_t01,Gemma4,justification_similarity,Appendix Figure A2,mean image-conditioned cosine similarity,F/High/Prog/Empa,M/High/Prog/Anal,0.65534734725952148
gemma-4-E4B-it_t01,Gemma4,justification_similarity,Appendix Figure A2,mean image-conditioned cosine similarity,F/High/Prog/Prag,M/High/Prog/Anal,0.69135385751724243
gemma-4-E4B-it_t01,Gemma4,justification_similarity,Appendix Figure A2,mean image-conditioned cosine similarity,F/Low /Cons/Anal,M/High/Prog/Anal,0.53230303525924683
gemma-4-E4B-it_t01,Gemma4,justification_similarity,Appendix Figure A2,mean image-conditioned cosine similarity,F/Low /Cons/Empa,M/High/Prog/Anal,0.47200420498847961
gemma-4-E4B-it_t01,Gemma4,justification_similarity,Appendix Figure A2,mean image-conditioned cosine similarity,F/Low /Cons/Prag,M/High/Prog/Anal,0.46712836623191833
gemma-4-E4B-it_t01,Gemma4,justification_similarity,Appendix Figure A2,mean image-conditioned cosine similarity,F/Low /Prog/Anal,M/High/Prog/Anal,0.63733911514282227
gemma-4-E4B-it_t01,Gemma4,justification_similarity,Appendix Figure A2,mean image-conditioned cosine similarity,F/Low /Prog/Empa,M/High/Prog/Anal,0.53050309419631958
gemma-4-E4B-it_t01,Gemma4,justification_similarity,Appendix Figure A2,mean image-conditioned cosine similarity,F/Low /Prog/Prag,M/High/Prog/Anal,0.50052028894424438
gemma-4-E4B-it_t01,Gemma4,justification_similarity,Appendix Figure A2,mean image-conditioned cosine similarity,M/High/Cons/Anal,M/High/Prog/Anal,0.6706078052520752
gemma-4-E4B-it_t01,Gemma4,justification_similarity,Appendix Figure A2,mean image-conditioned cosine similarity,M/High/Cons/Empa,M/High/Prog/Anal,0.61216312646865845
gemma-4-E4B-it_t01,Gemma4,justification_similarity,Appendix Figure A2,mean image-conditioned cosine similarity,M/High/Cons/Prag,M/High/Prog/Anal,0.56797796487808228
gemma-4-E4B-it_t01,Gemma4,justification_similarity,Appendix Figure A2,mean image-conditioned cosine similarity,M/High/Prog/Anal,M/High/Prog/Anal,0.83501536488533024
gemma-4-E4B-it_t01,Gemma4,justification_similarity,Appendix Figure A2,mean image-conditioned cosine similarity,M/High/Prog/Empa,M/High/Prog/Anal,0.68352377414703369
gemma-4-E4B-it_t01,Gemma4,justification_similarity,Appendix Figure A2,mean image-conditioned cosine similarity,M/High/Prog/Prag,M/High/Prog/Anal,0.69366693496704102
gemma-4-E4B-it_t01,Gemma4,justification_similarity,Appendix Figure A2,mean image-conditioned cosine similarity,M/Low /Cons/Anal,M/High/Prog/Anal,0.52701503038406372
gemma-4-E4B-it_t01,Gemma4,justification_similarity,Appendix Figure A2,mean image-conditioned cosine similarity,M/Low /Cons/Empa,M/High/Prog/Anal,0.47709619998931885
gemma-4-E4B-it_t01,Gemma4,justification_similarity,Appendix Figure A2,mean image-conditioned cosine similarity,M/Low /Cons/Prag,M/High/Prog/Anal,0.45343750715255737
gemma-4-E4B-it_t01,Gemma4,justification_similarity,Appendix Figure A2,mean image-conditioned cosine similarity,M/Low /Prog/Anal,M/High/Prog/Anal,0.63677805662155151
gemma-4-E4B-it_t01,Gemma4,justification_similarity,Appendix Figure A2,mean image-conditioned cosine similarity,M/Low /Prog/Empa,M/High/Prog/Anal,0.53141480684280396
gemma-4-E4B-it_t01,Gemma4,justification_similarity,Appendix Figure A2,mean image-conditioned cosine similarity,M/Low /Prog/Prag,M/High/Prog/Anal,0.4930649995803833
gemma-4-E4B-it_t01,Gemma4,justification_similarity,Appendix Figure A2,mean image-conditioned cosine similarity,F/High/Cons/Anal,M/High/Prog/Empa,0.62650424242019653
gemma-4-E4B-it_t01,Gemma4,justification_similarity,Appendix Figure A2,mean image-conditioned cosine similarity,F/High/Cons/Empa,M/High/Prog/Empa,0.68580949306488037
gemma-4-E4B-it_t01,Gemma4,justification_similarity,Appendix Figure A2,mean image-conditioned cosine similarity,F/High/Cons/Prag,M/High/Prog/Empa,0.56194859743118286
gemma-4-E4B-it_t01,Gemma4,justification_similarity,Appendix Figure A2,mean image-conditioned cosine similarity,F/High/Prog/Anal,M/High/Prog/Empa,0.70258951187133789
gemma-4-E4B-it_t01,Gemma4,justification_similarity,Appendix Figure A2,mean image-conditioned cosine similarity,F/High/Prog/Empa,M/High/Prog/Empa,0.80706644058227539
gemma-4-E4B-it_t01,Gemma4,justification_similarity,Appendix Figure A2,mean image-conditioned cosine similarity,F/High/Prog/Prag,M/High/Prog/Empa,0.67978262901306152
gemma-4-E4B-it_t01,Gemma4,justification_similarity,Appendix Figure A2,mean image-conditioned cosine similarity,F/Low /Cons/Anal,M/High/Prog/Empa,0.52888631820678711
gemma-4-E4B-it_t01,Gemma4,justification_similarity,Appendix Figure A2,mean image-conditioned cosine similarity,F/Low /Cons/Empa,M/High/Prog/Empa,0.49308666586875916
gemma-4-E4B-it_t01,Gemma4,justification_similarity,Appendix Figure A2,mean image-conditioned cosine similarity,F/Low /Cons/Prag,M/High/Prog/Empa,0.47381183505058289
gemma-4-E4B-it_t01,Gemma4,justification_similarity,Appendix Figure A2,mean image-conditioned cosine similarity,F/Low /Prog/Anal,M/High/Prog/Empa,0.62564408779144287
gemma-4-E4B-it_t01,Gemma4,justification_similarity,Appendix Figure A2,mean image-conditioned cosine similarity,F/Low /Prog/Empa,M/High/Prog/Empa,0.57568109035491943
gemma-4-E4B-it_t01,Gemma4,justification_similarity,Appendix Figure A2,mean image-conditioned cosine similarity,F/Low /Prog/Prag,M/High/Prog/Empa,0.51385831832885742
gemma-4-E4B-it_t01,Gemma4,justification_similarity,Appendix Figure A2,mean image-conditioned cosine similarity,M/High/Cons/Anal,M/High/Prog/Empa,0.60867440700531006
gemma-4-E4B-it_t01,Gemma4,justification_similarity,Appendix Figure A2,mean image-conditioned cosine similarity,M/High/Cons/Empa,M/High/Prog/Empa,0.66144579648971558
gemma-4-E4B-it_t01,Gemma4,justification_similarity,Appendix Figure A2,mean image-conditioned cosine similarity,M/High/Cons/Prag,M/High/Prog/Empa,0.55833989381790161
gemma-4-E4B-it_t01,Gemma4,justification_similarity,Appendix Figure A2,mean image-conditioned cosine similarity,M/High/Prog/Anal,M/High/Prog/Empa,0.68352377414703369
gemma-4-E4B-it_t01,Gemma4,justification_similarity,Appendix Figure A2,mean image-conditioned cosine similarity,M/High/Prog/Empa,M/High/Prog/Empa,0.85206893205642698
gemma-4-E4B-it_t01,Gemma4,justification_similarity,Appendix Figure A2,mean image-conditioned cosine similarity,M/High/Prog/Prag,M/High/Prog/Empa,0.66311436891555786
gemma-4-E4B-it_t01,Gemma4,justification_similarity,Appendix Figure A2,mean image-conditioned cosine similarity,M/Low /Cons/Anal,M/High/Prog/Empa,0.52724111080169678
gemma-4-E4B-it_t01,Gemma4,justification_similarity,Appendix Figure A2,mean image-conditioned cosine similarity,M/Low /Cons/Empa,M/High/Prog/Empa,0.49883034825325012
gemma-4-E4B-it_t01,Gemma4,justification_similarity,Appendix Figure A2,mean image-conditioned cosine similarity,M/Low /Cons/Prag,M/High/Prog/Empa,0.45950412750244141
gemma-4-E4B-it_t01,Gemma4,justification_similarity,Appendix Figure A2,mean image-conditioned cosine similarity,M/Low /Prog/Anal,M/High/Prog/Empa,0.61399561166763306
gemma-4-E4B-it_t01,Gemma4,justification_similarity,Appendix Figure A2,mean image-conditioned cosine similarity,M/Low /Prog/Empa,M/High/Prog/Empa,0.56641662120819092
gemma-4-E4B-it_t01,Gemma4,justification_similarity,Appendix Figure A2,mean image-conditioned cosine similarity,M/Low /Prog/Prag,M/High/Prog/Empa,0.50048613548278809
gemma-4-E4B-it_t01,Gemma4,justification_similarity,Appendix Figure A2,mean image-conditioned cosine similarity,F/High/Cons/Anal,M/High/Prog/Prag,0.7013556957244873
gemma-4-E4B-it_t01,Gemma4,justification_similarity,Appendix Figure A2,mean image-conditioned cosine similarity,F/High/Cons/Empa,M/High/Prog/Prag,0.6461336612701416
gemma-4-E4B-it_t01,Gemma4,justification_similarity,Appendix Figure A2,mean image-conditioned cosine similarity,F/High/Cons/Prag,M/High/Prog/Prag,0.63410854339599609
gemma-4-E4B-it_t01,Gemma4,justification_similarity,Appendix Figure A2,mean image-conditioned cosine similarity,F/High/Prog/Anal,M/High/Prog/Prag,0.68527168035507202
gemma-4-E4B-it_t01,Gemma4,justification_similarity,Appendix Figure A2,mean image-conditioned cosine similarity,F/High/Prog/Empa,M/High/Prog/Prag,0.63540619611740112
gemma-4-E4B-it_t01,Gemma4,justification_similarity,Appendix Figure A2,mean image-conditioned cosine similarity,F/High/Prog/Prag,M/High/Prog/Prag,0.76649975776672363
gemma-4-E4B-it_t01,Gemma4,justification_similarity,Appendix Figure A2,mean image-conditioned cosine similarity,F/Low /Cons/Anal,M/High/Prog/Prag,0.55889427661895752
gemma-4-E4B-it_t01,Gemma4,justification_similarity,Appendix Figure A2,mean image-conditioned cosine similarity,F/Low /Cons/Empa,M/High/Prog/Prag,0.49861803650856018
gemma-4-E4B-it_t01,Gemma4,justification_similarity,Appendix Figure A2,mean image-conditioned cosine similarity,F/Low /Cons/Prag,M/High/Prog/Prag,0.49008333683013916
gemma-4-E4B-it_t01,Gemma4,justification_similarity,Appendix Figure A2,mean image-conditioned cosine similarity,F/Low /Prog/Anal,M/High/Prog/Prag,0.66665613651275635
gemma-4-E4B-it_t01,Gemma4,justification_similarity,Appendix Figure A2,mean image-conditioned cosine similarity,F/Low /Prog/Empa,M/High/Prog/Prag,0.55762213468551636
gemma-4-E4B-it_t01,Gemma4,justification_similarity,Appendix Figure A2,mean image-conditioned cosine similarity,F/Low /Prog/Prag,M/High/Prog/Prag,0.54767775535583496
gemma-4-E4B-it_t01,Gemma4,justification_similarity,Appendix Figure A2,mean image-conditioned cosine similarity,M/High/Cons/Anal,M/High/Prog/Prag,0.68542021512985229
gemma-4-E4B-it_t01,Gemma4,justification_similarity,Appendix Figure A2,mean image-conditioned cosine similarity,M/High/Cons/Empa,M/High/Prog/Prag,0.66793596744537354
gemma-4-E4B-it_t01,Gemma4,justification_similarity,Appendix Figure A2,mean image-conditioned cosine similarity,M/High/Cons/Prag,M/High/Prog/Prag,0.62958896160125732
gemma-4-E4B-it_t01,Gemma4,justification_similarity,Appendix Figure A2,mean image-conditioned cosine similarity,M/High/Prog/Anal,M/High/Prog/Prag,0.69366693496704102
gemma-4-E4B-it_t01,Gemma4,justification_similarity,Appendix Figure A2,mean image-conditioned cosine similarity,M/High/Prog/Empa,M/High/Prog/Prag,0.66311436891555786
gemma-4-E4B-it_t01,Gemma4,justification_similarity,Appendix Figure A2,mean image-conditioned cosine similarity,M/High/Prog/Prag,M/High/Prog/Prag,0.84009964823722838
gemma-4-E4B-it_t01,Gemma4,justification_similarity,Appendix Figure A2,mean image-conditioned cosine similarity,M/Low /Cons/Anal,M/High/Prog/Prag,0.55919069051742554
gemma-4-E4B-it_t01,Gemma4,justification_similarity,Appendix Figure A2,mean image-conditioned cosine similarity,M/Low /Cons/Empa,M/High/Prog/Prag,0.50307130813598633
gemma-4-E4B-it_t01,Gemma4,justification_similarity,Appendix Figure A2,mean image-conditioned cosine similarity,M/Low /Cons/Prag,M/High/Prog/Prag,0.48235133290290833
gemma-4-E4B-it_t01,Gemma4,justification_similarity,Appendix Figure A2,mean image-conditioned cosine similarity,M/Low /Prog/Anal,M/High/Prog/Prag,0.66845184564590454
gemma-4-E4B-it_t01,Gemma4,justification_similarity,Appendix Figure A2,mean image-conditioned cosine similarity,M/Low /Prog/Empa,M/High/Prog/Prag,0.55520200729370117
gemma-4-E4B-it_t01,Gemma4,justification_similarity,Appendix Figure A2,mean image-conditioned cosine similarity,M/Low /Prog/Prag,M/High/Prog/Prag,0.53649771213531494
gemma-4-E4B-it_t01,Gemma4,justification_similarity,Appendix Figure A2,mean image-conditioned cosine similarity,F/High/Cons/Anal,M/Low /Cons/Anal,0.554970383644104
gemma-4-E4B-it_t01,Gemma4,justification_similarity,Appendix Figure A2,mean image-conditioned cosine similarity,F/High/Cons/Empa,M/Low /Cons/Anal,0.5534743070602417
gemma-4-E4B-it_t01,Gemma4,justification_similarity,Appendix Figure A2,mean image-conditioned cosine similarity,F/High/Cons/Prag,M/Low /Cons/Anal,0.63766062259674072
gemma-4-E4B-it_t01,Gemma4,justification_similarity,Appendix Figure A2,mean image-conditioned cosine similarity,F/High/Prog/Anal,M/Low /Cons/Anal,0.53190779685974121
gemma-4-E4B-it_t01,Gemma4,justification_similarity,Appendix Figure A2,mean image-conditioned cosine similarity,F/High/Prog/Empa,M/Low /Cons/Anal,0.51465481519699097
gemma-4-E4B-it_t01,Gemma4,justification_similarity,Appendix Figure A2,mean image-conditioned cosine similarity,F/High/Prog/Prag,M/Low /Cons/Anal,0.56025868654251099
gemma-4-E4B-it_t01,Gemma4,justification_similarity,Appendix Figure A2,mean image-conditioned cosine similarity,F/Low /Cons/Anal,M/Low /Cons/Anal,0.77749282121658325
gemma-4-E4B-it_t01,Gemma4,justification_similarity,Appendix Figure A2,mean image-conditioned cosine similarity,F/Low /Cons/Empa,M/Low /Cons/Anal,0.57619082927703857
gemma-4-E4B-it_t01,Gemma4,justification_similarity,Appendix Figure A2,mean image-conditioned cosine similarity,F/Low /Cons/Prag,M/Low /Cons/Anal,0.69061148166656494
gemma-4-E4B-it_t01,Gemma4,justification_similarity,Appendix Figure A2,mean image-conditioned cosine similarity,F/Low /Prog/Anal,M/Low /Cons/Anal,0.57324200868606567
gemma-4-E4B-it_t01,Gemma4,justification_similarity,Appendix Figure A2,mean image-conditioned cosine similarity,F/Low /Prog/Empa,M/Low /Cons/Anal,0.53414565324783325
gemma-4-E4B-it_t01,Gemma4,justification_similarity,Appendix Figure A2,mean image-conditioned cosine similarity,F/Low /Prog/Prag,M/Low /Cons/Anal,0.60261344909667969
gemma-4-E4B-it_t01,Gemma4,justification_similarity,Appendix Figure A2,mean image-conditioned cosine similarity,M/High/Cons/Anal,M/Low /Cons/Anal,0.5514104962348938
gemma-4-E4B-it_t01,Gemma4,justification_similarity,Appendix Figure A2,mean image-conditioned cosine similarity,M/High/Cons/Empa,M/Low /Cons/Anal,0.56784147024154663
gemma-4-E4B-it_t01,Gemma4,justification_similarity,Appendix Figure A2,mean image-conditioned cosine similarity,M/High/Cons/Prag,M/Low /Cons/Anal,0.643829345703125
gemma-4-E4B-it_t01,Gemma4,justification_similarity,Appendix Figure A2,mean image-conditioned cosine similarity,M/High/Prog/Anal,M/Low /Cons/Anal,0.52701503038406372
gemma-4-E4B-it_t01,Gemma4,justification_similarity,Appendix Figure A2,mean image-conditioned cosine similarity,M/High/Prog/Empa,M/Low /Cons/Anal,0.52724111080169678
gemma-4-E4B-it_t01,Gemma4,justification_similarity,Appendix Figure A2,mean image-conditioned cosine similarity,M/High/Prog/Prag,M/Low /Cons/Anal,0.55919069051742554
gemma-4-E4B-it_t01,Gemma4,justification_similarity,Appendix Figure A2,mean image-conditioned cosine similarity,M/Low /Cons/Anal,M/Low /Cons/Anal,0.84527737617492671
gemma-4-E4B-it_t01,Gemma4,justification_similarity,Appendix Figure A2,mean image-conditioned cosine similarity,M/Low /Cons/Empa,M/Low /Cons/Anal,0.63157767057418823
gemma-4-E4B-it_t01,Gemma4,justification_similarity,Appendix Figure A2,mean image-conditioned cosine similarity,M/Low /Cons/Prag,M/Low /Cons/Anal,0.69345301389694214
gemma-4-E4B-it_t01,Gemma4,justification_similarity,Appendix Figure A2,mean image-conditioned cosine similarity,M/Low /Prog/Anal,M/Low /Cons/Anal,0.58572274446487427
gemma-4-E4B-it_t01,Gemma4,justification_similarity,Appendix Figure A2,mean image-conditioned cosine similarity,M/Low /Prog/Empa,M/Low /Cons/Anal,0.53653877973556519
gemma-4-E4B-it_t01,Gemma4,justification_similarity,Appendix Figure A2,mean image-conditioned cosine similarity,M/Low /Prog/Prag,M/Low /Cons/Anal,0.61879849433898926
gemma-4-E4B-it_t01,Gemma4,justification_similarity,Appendix Figure A2,mean image-conditioned cosine similarity,F/High/Cons/Anal,M/Low /Cons/Empa,0.49177893996238708
gemma-4-E4B-it_t01,Gemma4,justification_similarity,Appendix Figure A2,mean image-conditioned cosine similarity,F/High/Cons/Empa,M/Low /Cons/Empa,0.52287149429321289
gemma-4-E4B-it_t01,Gemma4,justification_similarity,Appendix Figure A2,mean image-conditioned cosine similarity,F/High/Cons/Prag,M/Low /Cons/Empa,0.56989741325378418
gemma-4-E4B-it_t01,Gemma4,justification_similarity,Appendix Figure A2,mean image-conditioned cosine similarity,F/High/Prog/Anal,M/Low /Cons/Empa,0.48486748337745667
gemma-4-E4B-it_t01,Gemma4,justification_similarity,Appendix Figure A2,mean image-conditioned cosine similarity,F/High/Prog/Empa,M/Low /Cons/Empa,0.49923717975616455
gemma-4-E4B-it_t01,Gemma4,justification_similarity,Appendix Figure A2,mean image-conditioned cosine similarity,F/High/Prog/Prag,M/Low /Cons/Empa,0.51151865720748901
gemma-4-E4B-it_t01,Gemma4,justification_similarity,Appendix Figure A2,mean image-conditioned cosine similarity,F/Low /Cons/Anal,M/Low /Cons/Empa,0.63976883888244629
gemma-4-E4B-it_t01,Gemma4,justification_similarity,Appendix Figure A2,mean image-conditioned cosine similarity,F/Low /Cons/Empa,M/Low /Cons/Empa,0.72892111539840698
gemma-4-E4B-it_t01,Gemma4,justification_similarity,Appendix Figure A2,mean image-conditioned cosine similarity,F/Low /Cons/Prag,M/Low /Cons/Empa,0.70984405279159546
gemma-4-E4B-it_t01,Gemma4,justification_similarity,Appendix Figure A2,mean image-conditioned cosine similarity,F/Low /Prog/Anal,M/Low /Cons/Empa,0.52307295799255371
gemma-4-E4B-it_t01,Gemma4,justification_similarity,Appendix Figure A2,mean image-conditioned cosine similarity,F/Low /Prog/Empa,M/Low /Cons/Empa,0.60130292177200317
gemma-4-E4B-it_t01,Gemma4,justification_similarity,Appendix Figure A2,mean image-conditioned cosine similarity,F/Low /Prog/Prag,M/Low /Cons/Empa,0.63376295566558838
gemma-4-E4B-it_t01,Gemma4,justification_similarity,Appendix Figure A2,mean image-conditioned cosine similarity,M/High/Cons/Anal,M/Low /Cons/Empa,0.47507297992706299
gemma-4-E4B-it_t01,Gemma4,justification_similarity,Appendix Figure A2,mean image-conditioned cosine similarity,M/High/Cons/Empa,M/Low /Cons/Empa,0.53437376022338867
gemma-4-E4B-it_t01,Gemma4,justification_similarity,Appendix Figure A2,mean image-conditioned cosine similarity,M/High/Cons/Prag,M/Low /Cons/Empa,0.55996078252792358
gemma-4-E4B-it_t01,Gemma4,justification_similarity,Appendix Figure A2,mean image-conditioned cosine similarity,M/High/Prog/Anal,M/Low /Cons/Empa,0.47709619998931885
gemma-4-E4B-it_t01,Gemma4,justification_similarity,Appendix Figure A2,mean image-conditioned cosine similarity,M/High/Prog/Empa,M/Low /Cons/Empa,0.49883034825325012
gemma-4-E4B-it_t01,Gemma4,justification_similarity,Appendix Figure A2,mean image-conditioned cosine similarity,M/High/Prog/Prag,M/Low /Cons/Empa,0.50307130813598633
gemma-4-E4B-it_t01,Gemma4,justification_similarity,Appendix Figure A2,mean image-conditioned cosine similarity,M/Low /Cons/Anal,M/Low /Cons/Empa,0.63157767057418823
gemma-4-E4B-it_t01,Gemma4,justification_similarity,Appendix Figure A2,mean image-conditioned cosine similarity,M/Low /Cons/Empa,M/Low /Cons/Empa,0.82789859056472781
gemma-4-E4B-it_t01,Gemma4,justification_similarity,Appendix Figure A2,mean image-conditioned cosine similarity,M/Low /Cons/Prag,M/Low /Cons/Empa,0.68307554721832275
gemma-4-E4B-it_t01,Gemma4,justification_similarity,Appendix Figure A2,mean image-conditioned cosine similarity,M/Low /Prog/Anal,M/Low /Cons/Empa,0.52272641658782959
gemma-4-E4B-it_t01,Gemma4,justification_similarity,Appendix Figure A2,mean image-conditioned cosine similarity,M/Low /Prog/Empa,M/Low /Cons/Empa,0.61007285118103027
gemma-4-E4B-it_t01,Gemma4,justification_similarity,Appendix Figure A2,mean image-conditioned cosine similarity,M/Low /Prog/Prag,M/Low /Cons/Empa,0.63806772232055664
gemma-4-E4B-it_t01,Gemma4,justification_similarity,Appendix Figure A2,mean image-conditioned cosine similarity,F/High/Cons/Anal,M/Low /Cons/Prag,0.47973793745040894
gemma-4-E4B-it_t01,Gemma4,justification_similarity,Appendix Figure A2,mean image-conditioned cosine similarity,F/High/Cons/Empa,M/Low /Cons/Prag,0.48369172215461731
gemma-4-E4B-it_t01,Gemma4,justification_similarity,Appendix Figure A2,mean image-conditioned cosine similarity,F/High/Cons/Prag,M/Low /Cons/Prag,0.56338363885879517
gemma-4-E4B-it_t01,Gemma4,justification_similarity,Appendix Figure A2,mean image-conditioned cosine similarity,F/High/Prog/Anal,M/Low /Cons/Prag,0.45474797487258911
gemma-4-E4B-it_t01,Gemma4,justification_similarity,Appendix Figure A2,mean image-conditioned cosine similarity,F/High/Prog/Empa,M/Low /Cons/Prag,0.45421338081359863
gemma-4-E4B-it_t01,Gemma4,justification_similarity,Appendix Figure A2,mean image-conditioned cosine similarity,F/High/Prog/Prag,M/Low /Cons/Prag,0.48632067441940308
gemma-4-E4B-it_t01,Gemma4,justification_similarity,Appendix Figure A2,mean image-conditioned cosine similarity,F/Low /Cons/Anal,M/Low /Cons/Prag,0.67919296026229858
gemma-4-E4B-it_t01,Gemma4,justification_similarity,Appendix Figure A2,mean image-conditioned cosine similarity,F/Low /Cons/Empa,M/Low /Cons/Prag,0.61873441934585571
gemma-4-E4B-it_t01,Gemma4,justification_similarity,Appendix Figure A2,mean image-conditioned cosine similarity,F/Low /Cons/Prag,M/Low /Cons/Prag,0.79257512092590332
gemma-4-E4B-it_t01,Gemma4,justification_similarity,Appendix Figure A2,mean image-conditioned cosine similarity,F/Low /Prog/Anal,M/Low /Cons/Prag,0.50542491674423218
gemma-4-E4B-it_t01,Gemma4,justification_similarity,Appendix Figure A2,mean image-conditioned cosine similarity,F/Low /Prog/Empa,M/Low /Cons/Prag,0.52002501487731934
gemma-4-E4B-it_t01,Gemma4,justification_similarity,Appendix Figure A2,mean image-conditioned cosine similarity,F/Low /Prog/Prag,M/Low /Cons/Prag,0.60642606019973755
gemma-4-E4B-it_t01,Gemma4,justification_similarity,Appendix Figure A2,mean image-conditioned cosine similarity,M/High/Cons/Anal,M/Low /Cons/Prag,0.47266605496406555
gemma-4-E4B-it_t01,Gemma4,justification_similarity,Appendix Figure A2,mean image-conditioned cosine similarity,M/High/Cons/Empa,M/Low /Cons/Prag,0.4938158392906189
gemma-4-E4B-it_t01,Gemma4,justification_similarity,Appendix Figure A2,mean image-conditioned cosine similarity,M/High/Cons/Prag,M/Low /Cons/Prag,0.56642496585845947
gemma-4-E4B-it_t01,Gemma4,justification_similarity,Appendix Figure A2,mean image-conditioned cosine similarity,M/High/Prog/Anal,M/Low /Cons/Prag,0.45343750715255737
gemma-4-E4B-it_t01,Gemma4,justification_similarity,Appendix Figure A2,mean image-conditioned cosine similarity,M/High/Prog/Empa,M/Low /Cons/Prag,0.45950412750244141
gemma-4-E4B-it_t01,Gemma4,justification_similarity,Appendix Figure A2,mean image-conditioned cosine similarity,M/High/Prog/Prag,M/Low /Cons/Prag,0.48235133290290833
gemma-4-E4B-it_t01,Gemma4,justification_similarity,Appendix Figure A2,mean image-conditioned cosine similarity,M/Low /Cons/Anal,M/Low /Cons/Prag,0.69345301389694214
gemma-4-E4B-it_t01,Gemma4,justification_similarity,Appendix Figure A2,mean image-conditioned cosine similarity,M/Low /Cons/Empa,M/Low /Cons/Prag,0.68307554721832275
gemma-4-E4B-it_t01,Gemma4,justification_similarity,Appendix Figure A2,mean image-conditioned cosine similarity,M/Low /Cons/Prag,M/Low /Cons/Prag,0.84089124202728271
gemma-4-E4B-it_t01,Gemma4,justification_similarity,Appendix Figure A2,mean image-conditioned cosine similarity,M/Low /Prog/Anal,M/Low /Cons/Prag,0.51684719324111938
gemma-4-E4B-it_t01,Gemma4,justification_similarity,Appendix Figure A2,mean image-conditioned cosine similarity,M/Low /Prog/Empa,M/Low /Cons/Prag,0.52953779697418213
gemma-4-E4B-it_t01,Gemma4,justification_similarity,Appendix Figure A2,mean image-conditioned cosine similarity,M/Low /Prog/Prag,M/Low /Cons/Prag,0.63464605808258057
gemma-4-E4B-it_t01,Gemma4,justification_similarity,Appendix Figure A2,mean image-conditioned cosine similarity,F/High/Cons/Anal,M/Low /Prog/Anal,0.63844072818756104
gemma-4-E4B-it_t01,Gemma4,justification_similarity,Appendix Figure A2,mean image-conditioned cosine similarity,F/High/Cons/Empa,M/Low /Prog/Anal,0.59199666976928711
gemma-4-E4B-it_t01,Gemma4,justification_similarity,Appendix Figure A2,mean image-conditioned cosine similarity,F/High/Cons/Prag,M/Low /Prog/Anal,0.60405683517456055
gemma-4-E4B-it_t01,Gemma4,justification_similarity,Appendix Figure A2,mean image-conditioned cosine similarity,F/High/Prog/Anal,M/Low /Prog/Anal,0.63551932573318481
gemma-4-E4B-it_t01,Gemma4,justification_similarity,Appendix Figure A2,mean image-conditioned cosine similarity,F/High/Prog/Empa,M/Low /Prog/Anal,0.61384475231170654
gemma-4-E4B-it_t01,Gemma4,justification_similarity,Appendix Figure A2,mean image-conditioned cosine similarity,F/High/Prog/Prag,M/Low /Prog/Anal,0.67059493064880371
gemma-4-E4B-it_t01,Gemma4,justification_similarity,Appendix Figure A2,mean image-conditioned cosine similarity,F/Low /Cons/Anal,M/Low /Prog/Anal,0.59106385707855225
gemma-4-E4B-it_t01,Gemma4,justification_similarity,Appendix Figure A2,mean image-conditioned cosine similarity,F/Low /Cons/Empa,M/Low /Prog/Anal,0.52060967683792114
gemma-4-E4B-it_t01,Gemma4,justification_similarity,Appendix Figure A2,mean image-conditioned cosine similarity,F/Low /Cons/Prag,M/Low /Prog/Anal,0.52113050222396851
gemma-4-E4B-it_t01,Gemma4,justification_similarity,Appendix Figure A2,mean image-conditioned cosine similarity,F/Low /Prog/Anal,M/Low /Prog/Anal,0.77403861284255981
gemma-4-E4B-it_t01,Gemma4,justification_similarity,Appendix Figure A2,mean image-conditioned cosine similarity,F/Low /Prog/Empa,M/Low /Prog/Anal,0.57873320579528809
gemma-4-E4B-it_t01,Gemma4,justification_similarity,Appendix Figure A2,mean image-conditioned cosine similarity,F/Low /Prog/Prag,M/Low /Prog/Anal,0.58055621385574341
gemma-4-E4B-it_t01,Gemma4,justification_similarity,Appendix Figure A2,mean image-conditioned cosine similarity,M/High/Cons/Anal,M/Low /Prog/Anal,0.6411130428314209
gemma-4-E4B-it_t01,Gemma4,justification_similarity,Appendix Figure A2,mean image-conditioned cosine similarity,M/High/Cons/Empa,M/Low /Prog/Anal,0.61139428615570068
gemma-4-E4B-it_t01,Gemma4,justification_similarity,Appendix Figure A2,mean image-conditioned cosine similarity,M/High/Cons/Prag,M/Low /Prog/Anal,0.60414528846740723
gemma-4-E4B-it_t01,Gemma4,justification_similarity,Appendix Figure A2,mean image-conditioned cosine similarity,M/High/Prog/Anal,M/Low /Prog/Anal,0.63677805662155151
gemma-4-E4B-it_t01,Gemma4,justification_similarity,Appendix Figure A2,mean image-conditioned cosine similarity,M/High/Prog/Empa,M/Low /Prog/Anal,0.61399561166763306
gemma-4-E4B-it_t01,Gemma4,justification_similarity,Appendix Figure A2,mean image-conditioned cosine similarity,M/High/Prog/Prag,M/Low /Prog/Anal,0.66845184564590454
gemma-4-E4B-it_t01,Gemma4,justification_similarity,Appendix Figure A2,mean image-conditioned cosine similarity,M/Low /Cons/Anal,M/Low /Prog/Anal,0.58572274446487427
gemma-4-E4B-it_t01,Gemma4,justification_similarity,Appendix Figure A2,mean image-conditioned cosine similarity,M/Low /Cons/Empa,M/Low /Prog/Anal,0.52272641658782959
gemma-4-E4B-it_t01,Gemma4,justification_similarity,Appendix Figure A2,mean image-conditioned cosine similarity,M/Low /Cons/Prag,M/Low /Prog/Anal,0.51684719324111938
gemma-4-E4B-it_t01,Gemma4,justification_similarity,Appendix Figure A2,mean image-conditioned cosine similarity,M/Low /Prog/Anal,M/Low /Prog/Anal,0.84324892997741696
gemma-4-E4B-it_t01,Gemma4,justification_similarity,Appendix Figure A2,mean image-conditioned cosine similarity,M/Low /Prog/Empa,M/Low /Prog/Anal,0.58067929744720459
gemma-4-E4B-it_t01,Gemma4,justification_similarity,Appendix Figure A2,mean image-conditioned cosine similarity,M/Low /Prog/Prag,M/Low /Prog/Anal,0.57051968574523926
gemma-4-E4B-it_t01,Gemma4,justification_similarity,Appendix Figure A2,mean image-conditioned cosine similarity,F/High/Cons/Anal,M/Low /Prog/Empa,0.51826423406600952
gemma-4-E4B-it_t01,Gemma4,justification_similarity,Appendix Figure A2,mean image-conditioned cosine similarity,F/High/Cons/Empa,M/Low /Prog/Empa,0.57140600681304932
gemma-4-E4B-it_t01,Gemma4,justification_similarity,Appendix Figure A2,mean image-conditioned cosine similarity,F/High/Cons/Prag,M/Low /Prog/Empa,0.54924124479293823
gemma-4-E4B-it_t01,Gemma4,justification_similarity,Appendix Figure A2,mean image-conditioned cosine similarity,F/High/Prog/Anal,M/Low /Prog/Empa,0.54101139307022095
gemma-4-E4B-it_t01,Gemma4,justification_similarity,Appendix Figure A2,mean image-conditioned cosine similarity,F/High/Prog/Empa,M/Low /Prog/Empa,0.57719647884368896
gemma-4-E4B-it_t01,Gemma4,justification_similarity,Appendix Figure A2,mean image-conditioned cosine similarity,F/High/Prog/Prag,M/Low /Prog/Empa,0.56606537103652954
gemma-4-E4B-it_t01,Gemma4,justification_similarity,Appendix Figure A2,mean image-conditioned cosine similarity,F/Low /Cons/Anal,M/Low /Prog/Empa,0.56349563598632812
gemma-4-E4B-it_t01,Gemma4,justification_similarity,Appendix Figure A2,mean image-conditioned cosine similarity,F/Low /Cons/Empa,M/Low /Prog/Empa,0.61531239748001099
gemma-4-E4B-it_t01,Gemma4,justification_similarity,Appendix Figure A2,mean image-conditioned cosine similarity,F/Low /Cons/Prag,M/Low /Prog/Empa,0.54550731182098389
gemma-4-E4B-it_t01,Gemma4,justification_similarity,Appendix Figure A2,mean image-conditioned cosine similarity,F/Low /Prog/Anal,M/Low /Prog/Empa,0.59863096475601196
gemma-4-E4B-it_t01,Gemma4,justification_similarity,Appendix Figure A2,mean image-conditioned cosine similarity,F/Low /Prog/Empa,M/Low /Prog/Empa,0.75683426856994629
gemma-4-E4B-it_t01,Gemma4,justification_similarity,Appendix Figure A2,mean image-conditioned cosine similarity,F/Low /Prog/Prag,M/Low /Prog/Empa,0.63998150825500488
gemma-4-E4B-it_t01,Gemma4,justification_similarity,Appendix Figure A2,mean image-conditioned cosine similarity,M/High/Cons/Anal,M/Low /Prog/Empa,0.49781486392021179
gemma-4-E4B-it_t01,Gemma4,justification_similarity,Appendix Figure A2,mean image-conditioned cosine similarity,M/High/Cons/Empa,M/Low /Prog/Empa,0.57662028074264526
gemma-4-E4B-it_t01,Gemma4,justification_similarity,Appendix Figure A2,mean image-conditioned cosine similarity,M/High/Cons/Prag,M/Low /Prog/Empa,0.53722852468490601
gemma-4-E4B-it_t01,Gemma4,justification_similarity,Appendix Figure A2,mean image-conditioned cosine similarity,M/High/Prog/Anal,M/Low /Prog/Empa,0.53141480684280396
gemma-4-E4B-it_t01,Gemma4,justification_similarity,Appendix Figure A2,mean image-conditioned cosine similarity,M/High/Prog/Empa,M/Low /Prog/Empa,0.56641662120819092
gemma-4-E4B-it_t01,Gemma4,justification_similarity,Appendix Figure A2,mean image-conditioned cosine similarity,M/High/Prog/Prag,M/Low /Prog/Empa,0.55520200729370117
gemma-4-E4B-it_t01,Gemma4,justification_similarity,Appendix Figure A2,mean image-conditioned cosine similarity,M/Low /Cons/Anal,M/Low /Prog/Empa,0.53653877973556519
gemma-4-E4B-it_t01,Gemma4,justification_similarity,Appendix Figure A2,mean image-conditioned cosine similarity,M/Low /Cons/Empa,M/Low /Prog/Empa,0.61007285118103027
gemma-4-E4B-it_t01,Gemma4,justification_similarity,Appendix Figure A2,mean image-conditioned cosine similarity,M/Low /Cons/Prag,M/Low /Prog/Empa,0.52953779697418213
gemma-4-E4B-it_t01,Gemma4,justification_similarity,Appendix Figure A2,mean image-conditioned cosine similarity,M/Low /Prog/Anal,M/Low /Prog/Empa,0.58067929744720459
gemma-4-E4B-it_t01,Gemma4,justification_similarity,Appendix Figure A2,mean image-conditioned cosine similarity,M/Low /Prog/Empa,M/Low /Prog/Empa,0.8072847032546997
gemma-4-E4B-it_t01,Gemma4,justification_similarity,Appendix Figure A2,mean image-conditioned cosine similarity,M/Low /Prog/Prag,M/Low /Prog/Empa,0.61264169216156006
gemma-4-E4B-it_t01,Gemma4,justification_similarity,Appendix Figure A2,mean image-conditioned cosine similarity,F/High/Cons/Anal,M/Low /Prog/Prag,0.50553297996520996
gemma-4-E4B-it_t01,Gemma4,justification_similarity,Appendix Figure A2,mean image-conditioned cosine similarity,F/High/Cons/Empa,M/Low /Prog/Prag,0.5308234691619873
gemma-4-E4B-it_t01,Gemma4,justification_similarity,Appendix Figure A2,mean image-conditioned cosine similarity,F/High/Cons/Prag,M/Low /Prog/Prag,0.57832342386245728
gemma-4-E4B-it_t01,Gemma4,justification_similarity,Appendix Figure A2,mean image-conditioned cosine similarity,F/High/Prog/Anal,M/Low /Prog/Prag,0.49736592173576355
gemma-4-E4B-it_t01,Gemma4,justification_similarity,Appendix Figure A2,mean image-conditioned cosine similarity,F/High/Prog/Empa,M/Low /Prog/Prag,0.50025671720504761
gemma-4-E4B-it_t01,Gemma4,justification_similarity,Appendix Figure A2,mean image-conditioned cosine similarity,F/High/Prog/Prag,M/Low /Prog/Prag,0.53979867696762085
gemma-4-E4B-it_t01,Gemma4,justification_similarity,Appendix Figure A2,mean image-conditioned cosine similarity,F/Low /Cons/Anal,M/Low /Prog/Prag,0.62120497226715088
gemma-4-E4B-it_t01,Gemma4,justification_similarity,Appendix Figure A2,mean image-conditioned cosine similarity,F/Low /Cons/Empa,M/Low /Prog/Prag,0.60955351591110229
gemma-4-E4B-it_t01,Gemma4,justification_similarity,Appendix Figure A2,mean image-conditioned cosine similarity,F/Low /Cons/Prag,M/Low /Prog/Prag,0.63569384813308716
gemma-4-E4B-it_t01,Gemma4,justification_similarity,Appendix Figure A2,mean image-conditioned cosine similarity,F/Low /Prog/Anal,M/Low /Prog/Prag,0.5719338059425354
gemma-4-E4B-it_t01,Gemma4,justification_similarity,Appendix Figure A2,mean image-conditioned cosine similarity,F/Low /Prog/Empa,M/Low /Prog/Prag,0.58067291975021362
gemma-4-E4B-it_t01,Gemma4,justification_similarity,Appendix Figure A2,mean image-conditioned cosine similarity,F/Low /Prog/Prag,M/Low /Prog/Prag,0.73019891977310181
gemma-4-E4B-it_t01,Gemma4,justification_similarity,Appendix Figure A2,mean image-conditioned cosine similarity,M/High/Cons/Anal,M/Low /Prog/Prag,0.50186610221862793
gemma-4-E4B-it_t01,Gemma4,justification_similarity,Appendix Figure A2,mean image-conditioned cosine similarity,M/High/Cons/Empa,M/Low /Prog/Prag,0.5451546311378479
gemma-4-E4B-it_t01,Gemma4,justification_similarity,Appendix Figure A2,mean image-conditioned cosine similarity,M/High/Cons/Prag,M/Low /Prog/Prag,0.57615387439727783
gemma-4-E4B-it_t01,Gemma4,justification_similarity,Appendix Figure A2,mean image-conditioned cosine similarity,M/High/Prog/Anal,M/Low /Prog/Prag,0.4930649995803833
gemma-4-E4B-it_t01,Gemma4,justification_similarity,Appendix Figure A2,mean image-conditioned cosine similarity,M/High/Prog/Empa,M/Low /Prog/Prag,0.50048613548278809
gemma-4-E4B-it_t01,Gemma4,justification_similarity,Appendix Figure A2,mean image-conditioned cosine similarity,M/High/Prog/Prag,M/Low /Prog/Prag,0.53649771213531494
gemma-4-E4B-it_t01,Gemma4,justification_similarity,Appendix Figure A2,mean image-conditioned cosine similarity,M/Low /Cons/Anal,M/Low /Prog/Prag,0.61879849433898926
gemma-4-E4B-it_t01,Gemma4,justification_similarity,Appendix Figure A2,mean image-conditioned cosine similarity,M/Low /Cons/Empa,M/Low /Prog/Prag,0.63806772232055664
gemma-4-E4B-it_t01,Gemma4,justification_similarity,Appendix Figure A2,mean image-conditioned cosine similarity,M/Low /Cons/Prag,M/Low /Prog/Prag,0.63464605808258057
gemma-4-E4B-it_t01,Gemma4,justification_similarity,Appendix Figure A2,mean image-conditioned cosine similarity,M/Low /Prog/Anal,M/Low /Prog/Prag,0.57051968574523926
gemma-4-E4B-it_t01,Gemma4,justification_similarity,Appendix Figure A2,mean image-conditioned cosine similarity,M/Low /Prog/Empa,M/Low /Prog/Prag,0.61264169216156006
gemma-4-E4B-it_t01,Gemma4,justification_similarity,Appendix Figure A2,mean image-conditioned cosine similarity,M/Low /Prog/Prag,M/Low /Prog/Prag,0.81854999780654902
gemma-4-E4B-it_t01,Gemma4,perception_jaccard,Appendix Figure A3,mean image-conditioned Jaccard similarity,F/High/Cons/Anal,F/High/Cons/Anal,0.88366535795270496
gemma-4-E4B-it_t01,Gemma4,perception_jaccard,Appendix Figure A3,mean image-conditioned Jaccard similarity,F/High/Cons/Empa,F/High/Cons/Anal,0.70228579365079358
gemma-4-E4B-it_t01,Gemma4,perception_jaccard,Appendix Figure A3,mean image-conditioned Jaccard similarity,F/High/Cons/Prag,F/High/Cons/Anal,0.80478029206349211
gemma-4-E4B-it_t01,Gemma4,perception_jaccard,Appendix Figure A3,mean image-conditioned Jaccard similarity,F/High/Prog/Anal,F/High/Cons/Anal,0.71605577142857124
gemma-4-E4B-it_t01,Gemma4,perception_jaccard,Appendix Figure A3,mean image-conditioned Jaccard similarity,F/High/Prog/Empa,F/High/Cons/Anal,0.62549397460317446
gemma-4-E4B-it_t01,Gemma4,perception_jaccard,Appendix Figure A3,mean image-conditioned Jaccard similarity,F/High/Prog/Prag,F/High/Cons/Anal,0.73863314285714277
gemma-4-E4B-it_t01,Gemma4,perception_jaccard,Appendix Figure A3,mean image-conditioned Jaccard similarity,F/Low /Cons/Anal,F/High/Cons/Anal,0.65088035555555568
gemma-4-E4B-it_t01,Gemma4,perception_jaccard,Appendix Figure A3,mean image-conditioned Jaccard similarity,F/Low /Cons/Empa,F/High/Cons/Anal,0.64690811111111113
gemma-4-E4B-it_t01,Gemma4,perception_jaccard,Appendix Figure A3,mean image-conditioned Jaccard similarity,F/Low /Cons/Prag,F/High/Cons/Anal,0.59299386349206351
gemma-4-E4B-it_t01,Gemma4,perception_jaccard,Appendix Figure A3,mean image-conditioned Jaccard similarity,F/Low /Prog/Anal,F/High/Cons/Anal,0.63721307619047618
gemma-4-E4B-it_t01,Gemma4,perception_jaccard,Appendix Figure A3,mean image-conditioned Jaccard similarity,F/Low /Prog/Empa,F/High/Cons/Anal,0.62601126984126976
gemma-4-E4B-it_t01,Gemma4,perception_jaccard,Appendix Figure A3,mean image-conditioned Jaccard similarity,F/Low /Prog/Prag,F/High/Cons/Anal,0.62344192380952368
gemma-4-E4B-it_t01,Gemma4,perception_jaccard,Appendix Figure A3,mean image-conditioned Jaccard similarity,M/High/Cons/Anal,F/High/Cons/Anal,0.81898290573372212
gemma-4-E4B-it_t01,Gemma4,perception_jaccard,Appendix Figure A3,mean image-conditioned Jaccard similarity,M/High/Cons/Empa,F/High/Cons/Anal,0.72724953333333342
gemma-4-E4B-it_t01,Gemma4,perception_jaccard,Appendix Figure A3,mean image-conditioned Jaccard similarity,M/High/Cons/Prag,F/High/Cons/Anal,0.79421854920634927
gemma-4-E4B-it_t01,Gemma4,perception_jaccard,Appendix Figure A3,mean image-conditioned Jaccard similarity,M/High/Prog/Anal,F/High/Cons/Anal,0.7115803365079364
gemma-4-E4B-it_t01,Gemma4,perception_jaccard,Appendix Figure A3,mean image-conditioned Jaccard similarity,M/High/Prog/Empa,F/High/Cons/Anal,0.63985800952380945
gemma-4-E4B-it_t01,Gemma4,perception_jaccard,Appendix Figure A3,mean image-conditioned Jaccard similarity,M/High/Prog/Prag,F/High/Cons/Anal,0.74626402539682546
gemma-4-E4B-it_t01,Gemma4,perception_jaccard,Appendix Figure A3,mean image-conditioned Jaccard similarity,M/Low /Cons/Anal,F/High/Cons/Anal,0.63603196825396824
gemma-4-E4B-it_t01,Gemma4,perception_jaccard,Appendix Figure A3,mean image-conditioned Jaccard similarity,M/Low /Cons/Empa,F/High/Cons/Anal,0.65580859047619044
gemma-4-E4B-it_t01,Gemma4,perception_jaccard,Appendix Figure A3,mean image-conditioned Jaccard similarity,M/Low /Cons/Prag,F/High/Cons/Anal,0.60384187619047625
gemma-4-E4B-it_t01,Gemma4,perception_jaccard,Appendix Figure A3,mean image-conditioned Jaccard similarity,M/Low /Prog/Anal,F/High/Cons/Anal,0.66454278412698431
gemma-4-E4B-it_t01,Gemma4,perception_jaccard,Appendix Figure A3,mean image-conditioned Jaccard similarity,M/Low /Prog/Empa,F/High/Cons/Anal,0.62446759365079363
gemma-4-E4B-it_t01,Gemma4,perception_jaccard,Appendix Figure A3,mean image-conditioned Jaccard similarity,M/Low /Prog/Prag,F/High/Cons/Anal,0.62803466031746036
gemma-4-E4B-it_t01,Gemma4,perception_jaccard,Appendix Figure A3,mean image-conditioned Jaccard similarity,F/High/Cons/Anal,F/High/Cons/Empa,0.70228579365079358
gemma-4-E4B-it_t01,Gemma4,perception_jaccard,Appendix Figure A3,mean image-conditioned Jaccard similarity,F/High/Cons/Empa,F/High/Cons/Empa,0.8560578879170716
gemma-4-E4B-it_t01,Gemma4,perception_jaccard,Appendix Figure A3,mean image-conditioned Jaccard similarity,F/High/Cons/Prag,F/High/Cons/Empa,0.68165575555555546
gemma-4-E4B-it_t01,Gemma4,perception_jaccard,Appendix Figure A3,mean image-conditioned Jaccard similarity,F/High/Prog/Anal,F/High/Cons/Empa,0.6855140349206349
gemma-4-E4B-it_t01,Gemma4,perception_jaccard,Appendix Figure A3,mean image-conditioned Jaccard similarity,F/High/Prog/Empa,F/High/Cons/Empa,0.71098175873015879
gemma-4-E4B-it_t01,Gemma4,perception_jaccard,Appendix Figure A3,mean image-conditioned Jaccard similarity,F/High/Prog/Prag,F/High/Cons/Empa,0.69729979682539678
gemma-4-E4B-it_t01,Gemma4,perception_jaccard,Appendix Figure A3,mean image-conditioned Jaccard similarity,F/Low /Cons/Anal,F/High/Cons/Empa,0.60201374285714293
gemma-4-E4B-it_t01,Gemma4,perception_jaccard,Appendix Figure A3,mean image-conditioned Jaccard similarity,F/Low /Cons/Empa,F/High/Cons/Empa,0.62889360317460319
gemma-4-E4B-it_t01,Gemma4,perception_jaccard,Appendix Figure A3,mean image-conditioned Jaccard similarity,F/Low /Cons/Prag,F/High/Cons/Empa,0.57060810793650796
gemma-4-E4B-it_t01,Gemma4,perception_jaccard,Appendix Figure A3,mean image-conditioned Jaccard similarity,F/Low /Prog/Anal,F/High/Cons/Empa,0.57950801269841268
gemma-4-E4B-it_t01,Gemma4,perception_jaccard,Appendix Figure A3,mean image-conditioned Jaccard similarity,F/Low /Prog/Empa,F/High/Cons/Empa,0.60310009206349202
gemma-4-E4B-it_t01,Gemma4,perception_jaccard,Appendix Figure A3,mean image-conditioned Jaccard similarity,F/Low /Prog/Prag,F/High/Cons/Empa,0.5692517301587301
gemma-4-E4B-it_t01,Gemma4,perception_jaccard,Appendix Figure A3,mean image-conditioned Jaccard similarity,M/High/Cons/Anal,F/High/Cons/Empa,0.67081647567217362
gemma-4-E4B-it_t01,Gemma4,perception_jaccard,Appendix Figure A3,mean image-conditioned Jaccard similarity,M/High/Cons/Empa,F/High/Cons/Empa,0.7896843238095238
gemma-4-E4B-it_t01,Gemma4,perception_jaccard,Appendix Figure A3,mean image-conditioned Jaccard similarity,M/High/Cons/Prag,F/High/Cons/Empa,0.65007305396825388
gemma-4-E4B-it_t01,Gemma4,perception_jaccard,Appendix Figure A3,mean image-conditioned Jaccard similarity,M/High/Prog/Anal,F/High/Cons/Empa,0.67198810793650776
gemma-4-E4B-it_t01,Gemma4,perception_jaccard,Appendix Figure A3,mean image-conditioned Jaccard similarity,M/High/Prog/Empa,F/High/Cons/Empa,0.73691391428571418
gemma-4-E4B-it_t01,Gemma4,perception_jaccard,Appendix Figure A3,mean image-conditioned Jaccard similarity,M/High/Prog/Prag,F/High/Cons/Empa,0.69464608571428554
gemma-4-E4B-it_t01,Gemma4,perception_jaccard,Appendix Figure A3,mean image-conditioned Jaccard similarity,M/Low /Cons/Anal,F/High/Cons/Empa,0.57542388888888885
gemma-4-E4B-it_t01,Gemma4,perception_jaccard,Appendix Figure A3,mean image-conditioned Jaccard similarity,M/Low /Cons/Empa,F/High/Cons/Empa,0.60376630793650787
gemma-4-E4B-it_t01,Gemma4,perception_jaccard,Appendix Figure A3,mean image-conditioned Jaccard similarity,M/Low /Cons/Prag,F/High/Cons/Empa,0.5535540253968253
gemma-4-E4B-it_t01,Gemma4,perception_jaccard,Appendix Figure A3,mean image-conditioned Jaccard similarity,M/Low /Prog/Anal,F/High/Cons/Empa,0.57958772380952384
gemma-4-E4B-it_t01,Gemma4,perception_jaccard,Appendix Figure A3,mean image-conditioned Jaccard similarity,M/Low /Prog/Empa,F/High/Cons/Empa,0.60040822539682548
gemma-4-E4B-it_t01,Gemma4,perception_jaccard,Appendix Figure A3,mean image-conditioned Jaccard similarity,M/Low /Prog/Prag,F/High/Cons/Empa,0.56170171428571436
gemma-4-E4B-it_t01,Gemma4,perception_jaccard,Appendix Figure A3,mean image-conditioned Jaccard similarity,F/High/Cons/Anal,F/High/Cons/Prag,0.80478029206349211
gemma-4-E4B-it_t01,Gemma4,perception_jaccard,Appendix Figure A3,mean image-conditioned Jaccard similarity,F/High/Cons/Empa,F/High/Cons/Prag,0.68165575555555546
gemma-4-E4B-it_t01,Gemma4,perception_jaccard,Appendix Figure A3,mean image-conditioned Jaccard similarity,F/High/Cons/Prag,F/High/Cons/Prag,0.87750658892128286
gemma-4-E4B-it_t01,Gemma4,perception_jaccard,Appendix Figure A3,mean image-conditioned Jaccard similarity,F/High/Prog/Anal,F/High/Cons/Prag,0.65204945396825398
gemma-4-E4B-it_t01,Gemma4,perception_jaccard,Appendix Figure A3,mean image-conditioned Jaccard similarity,F/High/Prog/Empa,F/High/Cons/Prag,0.58445177142857152
gemma-4-E4B-it_t01,Gemma4,perception_jaccard,Appendix Figure A3,mean image-conditioned Jaccard similarity,F/High/Prog/Prag,F/High/Cons/Prag,0.68830532063492056
gemma-4-E4B-it_t01,Gemma4,perception_jaccard,Appendix Figure A3,mean image-conditioned Jaccard similarity,F/Low /Cons/Anal,F/High/Cons/Prag,0.66804669841269837
gemma-4-E4B-it_t01,Gemma4,perception_jaccard,Appendix Figure A3,mean image-conditioned Jaccard similarity,F/Low /Cons/Empa,F/High/Cons/Prag,0.65912173333333324
gemma-4-E4B-it_t01,Gemma4,perception_jaccard,Appendix Figure A3,mean image-conditioned Jaccard similarity,F/Low /Cons/Prag,F/High/Cons/Prag,0.6068992666666666
gemma-4-E4B-it_t01,Gemma4,perception_jaccard,Appendix Figure A3,mean image-conditioned Jaccard similarity,F/Low /Prog/Anal,F/High/Cons/Prag,0.63582885396825384
gemma-4-E4B-it_t01,Gemma4,perception_jaccard,Appendix Figure A3,mean image-conditioned Jaccard similarity,F/Low /Prog/Empa,F/High/Cons/Prag,0.61565841587301595
gemma-4-E4B-it_t01,Gemma4,perception_jaccard,Appendix Figure A3,mean image-conditioned Jaccard similarity,F/Low /Prog/Prag,F/High/Cons/Prag,0.65383886984126971
gemma-4-E4B-it_t01,Gemma4,perception_jaccard,Appendix Figure A3,mean image-conditioned Jaccard similarity,M/High/Cons/Anal,F/High/Cons/Prag,0.77138867249757059
gemma-4-E4B-it_t01,Gemma4,perception_jaccard,Appendix Figure A3,mean image-conditioned Jaccard similarity,M/High/Cons/Empa,F/High/Cons/Prag,0.69625939365079359
gemma-4-E4B-it_t01,Gemma4,perception_jaccard,Appendix Figure A3,mean image-conditioned Jaccard similarity,M/High/Cons/Prag,F/High/Cons/Prag,0.8336494095238095
gemma-4-E4B-it_t01,Gemma4,perception_jaccard,Appendix Figure A3,mean image-conditioned Jaccard similarity,M/High/Prog/Anal,F/High/Cons/Prag,0.65279332380952382
gemma-4-E4B-it_t01,Gemma4,perception_jaccard,Appendix Figure A3,mean image-conditioned Jaccard similarity,M/High/Prog/Empa,F/High/Cons/Prag,0.60250680952380942
gemma-4-E4B-it_t01,Gemma4,perception_jaccard,Appendix Figure A3,mean image-conditioned Jaccard similarity,M/High/Prog/Prag,F/High/Cons/Prag,0.70065936190476197
gemma-4-E4B-it_t01,Gemma4,perception_jaccard,Appendix Figure A3,mean image-conditioned Jaccard similarity,M/Low /Cons/Anal,F/High/Cons/Prag,0.63852679365079357
gemma-4-E4B-it_t01,Gemma4,perception_jaccard,Appendix Figure A3,mean image-conditioned Jaccard similarity,M/Low /Cons/Empa,F/High/Cons/Prag,0.6715017968253969
gemma-4-E4B-it_t01,Gemma4,perception_jaccard,Appendix Figure A3,mean image-conditioned Jaccard similarity,M/Low /Cons/Prag,F/High/Cons/Prag,0.61840299365079365
gemma-4-E4B-it_t01,Gemma4,perception_jaccard,Appendix Figure A3,mean image-conditioned Jaccard similarity,M/Low /Prog/Anal,F/High/Cons/Prag,0.65447458095238109
gemma-4-E4B-it_t01,Gemma4,perception_jaccard,Appendix Figure A3,mean image-conditioned Jaccard similarity,M/Low /Prog/Empa,F/High/Cons/Prag,0.60702235873015875
gemma-4-E4B-it_t01,Gemma4,perception_jaccard,Appendix Figure A3,mean image-conditioned Jaccard similarity,M/Low /Prog/Prag,F/High/Cons/Prag,0.65243793015873008
gemma-4-E4B-it_t01,Gemma4,perception_jaccard,Appendix Figure A3,mean image-conditioned Jaccard similarity,F/High/Cons/Anal,F/High/Prog/Anal,0.71605577142857146
gemma-4-E4B-it_t01,Gemma4,perception_jaccard,Appendix Figure A3,mean image-conditioned Jaccard similarity,F/High/Cons/Empa,F/High/Prog/Anal,0.6855140349206349
gemma-4-E4B-it_t01,Gemma4,perception_jaccard,Appendix Figure A3,mean image-conditioned Jaccard similarity,F/High/Cons/Prag,F/High/Prog/Anal,0.65204945396825398
gemma-4-E4B-it_t01,Gemma4,perception_jaccard,Appendix Figure A3,mean image-conditioned Jaccard similarity,F/High/Prog/Anal,F/High/Prog/Anal,0.88403516682863625
gemma-4-E4B-it_t01,Gemma4,perception_jaccard,Appendix Figure A3,mean image-conditioned Jaccard similarity,F/High/Prog/Empa,F/High/Prog/Anal,0.74479859682539673
gemma-4-E4B-it_t01,Gemma4,perception_jaccard,Appendix Figure A3,mean image-conditioned Jaccard similarity,F/High/Prog/Prag,F/High/Prog/Anal,0.79631973015873014
gemma-4-E4B-it_t01,Gemma4,perception_jaccard,Appendix Figure A3,mean image-conditioned Jaccard similarity,F/Low /Cons/Anal,F/High/Prog/Anal,0.58631724761904758
gemma-4-E4B-it_t01,Gemma4,perception_jaccard,Appendix Figure A3,mean image-conditioned Jaccard similarity,F/Low /Cons/Empa,F/High/Prog/Anal,0.6147707873015873
gemma-4-E4B-it_t01,Gemma4,perception_jaccard,Appendix Figure A3,mean image-conditioned Jaccard similarity,F/Low /Cons/Prag,F/High/Prog/Anal,0.54854026349206353
gemma-4-E4B-it_t01,Gemma4,perception_jaccard,Appendix Figure A3,mean image-conditioned Jaccard similarity,F/Low /Prog/Anal,F/High/Prog/Anal,0.66687878412698409
gemma-4-E4B-it_t01,Gemma4,perception_jaccard,Appendix Figure A3,mean image-conditioned Jaccard similarity,F/Low /Prog/Empa,F/High/Prog/Anal,0.66207664761904761
gemma-4-E4B-it_t01,Gemma4,perception_jaccard,Appendix Figure A3,mean image-conditioned Jaccard similarity,F/Low /Prog/Prag,F/High/Prog/Anal,0.59799872380952379
gemma-4-E4B-it_t01,Gemma4,perception_jaccard,Appendix Figure A3,mean image-conditioned Jaccard similarity,M/High/Cons/Anal,F/High/Prog/Anal,0.72636751836734703
gemma-4-E4B-it_t01,Gemma4,perception_jaccard,Appendix Figure A3,mean image-conditioned Jaccard similarity,M/High/Cons/Empa,F/High/Prog/Anal,0.71920452063492069
gemma-4-E4B-it_t01,Gemma4,perception_jaccard,Appendix Figure A3,mean image-conditioned Jaccard similarity,M/High/Cons/Prag,F/High/Prog/Anal,0.64621732380952379
gemma-4-E4B-it_t01,Gemma4,perception_jaccard,Appendix Figure A3,mean image-conditioned Jaccard similarity,M/High/Prog/Anal,F/High/Prog/Anal,0.84790546666666666
gemma-4-E4B-it_t01,Gemma4,perception_jaccard,Appendix Figure A3,mean image-conditioned Jaccard similarity,M/High/Prog/Empa,F/High/Prog/Anal,0.75455900634920636
gemma-4-E4B-it_t01,Gemma4,perception_jaccard,Appendix Figure A3,mean image-conditioned Jaccard similarity,M/High/Prog/Prag,F/High/Prog/Anal,0.78350680317460319
gemma-4-E4B-it_t01,Gemma4,perception_jaccard,Appendix Figure A3,mean image-conditioned Jaccard similarity,M/Low /Cons/Anal,F/High/Prog/Anal,0.57800248253968256
gemma-4-E4B-it_t01,Gemma4,perception_jaccard,Appendix Figure A3,mean image-conditioned Jaccard similarity,M/Low /Cons/Empa,F/High/Prog/Anal,0.60081613015873014
gemma-4-E4B-it_t01,Gemma4,perception_jaccard,Appendix Figure A3,mean image-conditioned Jaccard similarity,M/Low /Cons/Prag,F/High/Prog/Anal,0.53408078412698412
gemma-4-E4B-it_t01,Gemma4,perception_jaccard,Appendix Figure A3,mean image-conditioned Jaccard similarity,M/Low /Prog/Anal,F/High/Prog/Anal,0.66863602539682532
gemma-4-E4B-it_t01,Gemma4,perception_jaccard,Appendix Figure A3,mean image-conditioned Jaccard similarity,M/Low /Prog/Empa,F/High/Prog/Anal,0.66306867301587302
gemma-4-E4B-it_t01,Gemma4,perception_jaccard,Appendix Figure A3,mean image-conditioned Jaccard similarity,M/Low /Prog/Prag,F/High/Prog/Anal,0.59968838412698422
gemma-4-E4B-it_t01,Gemma4,perception_jaccard,Appendix Figure A3,mean image-conditioned Jaccard similarity,F/High/Cons/Anal,F/High/Prog/Empa,0.62549397460317469
gemma-4-E4B-it_t01,Gemma4,perception_jaccard,Appendix Figure A3,mean image-conditioned Jaccard similarity,F/High/Cons/Empa,F/High/Prog/Empa,0.71098175873015879
gemma-4-E4B-it_t01,Gemma4,perception_jaccard,Appendix Figure A3,mean image-conditioned Jaccard similarity,F/High/Cons/Prag,F/High/Prog/Empa,0.58445177142857152
gemma-4-E4B-it_t01,Gemma4,perception_jaccard,Appendix Figure A3,mean image-conditioned Jaccard similarity,F/High/Prog/Anal,F/High/Prog/Empa,0.74479859682539673
gemma-4-E4B-it_t01,Gemma4,perception_jaccard,Appendix Figure A3,mean image-conditioned Jaccard similarity,F/High/Prog/Empa,F/High/Prog/Empa,0.86096999028182697
gemma-4-E4B-it_t01,Gemma4,perception_jaccard,Appendix Figure A3,mean image-conditioned Jaccard similarity,F/High/Prog/Prag,F/High/Prog/Empa,0.71326525396825402
gemma-4-E4B-it_t01,Gemma4,perception_jaccard,Appendix Figure A3,mean image-conditioned Jaccard similarity,F/Low /Cons/Anal,F/High/Prog/Empa,0.53844201269841263
gemma-4-E4B-it_t01,Gemma4,perception_jaccard,Appendix Figure A3,mean image-conditioned Jaccard similarity,F/Low /Cons/Empa,F/High/Prog/Empa,0.5917181936507937
gemma-4-E4B-it_t01,Gemma4,perception_jaccard,Appendix Figure A3,mean image-conditioned Jaccard similarity,F/Low /Cons/Prag,F/High/Prog/Empa,0.50895039365079375
gemma-4-E4B-it_t01,Gemma4,perception_jaccard,Appendix Figure A3,mean image-conditioned Jaccard similarity,F/Low /Prog/Anal,F/High/Prog/Empa,0.6190948444444444
gemma-4-E4B-it_t01,Gemma4,perception_jaccard,Appendix Figure A3,mean image-conditioned Jaccard similarity,F/Low /Prog/Empa,F/High/Prog/Empa,0.65218992380952368
gemma-4-E4B-it_t01,Gemma4,perception_jaccard,Appendix Figure A3,mean image-conditioned Jaccard similarity,F/Low /Prog/Prag,F/High/Prog/Empa,0.56285660000000004
gemma-4-E4B-it_t01,Gemma4,perception_jaccard,Appendix Figure A3,mean image-conditioned Jaccard similarity,M/High/Cons/Anal,F/High/Prog/Empa,0.6344882830579851
gemma-4-E4B-it_t01,Gemma4,perception_jaccard,Appendix Figure A3,mean image-conditioned Jaccard similarity,M/High/Cons/Empa,F/High/Prog/Empa,0.70587895238095244
gemma-4-E4B-it_t01,Gemma4,perception_jaccard,Appendix Figure A3,mean image-conditioned Jaccard similarity,M/High/Cons/Prag,F/High/Prog/Empa,0.56608688571428578
gemma-4-E4B-it_t01,Gemma4,perception_jaccard,Appendix Figure A3,mean image-conditioned Jaccard similarity,M/High/Prog/Anal,F/High/Prog/Empa,0.71688897777777771
gemma-4-E4B-it_t01,Gemma4,perception_jaccard,Appendix Figure A3,mean image-conditioned Jaccard similarity,M/High/Prog/Empa,F/High/Prog/Empa,0.83169883174603176
gemma-4-E4B-it_t01,Gemma4,perception_jaccard,Appendix Figure A3,mean image-conditioned Jaccard similarity,M/High/Prog/Prag,F/High/Prog/Empa,0.69499701587301577
gemma-4-E4B-it_t01,Gemma4,perception_jaccard,Appendix Figure A3,mean image-conditioned Jaccard similarity,M/Low /Cons/Anal,F/High/Prog/Empa,0.53085062539682537
gemma-4-E4B-it_t01,Gemma4,perception_jaccard,Appendix Figure A3,mean image-conditioned Jaccard similarity,M/Low /Cons/Empa,F/High/Prog/Empa,0.56640247936507937
gemma-4-E4B-it_t01,Gemma4,perception_jaccard,Appendix Figure A3,mean image-conditioned Jaccard similarity,M/Low /Cons/Prag,F/High/Prog/Empa,0.49579311111111113
gemma-4-E4B-it_t01,Gemma4,perception_jaccard,Appendix Figure A3,mean image-conditioned Jaccard similarity,M/Low /Prog/Anal,F/High/Prog/Empa,0.62226449841269849
gemma-4-E4B-it_t01,Gemma4,perception_jaccard,Appendix Figure A3,mean image-conditioned Jaccard similarity,M/Low /Prog/Empa,F/High/Prog/Empa,0.65983393650793654
gemma-4-E4B-it_t01,Gemma4,perception_jaccard,Appendix Figure A3,mean image-conditioned Jaccard similarity,M/Low /Prog/Prag,F/High/Prog/Empa,0.55309752063492068
gemma-4-E4B-it_t01,Gemma4,perception_jaccard,Appendix Figure A3,mean image-conditioned Jaccard similarity,F/High/Cons/Anal,F/High/Prog/Prag,0.73863314285714265
gemma-4-E4B-it_t01,Gemma4,perception_jaccard,Appendix Figure A3,mean image-conditioned Jaccard similarity,F/High/Cons/Empa,F/High/Prog/Prag,0.69729979682539678
gemma-4-E4B-it_t01,Gemma4,perception_jaccard,Appendix Figure A3,mean image-conditioned Jaccard similarity,F/High/Cons/Prag,F/High/Prog/Prag,0.68830532063492067
gemma-4-E4B-it_t01,Gemma4,perception_jaccard,Appendix Figure A3,mean image-conditioned Jaccard similarity,F/High/Prog/Anal,F/High/Prog/Prag,0.79631973015873014
gemma-4-E4B-it_t01,Gemma4,perception_jaccard,Appendix Figure A3,mean image-conditioned Jaccard similarity,F/High/Prog/Empa,F/High/Prog/Prag,0.71326525396825391
gemma-4-E4B-it_t01,Gemma4,perception_jaccard,Appendix Figure A3,mean image-conditioned Jaccard similarity,F/High/Prog/Prag,F/High/Prog/Prag,0.86266158730158737
gemma-4-E4B-it_t01,Gemma4,perception_jaccard,Appendix Figure A3,mean image-conditioned Jaccard similarity,F/Low /Cons/Anal,F/High/Prog/Prag,0.59775237460317465
gemma-4-E4B-it_t01,Gemma4,perception_jaccard,Appendix Figure A3,mean image-conditioned Jaccard similarity,F/Low /Cons/Empa,F/High/Prog/Prag,0.61702612698412695
gemma-4-E4B-it_t01,Gemma4,perception_jaccard,Appendix Figure A3,mean image-conditioned Jaccard similarity,F/Low /Cons/Prag,F/High/Prog/Prag,0.55162453650793652
gemma-4-E4B-it_t01,Gemma4,perception_jaccard,Appendix Figure A3,mean image-conditioned Jaccard similarity,F/Low /Prog/Anal,F/High/Prog/Prag,0.65452453968253976
gemma-4-E4B-it_t01,Gemma4,perception_jaccard,Appendix Figure A3,mean image-conditioned Jaccard similarity,F/Low /Prog/Empa,F/High/Prog/Prag,0.64778490158730162
gemma-4-E4B-it_t01,Gemma4,perception_jaccard,Appendix Figure A3,mean image-conditioned Jaccard similarity,F/Low /Prog/Prag,F/High/Prog/Prag,0.61390311746031745
gemma-4-E4B-it_t01,Gemma4,perception_jaccard,Appendix Figure A3,mean image-conditioned Jaccard similarity,M/High/Cons/Anal,F/High/Prog/Prag,0.72570590249433109
gemma-4-E4B-it_t01,Gemma4,perception_jaccard,Appendix Figure A3,mean image-conditioned Jaccard similarity,M/High/Cons/Empa,F/High/Prog/Prag,0.7374852031746032
gemma-4-E4B-it_t01,Gemma4,perception_jaccard,Appendix Figure A3,mean image-conditioned Jaccard similarity,M/High/Cons/Prag,F/High/Prog/Prag,0.67448971111111122
gemma-4-E4B-it_t01,Gemma4,perception_jaccard,Appendix Figure A3,mean image-conditioned Jaccard similarity,M/High/Prog/Anal,F/High/Prog/Prag,0.77462094603174592
gemma-4-E4B-it_t01,Gemma4,perception_jaccard,Appendix Figure A3,mean image-conditioned Jaccard similarity,M/High/Prog/Empa,F/High/Prog/Prag,0.72104536825396837
gemma-4-E4B-it_t01,Gemma4,perception_jaccard,Appendix Figure A3,mean image-conditioned Jaccard similarity,M/High/Prog/Prag,F/High/Prog/Prag,0.81866961269841287
gemma-4-E4B-it_t01,Gemma4,perception_jaccard,Appendix Figure A3,mean image-conditioned Jaccard similarity,M/Low /Cons/Anal,F/High/Prog/Prag,0.5804089396825397
gemma-4-E4B-it_t01,Gemma4,perception_jaccard,Appendix Figure A3,mean image-conditioned Jaccard similarity,M/Low /Cons/Empa,F/High/Prog/Prag,0.60995864126984123
gemma-4-E4B-it_t01,Gemma4,perception_jaccard,Appendix Figure A3,mean image-conditioned Jaccard similarity,M/Low /Cons/Prag,F/High/Prog/Prag,0.53909029206349202
gemma-4-E4B-it_t01,Gemma4,perception_jaccard,Appendix Figure A3,mean image-conditioned Jaccard similarity,M/Low /Prog/Anal,F/High/Prog/Prag,0.64730116190476183
gemma-4-E4B-it_t01,Gemma4,perception_jaccard,Appendix Figure A3,mean image-conditioned Jaccard similarity,M/Low /Prog/Empa,F/High/Prog/Prag,0.6362884412698413
gemma-4-E4B-it_t01,Gemma4,perception_jaccard,Appendix Figure A3,mean image-conditioned Jaccard similarity,M/Low /Prog/Prag,F/High/Prog/Prag,0.60479668571428569
gemma-4-E4B-it_t01,Gemma4,perception_jaccard,Appendix Figure A3,mean image-conditioned Jaccard similarity,F/High/Cons/Anal,F/Low /Cons/Anal,0.65088035555555546
gemma-4-E4B-it_t01,Gemma4,perception_jaccard,Appendix Figure A3,mean image-conditioned Jaccard similarity,F/High/Cons/Empa,F/Low /Cons/Anal,0.60201374285714293
gemma-4-E4B-it_t01,Gemma4,perception_jaccard,Appendix Figure A3,mean image-conditioned Jaccard similarity,F/High/Cons/Prag,F/Low /Cons/Anal,0.66804669841269837
gemma-4-E4B-it_t01,Gemma4,perception_jaccard,Appendix Figure A3,mean image-conditioned Jaccard similarity,F/High/Prog/Anal,F/Low /Cons/Anal,0.58631724761904758
gemma-4-E4B-it_t01,Gemma4,perception_jaccard,Appendix Figure A3,mean image-conditioned Jaccard similarity,F/High/Prog/Empa,F/Low /Cons/Anal,0.53844201269841263
gemma-4-E4B-it_t01,Gemma4,perception_jaccard,Appendix Figure A3,mean image-conditioned Jaccard similarity,F/High/Prog/Prag,F/Low /Cons/Anal,0.59775237460317465
gemma-4-E4B-it_t01,Gemma4,perception_jaccard,Appendix Figure A3,mean image-conditioned Jaccard similarity,F/Low /Cons/Anal,F/Low /Cons/Anal,0.8880626627793976
gemma-4-E4B-it_t01,Gemma4,perception_jaccard,Appendix Figure A3,mean image-conditioned Jaccard similarity,F/Low /Cons/Empa,F/Low /Cons/Anal,0.68630340634920628
gemma-4-E4B-it_t01,Gemma4,perception_jaccard,Appendix Figure A3,mean image-conditioned Jaccard similarity,F/Low /Cons/Prag,F/Low /Cons/Anal,0.79069027619047616
gemma-4-E4B-it_t01,Gemma4,perception_jaccard,Appendix Figure A3,mean image-conditioned Jaccard similarity,F/Low /Prog/Anal,F/Low /Cons/Anal,0.64595207619047623
gemma-4-E4B-it_t01,Gemma4,perception_jaccard,Appendix Figure A3,mean image-conditioned Jaccard similarity,F/Low /Prog/Empa,F/Low /Cons/Anal,0.59679980634920637
gemma-4-E4B-it_t01,Gemma4,perception_jaccard,Appendix Figure A3,mean image-conditioned Jaccard similarity,F/Low /Prog/Prag,F/Low /Cons/Anal,0.69388221269841255
gemma-4-E4B-it_t01,Gemma4,perception_jaccard,Appendix Figure A3,mean image-conditioned Jaccard similarity,M/High/Cons/Anal,F/Low /Cons/Anal,0.67732647981859406
gemma-4-E4B-it_t01,Gemma4,perception_jaccard,Appendix Figure A3,mean image-conditioned Jaccard similarity,M/High/Cons/Empa,F/Low /Cons/Anal,0.60484518095238105
gemma-4-E4B-it_t01,Gemma4,perception_jaccard,Appendix Figure A3,mean image-conditioned Jaccard similarity,M/High/Cons/Prag,F/Low /Cons/Anal,0.68445554285714283
gemma-4-E4B-it_t01,Gemma4,perception_jaccard,Appendix Figure A3,mean image-conditioned Jaccard similarity,M/High/Prog/Anal,F/Low /Cons/Anal,0.59090556190476196
gemma-4-E4B-it_t01,Gemma4,perception_jaccard,Appendix Figure A3,mean image-conditioned Jaccard similarity,M/High/Prog/Empa,F/Low /Cons/Anal,0.53775534920634926
gemma-4-E4B-it_t01,Gemma4,perception_jaccard,Appendix Figure A3,mean image-conditioned Jaccard similarity,M/High/Prog/Prag,F/Low /Cons/Anal,0.59381718730158728
gemma-4-E4B-it_t01,Gemma4,perception_jaccard,Appendix Figure A3,mean image-conditioned Jaccard similarity,M/Low /Cons/Anal,F/Low /Cons/Anal,0.81894677460317467
gemma-4-E4B-it_t01,Gemma4,perception_jaccard,Appendix Figure A3,mean image-conditioned Jaccard similarity,M/Low /Cons/Empa,F/Low /Cons/Anal,0.73881539682539699
gemma-4-E4B-it_t01,Gemma4,perception_jaccard,Appendix Figure A3,mean image-conditioned Jaccard similarity,M/Low /Cons/Prag,F/Low /Cons/Anal,0.78640462857142845
gemma-4-E4B-it_t01,Gemma4,perception_jaccard,Appendix Figure A3,mean image-conditioned Jaccard similarity,M/Low /Prog/Anal,F/Low /Cons/Anal,0.66555609206349198
gemma-4-E4B-it_t01,Gemma4,perception_jaccard,Appendix Figure A3,mean image-conditioned Jaccard similarity,M/Low /Prog/Empa,F/Low /Cons/Anal,0.59461583492063486
gemma-4-E4B-it_t01,Gemma4,perception_jaccard,Appendix Figure A3,mean image-conditioned Jaccard similarity,M/Low /Prog/Prag,F/Low /Cons/Anal,0.70522274920634931
gemma-4-E4B-it_t01,Gemma4,perception_jaccard,Appendix Figure A3,mean image-conditioned Jaccard similarity,F/High/Cons/Anal,F/Low /Cons/Empa,0.64690811111111113
gemma-4-E4B-it_t01,Gemma4,perception_jaccard,Appendix Figure A3,mean image-conditioned Jaccard similarity,F/High/Cons/Empa,F/Low /Cons/Empa,0.62889360317460319
gemma-4-E4B-it_t01,Gemma4,perception_jaccard,Appendix Figure A3,mean image-conditioned Jaccard similarity,F/High/Cons/Prag,F/Low /Cons/Empa,0.65912173333333324
gemma-4-E4B-it_t01,Gemma4,perception_jaccard,Appendix Figure A3,mean image-conditioned Jaccard similarity,F/High/Prog/Anal,F/Low /Cons/Empa,0.6147707873015873
gemma-4-E4B-it_t01,Gemma4,perception_jaccard,Appendix Figure A3,mean image-conditioned Jaccard similarity,F/High/Prog/Empa,F/Low /Cons/Empa,0.5917181936507937
gemma-4-E4B-it_t01,Gemma4,perception_jaccard,Appendix Figure A3,mean image-conditioned Jaccard similarity,F/High/Prog/Prag,F/Low /Cons/Empa,0.61702612698412695
gemma-4-E4B-it_t01,Gemma4,perception_jaccard,Appendix Figure A3,mean image-conditioned Jaccard similarity,F/Low /Cons/Anal,F/Low /Cons/Empa,0.68630340634920628
gemma-4-E4B-it_t01,Gemma4,perception_jaccard,Appendix Figure A3,mean image-conditioned Jaccard similarity,F/Low /Cons/Empa,F/Low /Cons/Empa,0.86891081308713969
gemma-4-E4B-it_t01,Gemma4,perception_jaccard,Appendix Figure A3,mean image-conditioned Jaccard similarity,F/Low /Cons/Prag,F/Low /Cons/Empa,0.67055910476190472
gemma-4-E4B-it_t01,Gemma4,perception_jaccard,Appendix Figure A3,mean image-conditioned Jaccard similarity,F/Low /Prog/Anal,F/Low /Cons/Empa,0.66473226984126976
gemma-4-E4B-it_t01,Gemma4,perception_jaccard,Appendix Figure A3,mean image-conditioned Jaccard similarity,F/Low /Prog/Empa,F/Low /Cons/Empa,0.70384286984126976
gemma-4-E4B-it_t01,Gemma4,perception_jaccard,Appendix Figure A3,mean image-conditioned Jaccard similarity,F/Low /Prog/Prag,F/Low /Cons/Empa,0.7134637936507936
gemma-4-E4B-it_t01,Gemma4,perception_jaccard,Appendix Figure A3,mean image-conditioned Jaccard similarity,M/High/Cons/Anal,F/Low /Cons/Empa,0.65650550255911899
gemma-4-E4B-it_t01,Gemma4,perception_jaccard,Appendix Figure A3,mean image-conditioned Jaccard similarity,M/High/Cons/Empa,F/Low /Cons/Empa,0.64624023809523801
gemma-4-E4B-it_t01,Gemma4,perception_jaccard,Appendix Figure A3,mean image-conditioned Jaccard similarity,M/High/Cons/Prag,F/Low /Cons/Empa,0.64154357777777793
gemma-4-E4B-it_t01,Gemma4,perception_jaccard,Appendix Figure A3,mean image-conditioned Jaccard similarity,M/High/Prog/Anal,F/Low /Cons/Empa,0.61911134920634925
gemma-4-E4B-it_t01,Gemma4,perception_jaccard,Appendix Figure A3,mean image-conditioned Jaccard similarity,M/High/Prog/Empa,F/Low /Cons/Empa,0.58430773650793655
gemma-4-E4B-it_t01,Gemma4,perception_jaccard,Appendix Figure A3,mean image-conditioned Jaccard similarity,M/High/Prog/Prag,F/Low /Cons/Empa,0.60675317142857144
gemma-4-E4B-it_t01,Gemma4,perception_jaccard,Appendix Figure A3,mean image-conditioned Jaccard similarity,M/Low /Cons/Anal,F/Low /Cons/Empa,0.65412759365079365
gemma-4-E4B-it_t01,Gemma4,perception_jaccard,Appendix Figure A3,mean image-conditioned Jaccard similarity,M/Low /Cons/Empa,F/Low /Cons/Empa,0.78861773333333351
gemma-4-E4B-it_t01,Gemma4,perception_jaccard,Appendix Figure A3,mean image-conditioned Jaccard similarity,M/Low /Cons/Prag,F/Low /Cons/Empa,0.64067754603174587
gemma-4-E4B-it_t01,Gemma4,perception_jaccard,Appendix Figure A3,mean image-conditioned Jaccard similarity,M/Low /Prog/Anal,F/Low /Cons/Empa,0.6535546888888889
gemma-4-E4B-it_t01,Gemma4,perception_jaccard,Appendix Figure A3,mean image-conditioned Jaccard similarity,M/Low /Prog/Empa,F/Low /Cons/Empa,0.70623066031746018
gemma-4-E4B-it_t01,Gemma4,perception_jaccard,Appendix Figure A3,mean image-conditioned Jaccard similarity,M/Low /Prog/Prag,F/Low /Cons/Empa,0.66821681904761898
gemma-4-E4B-it_t01,Gemma4,perception_jaccard,Appendix Figure A3,mean image-conditioned Jaccard similarity,F/High/Cons/Anal,F/Low /Cons/Prag,0.59299386349206351
gemma-4-E4B-it_t01,Gemma4,perception_jaccard,Appendix Figure A3,mean image-conditioned Jaccard similarity,F/High/Cons/Empa,F/Low /Cons/Prag,0.57060810793650796
gemma-4-E4B-it_t01,Gemma4,perception_jaccard,Appendix Figure A3,mean image-conditioned Jaccard similarity,F/High/Cons/Prag,F/Low /Cons/Prag,0.6068992666666666
gemma-4-E4B-it_t01,Gemma4,perception_jaccard,Appendix Figure A3,mean image-conditioned Jaccard similarity,F/High/Prog/Anal,F/Low /Cons/Prag,0.54854026349206353
gemma-4-E4B-it_t01,Gemma4,perception_jaccard,Appendix Figure A3,mean image-conditioned Jaccard similarity,F/High/Prog/Empa,F/Low /Cons/Prag,0.50895039365079364
gemma-4-E4B-it_t01,Gemma4,perception_jaccard,Appendix Figure A3,mean image-conditioned Jaccard similarity,F/High/Prog/Prag,F/Low /Cons/Prag,0.55162453650793652
gemma-4-E4B-it_t01,Gemma4,perception_jaccard,Appendix Figure A3,mean image-conditioned Jaccard similarity,F/Low /Cons/Anal,F/Low /Cons/Prag,0.79069027619047616
gemma-4-E4B-it_t01,Gemma4,perception_jaccard,Appendix Figure A3,mean image-conditioned Jaccard similarity,F/Low /Cons/Empa,F/Low /Cons/Prag,0.67055910476190472
gemma-4-E4B-it_t01,Gemma4,perception_jaccard,Appendix Figure A3,mean image-conditioned Jaccard similarity,F/Low /Cons/Prag,F/Low /Cons/Prag,0.90214888241010682
gemma-4-E4B-it_t01,Gemma4,perception_jaccard,Appendix Figure A3,mean image-conditioned Jaccard similarity,F/Low /Prog/Anal,F/Low /Cons/Prag,0.60892884126984126
gemma-4-E4B-it_t01,Gemma4,perception_jaccard,Appendix Figure A3,mean image-conditioned Jaccard similarity,F/Low /Prog/Empa,F/Low /Cons/Prag,0.56221106031746038
gemma-4-E4B-it_t01,Gemma4,perception_jaccard,Appendix Figure A3,mean image-conditioned Jaccard similarity,F/Low /Prog/Prag,F/Low /Cons/Prag,0.68128491746031739
gemma-4-E4B-it_t01,Gemma4,perception_jaccard,Appendix Figure A3,mean image-conditioned Jaccard similarity,M/High/Cons/Anal,F/Low /Cons/Prag,0.61343096864269508
gemma-4-E4B-it_t01,Gemma4,perception_jaccard,Appendix Figure A3,mean image-conditioned Jaccard similarity,M/High/Cons/Empa,F/Low /Cons/Prag,0.56032986984126976
gemma-4-E4B-it_t01,Gemma4,perception_jaccard,Appendix Figure A3,mean image-conditioned Jaccard similarity,M/High/Cons/Prag,F/Low /Cons/Prag,0.60605369841269841
gemma-4-E4B-it_t01,Gemma4,perception_jaccard,Appendix Figure A3,mean image-conditioned Jaccard similarity,M/High/Prog/Anal,F/Low /Cons/Prag,0.55018512698412692
gemma-4-E4B-it_t01,Gemma4,perception_jaccard,Appendix Figure A3,mean image-conditioned Jaccard similarity,M/High/Prog/Empa,F/Low /Cons/Prag,0.50937686984126973
gemma-4-E4B-it_t01,Gemma4,perception_jaccard,Appendix Figure A3,mean image-conditioned Jaccard similarity,M/High/Prog/Prag,F/Low /Cons/Prag,0.54522682539682532
gemma-4-E4B-it_t01,Gemma4,perception_jaccard,Appendix Figure A3,mean image-conditioned Jaccard similarity,M/Low /Cons/Anal,F/Low /Cons/Prag,0.72512818412698399
gemma-4-E4B-it_t01,Gemma4,perception_jaccard,Appendix Figure A3,mean image-conditioned Jaccard similarity,M/Low /Cons/Empa,F/Low /Cons/Prag,0.70221230476190466
gemma-4-E4B-it_t01,Gemma4,perception_jaccard,Appendix Figure A3,mean image-conditioned Jaccard similarity,M/Low /Cons/Prag,F/Low /Cons/Prag,0.79890474603174599
gemma-4-E4B-it_t01,Gemma4,perception_jaccard,Appendix Figure A3,mean image-conditioned Jaccard similarity,M/Low /Prog/Anal,F/Low /Cons/Prag,0.60400706984126984
gemma-4-E4B-it_t01,Gemma4,perception_jaccard,Appendix Figure A3,mean image-conditioned Jaccard similarity,M/Low /Prog/Empa,F/Low /Cons/Prag,0.56678191746031747
gemma-4-E4B-it_t01,Gemma4,perception_jaccard,Appendix Figure A3,mean image-conditioned Jaccard similarity,M/Low /Prog/Prag,F/Low /Cons/Prag,0.68075390793650781
gemma-4-E4B-it_t01,Gemma4,perception_jaccard,Appendix Figure A3,mean image-conditioned Jaccard similarity,F/High/Cons/Anal,F/Low /Prog/Anal,0.63721307619047618
gemma-4-E4B-it_t01,Gemma4,perception_jaccard,Appendix Figure A3,mean image-conditioned Jaccard similarity,F/High/Cons/Empa,F/Low /Prog/Anal,0.57950801269841268
gemma-4-E4B-it_t01,Gemma4,perception_jaccard,Appendix Figure A3,mean image-conditioned Jaccard similarity,F/High/Cons/Prag,F/Low /Prog/Anal,0.63582885396825384
gemma-4-E4B-it_t01,Gemma4,perception_jaccard,Appendix Figure A3,mean image-conditioned Jaccard similarity,F/High/Prog/Anal,F/Low /Prog/Anal,0.66687878412698409
gemma-4-E4B-it_t01,Gemma4,perception_jaccard,Appendix Figure A3,mean image-conditioned Jaccard similarity,F/High/Prog/Empa,F/Low /Prog/Anal,0.6190948444444444
gemma-4-E4B-it_t01,Gemma4,perception_jaccard,Appendix Figure A3,mean image-conditioned Jaccard similarity,F/High/Prog/Prag,F/Low /Prog/Anal,0.65452453968253976
gemma-4-E4B-it_t01,Gemma4,perception_jaccard,Appendix Figure A3,mean image-conditioned Jaccard similarity,F/Low /Cons/Anal,F/Low /Prog/Anal,0.64595207619047612
gemma-4-E4B-it_t01,Gemma4,perception_jaccard,Appendix Figure A3,mean image-conditioned Jaccard similarity,F/Low /Cons/Empa,F/Low /Prog/Anal,0.66473226984126976
gemma-4-E4B-it_t01,Gemma4,perception_jaccard,Appendix Figure A3,mean image-conditioned Jaccard similarity,F/Low /Cons/Prag,F/Low /Prog/Anal,0.60892884126984115
gemma-4-E4B-it_t01,Gemma4,perception_jaccard,Appendix Figure A3,mean image-conditioned Jaccard similarity,F/Low /Prog/Anal,F/Low /Prog/Anal,0.8790542662779397
gemma-4-E4B-it_t01,Gemma4,perception_jaccard,Appendix Figure A3,mean image-conditioned Jaccard similarity,F/Low /Prog/Empa,F/Low /Prog/Anal,0.71955783492063474
gemma-4-E4B-it_t01,Gemma4,perception_jaccard,Appendix Figure A3,mean image-conditioned Jaccard similarity,F/Low /Prog/Prag,F/Low /Prog/Anal,0.76439696507936505
gemma-4-E4B-it_t01,Gemma4,perception_jaccard,Appendix Figure A3,mean image-conditioned Jaccard similarity,M/High/Cons/Anal,F/Low /Prog/Anal,0.65771136533851648
gemma-4-E4B-it_t01,Gemma4,perception_jaccard,Appendix Figure A3,mean image-conditioned Jaccard similarity,M/High/Cons/Empa,F/Low /Prog/Anal,0.60002128888888895
gemma-4-E4B-it_t01,Gemma4,perception_jaccard,Appendix Figure A3,mean image-conditioned Jaccard similarity,M/High/Cons/Prag,F/Low /Prog/Anal,0.62329750793650784
gemma-4-E4B-it_t01,Gemma4,perception_jaccard,Appendix Figure A3,mean image-conditioned Jaccard similarity,M/High/Prog/Anal,F/Low /Prog/Anal,0.6787059492063493
gemma-4-E4B-it_t01,Gemma4,perception_jaccard,Appendix Figure A3,mean image-conditioned Jaccard similarity,M/High/Prog/Empa,F/Low /Prog/Anal,0.60456121904761906
gemma-4-E4B-it_t01,Gemma4,perception_jaccard,Appendix Figure A3,mean image-conditioned Jaccard similarity,M/High/Prog/Prag,F/Low /Prog/Anal,0.64277639365079364
gemma-4-E4B-it_t01,Gemma4,perception_jaccard,Appendix Figure A3,mean image-conditioned Jaccard similarity,M/Low /Cons/Anal,F/Low /Prog/Anal,0.63879921587301591
gemma-4-E4B-it_t01,Gemma4,perception_jaccard,Appendix Figure A3,mean image-conditioned Jaccard similarity,M/Low /Cons/Empa,F/Low /Prog/Anal,0.66032525079365068
gemma-4-E4B-it_t01,Gemma4,perception_jaccard,Appendix Figure A3,mean image-conditioned Jaccard similarity,M/Low /Cons/Prag,F/Low /Prog/Anal,0.60984550476190469
gemma-4-E4B-it_t01,Gemma4,perception_jaccard,Appendix Figure A3,mean image-conditioned Jaccard similarity,M/Low /Prog/Anal,F/Low /Prog/Anal,0.81788133333333335
gemma-4-E4B-it_t01,Gemma4,perception_jaccard,Appendix Figure A3,mean image-conditioned Jaccard similarity,M/Low /Prog/Empa,F/Low /Prog/Anal,0.747886292063492
gemma-4-E4B-it_t01,Gemma4,perception_jaccard,Appendix Figure A3,mean image-conditioned Jaccard similarity,M/Low /Prog/Prag,F/Low /Prog/Anal,0.7354541650793649
gemma-4-E4B-it_t01,Gemma4,perception_jaccard,Appendix Figure A3,mean image-conditioned Jaccard similarity,F/High/Cons/Anal,F/Low /Prog/Empa,0.62601126984126976
gemma-4-E4B-it_t01,Gemma4,perception_jaccard,Appendix Figure A3,mean image-conditioned Jaccard similarity,F/High/Cons/Empa,F/Low /Prog/Empa,0.60310009206349202
gemma-4-E4B-it_t01,Gemma4,perception_jaccard,Appendix Figure A3,mean image-conditioned Jaccard similarity,F/High/Cons/Prag,F/Low /Prog/Empa,0.61565841587301595
gemma-4-E4B-it_t01,Gemma4,perception_jaccard,Appendix Figure A3,mean image-conditioned Jaccard similarity,F/High/Prog/Anal,F/Low /Prog/Empa,0.66207664761904761
gemma-4-E4B-it_t01,Gemma4,perception_jaccard,Appendix Figure A3,mean image-conditioned Jaccard similarity,F/High/Prog/Empa,F/Low /Prog/Empa,0.6521899238095239
gemma-4-E4B-it_t01,Gemma4,perception_jaccard,Appendix Figure A3,mean image-conditioned Jaccard similarity,F/High/Prog/Prag,F/Low /Prog/Empa,0.64778490158730162
gemma-4-E4B-it_t01,Gemma4,perception_jaccard,Appendix Figure A3,mean image-conditioned Jaccard similarity,F/Low /Cons/Anal,F/Low /Prog/Empa,0.59679980634920637
gemma-4-E4B-it_t01,Gemma4,perception_jaccard,Appendix Figure A3,mean image-conditioned Jaccard similarity,F/Low /Cons/Empa,F/Low /Prog/Empa,0.70384286984126976
gemma-4-E4B-it_t01,Gemma4,perception_jaccard,Appendix Figure A3,mean image-conditioned Jaccard similarity,F/Low /Cons/Prag,F/Low /Prog/Empa,0.56221106031746038
gemma-4-E4B-it_t01,Gemma4,perception_jaccard,Appendix Figure A3,mean image-conditioned Jaccard similarity,F/Low /Prog/Anal,F/Low /Prog/Empa,0.71955783492063474
gemma-4-E4B-it_t01,Gemma4,perception_jaccard,Appendix Figure A3,mean image-conditioned Jaccard similarity,F/Low /Prog/Empa,F/Low /Prog/Empa,0.84704339488176217
gemma-4-E4B-it_t01,Gemma4,perception_jaccard,Appendix Figure A3,mean image-conditioned Jaccard similarity,F/Low /Prog/Prag,F/Low /Prog/Empa,0.71074332380952399
gemma-4-E4B-it_t01,Gemma4,perception_jaccard,Appendix Figure A3,mean image-conditioned Jaccard similarity,M/High/Cons/Anal,F/Low /Prog/Empa,0.62559514816974404
gemma-4-E4B-it_t01,Gemma4,perception_jaccard,Appendix Figure A3,mean image-conditioned Jaccard similarity,M/High/Cons/Empa,F/Low /Prog/Empa,0.62050339365079366
gemma-4-E4B-it_t01,Gemma4,perception_jaccard,Appendix Figure A3,mean image-conditioned Jaccard similarity,M/High/Cons/Prag,F/Low /Prog/Empa,0.59183224444444438
gemma-4-E4B-it_t01,Gemma4,perception_jaccard,Appendix Figure A3,mean image-conditioned Jaccard similarity,M/High/Prog/Anal,F/Low /Prog/Empa,0.65357253650793656
gemma-4-E4B-it_t01,Gemma4,perception_jaccard,Appendix Figure A3,mean image-conditioned Jaccard similarity,M/High/Prog/Empa,F/Low /Prog/Empa,0.63458391111111123
gemma-4-E4B-it_t01,Gemma4,perception_jaccard,Appendix Figure A3,mean image-conditioned Jaccard similarity,M/High/Prog/Prag,F/Low /Prog/Empa,0.63738693650793654
gemma-4-E4B-it_t01,Gemma4,perception_jaccard,Appendix Figure A3,mean image-conditioned Jaccard similarity,M/Low /Cons/Anal,F/Low /Prog/Empa,0.57948695238095238
gemma-4-E4B-it_t01,Gemma4,perception_jaccard,Appendix Figure A3,mean image-conditioned Jaccard similarity,M/Low /Cons/Empa,F/Low /Prog/Empa,0.68523046031746015
gemma-4-E4B-it_t01,Gemma4,perception_jaccard,Appendix Figure A3,mean image-conditioned Jaccard similarity,M/Low /Cons/Prag,F/Low /Prog/Empa,0.55862925396825391
gemma-4-E4B-it_t01,Gemma4,perception_jaccard,Appendix Figure A3,mean image-conditioned Jaccard similarity,M/Low /Prog/Anal,F/Low /Prog/Empa,0.70420497142857164
gemma-4-E4B-it_t01,Gemma4,perception_jaccard,Appendix Figure A3,mean image-conditioned Jaccard similarity,M/Low /Prog/Empa,F/Low /Prog/Empa,0.80281428253968246
gemma-4-E4B-it_t01,Gemma4,perception_jaccard,Appendix Figure A3,mean image-conditioned Jaccard similarity,M/Low /Prog/Prag,F/Low /Prog/Empa,0.67157303492063491
gemma-4-E4B-it_t01,Gemma4,perception_jaccard,Appendix Figure A3,mean image-conditioned Jaccard similarity,F/High/Cons/Anal,F/Low /Prog/Prag,0.62344192380952379
gemma-4-E4B-it_t01,Gemma4,perception_jaccard,Appendix Figure A3,mean image-conditioned Jaccard similarity,F/High/Cons/Empa,F/Low /Prog/Prag,0.5692517301587301
gemma-4-E4B-it_t01,Gemma4,perception_jaccard,Appendix Figure A3,mean image-conditioned Jaccard similarity,F/High/Cons/Prag,F/Low /Prog/Prag,0.65383886984126971
gemma-4-E4B-it_t01,Gemma4,perception_jaccard,Appendix Figure A3,mean image-conditioned Jaccard similarity,F/High/Prog/Anal,F/Low /Prog/Prag,0.59799872380952379
gemma-4-E4B-it_t01,Gemma4,perception_jaccard,Appendix Figure A3,mean image-conditioned Jaccard similarity,F/High/Prog/Empa,F/Low /Prog/Prag,0.56285660000000004
gemma-4-E4B-it_t01,Gemma4,perception_jaccard,Appendix Figure A3,mean image-conditioned Jaccard similarity,F/High/Prog/Prag,F/Low /Prog/Prag,0.61390311746031745
gemma-4-E4B-it_t01,Gemma4,perception_jaccard,Appendix Figure A3,mean image-conditioned Jaccard similarity,F/Low /Cons/Anal,F/Low /Prog/Prag,0.69388221269841255
gemma-4-E4B-it_t01,Gemma4,perception_jaccard,Appendix Figure A3,mean image-conditioned Jaccard similarity,F/Low /Cons/Empa,F/Low /Prog/Prag,0.7134637936507936
gemma-4-E4B-it_t01,Gemma4,perception_jaccard,Appendix Figure A3,mean image-conditioned Jaccard similarity,F/Low /Cons/Prag,F/Low /Prog/Prag,0.68128491746031739
gemma-4-E4B-it_t01,Gemma4,perception_jaccard,Appendix Figure A3,mean image-conditioned Jaccard similarity,F/Low /Prog/Anal,F/Low /Prog/Prag,0.76439696507936505
gemma-4-E4B-it_t01,Gemma4,perception_jaccard,Appendix Figure A3,mean image-conditioned Jaccard similarity,F/Low /Prog/Empa,F/Low /Prog/Prag,0.71074332380952387
gemma-4-E4B-it_t01,Gemma4,perception_jaccard,Appendix Figure A3,mean image-conditioned Jaccard similarity,F/Low /Prog/Prag,F/Low /Prog/Prag,0.86470356333009391
gemma-4-E4B-it_t01,Gemma4,perception_jaccard,Appendix Figure A3,mean image-conditioned Jaccard similarity,M/High/Cons/Anal,F/Low /Prog/Prag,0.65059229342403624
gemma-4-E4B-it_t01,Gemma4,perception_jaccard,Appendix Figure A3,mean image-conditioned Jaccard similarity,M/High/Cons/Empa,F/Low /Prog/Prag,0.58761419999999998
gemma-4-E4B-it_t01,Gemma4,perception_jaccard,Appendix Figure A3,mean image-conditioned Jaccard similarity,M/High/Cons/Prag,F/Low /Prog/Prag,0.64553214285714289
gemma-4-E4B-it_t01,Gemma4,perception_jaccard,Appendix Figure A3,mean image-conditioned Jaccard similarity,M/High/Prog/Anal,F/Low /Prog/Prag,0.59891700634920619
gemma-4-E4B-it_t01,Gemma4,perception_jaccard,Appendix Figure A3,mean image-conditioned Jaccard similarity,M/High/Prog/Empa,F/Low /Prog/Prag,0.54890096825396828
gemma-4-E4B-it_t01,Gemma4,perception_jaccard,Appendix Figure A3,mean image-conditioned Jaccard similarity,M/High/Prog/Prag,F/Low /Prog/Prag,0.60886203492063484
gemma-4-E4B-it_t01,Gemma4,perception_jaccard,Appendix Figure A3,mean image-conditioned Jaccard similarity,M/Low /Cons/Anal,F/Low /Prog/Prag,0.67870074603174602
gemma-4-E4B-it_t01,Gemma4,perception_jaccard,Appendix Figure A3,mean image-conditioned Jaccard similarity,M/Low /Cons/Empa,F/Low /Prog/Prag,0.72475132698412703
gemma-4-E4B-it_t01,Gemma4,perception_jaccard,Appendix Figure A3,mean image-conditioned Jaccard similarity,M/Low /Cons/Prag,F/Low /Prog/Prag,0.67276962857142875
gemma-4-E4B-it_t01,Gemma4,perception_jaccard,Appendix Figure A3,mean image-conditioned Jaccard similarity,M/Low /Prog/Anal,F/Low /Prog/Prag,0.74654471111111109
gemma-4-E4B-it_t01,Gemma4,perception_jaccard,Appendix Figure A3,mean image-conditioned Jaccard similarity,M/Low /Prog/Empa,F/Low /Prog/Prag,0.72137387301587297
gemma-4-E4B-it_t01,Gemma4,perception_jaccard,Appendix Figure A3,mean image-conditioned Jaccard similarity,M/Low /Prog/Prag,F/Low /Prog/Prag,0.78332709206349205
gemma-4-E4B-it_t01,Gemma4,perception_jaccard,Appendix Figure A3,mean image-conditioned Jaccard similarity,F/High/Cons/Anal,M/High/Cons/Anal,0.81898290573372212
gemma-4-E4B-it_t01,Gemma4,perception_jaccard,Appendix Figure A3,mean image-conditioned Jaccard similarity,F/High/Cons/Empa,M/High/Cons/Anal,0.67081647567217362
gemma-4-E4B-it_t01,Gemma4,perception_jaccard,Appendix Figure A3,mean image-conditioned Jaccard similarity,F/High/Cons/Prag,M/High/Cons/Anal,0.77138867249757059
gemma-4-E4B-it_t01,Gemma4,perception_jaccard,Appendix Figure A3,mean image-conditioned Jaccard similarity,F/High/Prog/Anal,M/High/Cons/Anal,0.72636751836734692
gemma-4-E4B-it_t01,Gemma4,perception_jaccard,Appendix Figure A3,mean image-conditioned Jaccard similarity,F/High/Prog/Empa,M/High/Cons/Anal,0.6344882830579851
gemma-4-E4B-it_t01,Gemma4,perception_jaccard,Appendix Figure A3,mean image-conditioned Jaccard similarity,F/High/Prog/Prag,M/High/Cons/Anal,0.72570590249433109
gemma-4-E4B-it_t01,Gemma4,perception_jaccard,Appendix Figure A3,mean image-conditioned Jaccard similarity,F/Low /Cons/Anal,M/High/Cons/Anal,0.67732647981859406
gemma-4-E4B-it_t01,Gemma4,perception_jaccard,Appendix Figure A3,mean image-conditioned Jaccard similarity,F/Low /Cons/Empa,M/High/Cons/Anal,0.65650550255911899
gemma-4-E4B-it_t01,Gemma4,perception_jaccard,Appendix Figure A3,mean image-conditioned Jaccard similarity,F/Low /Cons/Prag,M/High/Cons/Anal,0.61343096864269508
gemma-4-E4B-it_t01,Gemma4,perception_jaccard,Appendix Figure A3,mean image-conditioned Jaccard similarity,F/Low /Prog/Anal,M/High/Cons/Anal,0.65771136533851648
gemma-4-E4B-it_t01,Gemma4,perception_jaccard,Appendix Figure A3,mean image-conditioned Jaccard similarity,F/Low /Prog/Empa,M/High/Cons/Anal,0.62559514816974404
gemma-4-E4B-it_t01,Gemma4,perception_jaccard,Appendix Figure A3,mean image-conditioned Jaccard similarity,F/Low /Prog/Prag,M/High/Cons/Anal,0.65059229342403624
gemma-4-E4B-it_t01,Gemma4,perception_jaccard,Appendix Figure A3,mean image-conditioned Jaccard similarity,M/High/Cons/Anal,M/High/Cons/Anal,0.87790515063168129
gemma-4-E4B-it_t01,Gemma4,perception_jaccard,Appendix Figure A3,mean image-conditioned Jaccard similarity,M/High/Cons/Empa,M/High/Cons/Anal,0.7222645986394558
gemma-4-E4B-it_t01,Gemma4,perception_jaccard,Appendix Figure A3,mean image-conditioned Jaccard similarity,M/High/Cons/Prag,M/High/Cons/Anal,0.79489284897959178
gemma-4-E4B-it_t01,Gemma4,perception_jaccard,Appendix Figure A3,mean image-conditioned Jaccard similarity,M/High/Prog/Anal,M/High/Cons/Anal,0.73232830566893414
gemma-4-E4B-it_t01,Gemma4,perception_jaccard,Appendix Figure A3,mean image-conditioned Jaccard similarity,M/High/Prog/Empa,M/High/Cons/Anal,0.64882274298671827
gemma-4-E4B-it_t01,Gemma4,perception_jaccard,Appendix Figure A3,mean image-conditioned Jaccard similarity,M/High/Prog/Prag,M/High/Cons/Anal,0.75212523265306119
gemma-4-E4B-it_t01,Gemma4,perception_jaccard,Appendix Figure A3,mean image-conditioned Jaccard similarity,M/Low /Cons/Anal,M/High/Cons/Anal,0.67115785681891804
gemma-4-E4B-it_t01,Gemma4,perception_jaccard,Appendix Figure A3,mean image-conditioned Jaccard similarity,M/Low /Cons/Empa,M/High/Cons/Anal,0.67769505843861355
gemma-4-E4B-it_t01,Gemma4,perception_jaccard,Appendix Figure A3,mean image-conditioned Jaccard similarity,M/Low /Cons/Prag,M/High/Cons/Anal,0.63027686588921283
gemma-4-E4B-it_t01,Gemma4,perception_jaccard,Appendix Figure A3,mean image-conditioned Jaccard similarity,M/Low /Prog/Anal,M/High/Cons/Anal,0.69307254739229018
gemma-4-E4B-it_t01,Gemma4,perception_jaccard,Appendix Figure A3,mean image-conditioned Jaccard similarity,M/Low /Prog/Empa,M/High/Cons/Anal,0.63517481561386469
gemma-4-E4B-it_t01,Gemma4,perception_jaccard,Appendix Figure A3,mean image-conditioned Jaccard similarity,M/Low /Prog/Prag,M/High/Cons/Anal,0.65068184580498867
gemma-4-E4B-it_t01,Gemma4,perception_jaccard,Appendix Figure A3,mean image-conditioned Jaccard similarity,F/High/Cons/Anal,M/High/Cons/Empa,0.72724953333333364
gemma-4-E4B-it_t01,Gemma4,perception_jaccard,Appendix Figure A3,mean image-conditioned Jaccard similarity,F/High/Cons/Empa,M/High/Cons/Empa,0.78968432380952391
gemma-4-E4B-it_t01,Gemma4,perception_jaccard,Appendix Figure A3,mean image-conditioned Jaccard similarity,F/High/Cons/Prag,M/High/Cons/Empa,0.69625939365079359
gemma-4-E4B-it_t01,Gemma4,perception_jaccard,Appendix Figure A3,mean image-conditioned Jaccard similarity,F/High/Prog/Anal,M/High/Cons/Empa,0.71920452063492069
gemma-4-E4B-it_t01,Gemma4,perception_jaccard,Appendix Figure A3,mean image-conditioned Jaccard similarity,F/High/Prog/Empa,M/High/Cons/Empa,0.70587895238095244
gemma-4-E4B-it_t01,Gemma4,perception_jaccard,Appendix Figure A3,mean image-conditioned Jaccard similarity,F/High/Prog/Prag,M/High/Cons/Empa,0.7374852031746032
gemma-4-E4B-it_t01,Gemma4,perception_jaccard,Appendix Figure A3,mean image-conditioned Jaccard similarity,F/Low /Cons/Anal,M/High/Cons/Empa,0.60484518095238105
gemma-4-E4B-it_t01,Gemma4,perception_jaccard,Appendix Figure A3,mean image-conditioned Jaccard similarity,F/Low /Cons/Empa,M/High/Cons/Empa,0.64624023809523801
gemma-4-E4B-it_t01,Gemma4,perception_jaccard,Appendix Figure A3,mean image-conditioned Jaccard similarity,F/Low /Cons/Prag,M/High/Cons/Empa,0.56032986984126976
gemma-4-E4B-it_t01,Gemma4,perception_jaccard,Appendix Figure A3,mean image-conditioned Jaccard similarity,F/Low /Prog/Anal,M/High/Cons/Empa,0.60002128888888895
gemma-4-E4B-it_t01,Gemma4,perception_jaccard,Appendix Figure A3,mean image-conditioned Jaccard similarity,F/Low /Prog/Empa,M/High/Cons/Empa,0.62050339365079366
gemma-4-E4B-it_t01,Gemma4,perception_jaccard,Appendix Figure A3,mean image-conditioned Jaccard similarity,F/Low /Prog/Prag,M/High/Cons/Empa,0.58761419999999998
gemma-4-E4B-it_t01,Gemma4,perception_jaccard,Appendix Figure A3,mean image-conditioned Jaccard similarity,M/High/Cons/Anal,M/High/Cons/Empa,0.7222645986394558
gemma-4-E4B-it_t01,Gemma4,perception_jaccard,Appendix Figure A3,mean image-conditioned Jaccard similarity,M/High/Cons/Empa,M/High/Cons/Empa,0.87026794946550023
gemma-4-E4B-it_t01,Gemma4,perception_jaccard,Appendix Figure A3,mean image-conditioned Jaccard similarity,M/High/Cons/Prag,M/High/Cons/Empa,0.68405345396825401
gemma-4-E4B-it_t01,Gemma4,perception_jaccard,Appendix Figure A3,mean image-conditioned Jaccard similarity,M/High/Prog/Anal,M/High/Cons/Empa,0.70428491428571438
gemma-4-E4B-it_t01,Gemma4,perception_jaccard,Appendix Figure A3,mean image-conditioned Jaccard similarity,M/High/Prog/Empa,M/High/Cons/Empa,0.74014308571428566
gemma-4-E4B-it_t01,Gemma4,perception_jaccard,Appendix Figure A3,mean image-conditioned Jaccard similarity,M/High/Prog/Prag,M/High/Cons/Empa,0.73442169523809508
gemma-4-E4B-it_t01,Gemma4,perception_jaccard,Appendix Figure A3,mean image-conditioned Jaccard similarity,M/Low /Cons/Anal,M/High/Cons/Empa,0.5889830539682539
gemma-4-E4B-it_t01,Gemma4,perception_jaccard,Appendix Figure A3,mean image-conditioned Jaccard similarity,M/Low /Cons/Empa,M/High/Cons/Empa,0.62890526666666668
gemma-4-E4B-it_t01,Gemma4,perception_jaccard,Appendix Figure A3,mean image-conditioned Jaccard similarity,M/Low /Cons/Prag,M/High/Cons/Empa,0.55307175555555554
gemma-4-E4B-it_t01,Gemma4,perception_jaccard,Appendix Figure A3,mean image-conditioned Jaccard similarity,M/Low /Prog/Anal,M/High/Cons/Empa,0.60571142857142857
gemma-4-E4B-it_t01,Gemma4,perception_jaccard,Appendix Figure A3,mean image-conditioned Jaccard similarity,M/Low /Prog/Empa,M/High/Cons/Empa,0.62107052380952377
gemma-4-E4B-it_t01,Gemma4,perception_jaccard,Appendix Figure A3,mean image-conditioned Jaccard similarity,M/Low /Prog/Prag,M/High/Cons/Empa,0.58115476825396828
gemma-4-E4B-it_t01,Gemma4,perception_jaccard,Appendix Figure A3,mean image-conditioned Jaccard similarity,F/High/Cons/Anal,M/High/Cons/Prag,0.79421854920634927
gemma-4-E4B-it_t01,Gemma4,perception_jaccard,Appendix Figure A3,mean image-conditioned Jaccard similarity,F/High/Cons/Empa,M/High/Cons/Prag,0.65007305396825388
gemma-4-E4B-it_t01,Gemma4,perception_jaccard,Appendix Figure A3,mean image-conditioned Jaccard similarity,F/High/Cons/Prag,M/High/Cons/Prag,0.8336494095238095
gemma-4-E4B-it_t01,Gemma4,perception_jaccard,Appendix Figure A3,mean image-conditioned Jaccard similarity,F/High/Prog/Anal,M/High/Cons/Prag,0.64621732380952379
gemma-4-E4B-it_t01,Gemma4,perception_jaccard,Appendix Figure A3,mean image-conditioned Jaccard similarity,F/High/Prog/Empa,M/High/Cons/Prag,0.56608688571428578
gemma-4-E4B-it_t01,Gemma4,perception_jaccard,Appendix Figure A3,mean image-conditioned Jaccard similarity,F/High/Prog/Prag,M/High/Cons/Prag,0.67448971111111122
gemma-4-E4B-it_t01,Gemma4,perception_jaccard,Appendix Figure A3,mean image-conditioned Jaccard similarity,F/Low /Cons/Anal,M/High/Cons/Prag,0.68445554285714283
gemma-4-E4B-it_t01,Gemma4,perception_jaccard,Appendix Figure A3,mean image-conditioned Jaccard similarity,F/Low /Cons/Empa,M/High/Cons/Prag,0.64154357777777793
gemma-4-E4B-it_t01,Gemma4,perception_jaccard,Appendix Figure A3,mean image-conditioned Jaccard similarity,F/Low /Cons/Prag,M/High/Cons/Prag,0.60605369841269829
gemma-4-E4B-it_t01,Gemma4,perception_jaccard,Appendix Figure A3,mean image-conditioned Jaccard similarity,F/Low /Prog/Anal,M/High/Cons/Prag,0.62329750793650784
gemma-4-E4B-it_t01,Gemma4,perception_jaccard,Appendix Figure A3,mean image-conditioned Jaccard similarity,F/Low /Prog/Empa,M/High/Cons/Prag,0.59183224444444449
gemma-4-E4B-it_t01,Gemma4,perception_jaccard,Appendix Figure A3,mean image-conditioned Jaccard similarity,F/Low /Prog/Prag,M/High/Cons/Prag,0.64553214285714278
gemma-4-E4B-it_t01,Gemma4,perception_jaccard,Appendix Figure A3,mean image-conditioned Jaccard similarity,M/High/Cons/Anal,M/High/Cons/Prag,0.79489284897959178
gemma-4-E4B-it_t01,Gemma4,perception_jaccard,Appendix Figure A3,mean image-conditioned Jaccard similarity,M/High/Cons/Empa,M/High/Cons/Prag,0.68405345396825401
gemma-4-E4B-it_t01,Gemma4,perception_jaccard,Appendix Figure A3,mean image-conditioned Jaccard similarity,M/High/Cons/Prag,M/High/Cons/Prag,0.89440977648202136
gemma-4-E4B-it_t01,Gemma4,perception_jaccard,Appendix Figure A3,mean image-conditioned Jaccard similarity,M/High/Prog/Anal,M/High/Cons/Prag,0.65068531746031755
gemma-4-E4B-it_t01,Gemma4,perception_jaccard,Appendix Figure A3,mean image-conditioned Jaccard similarity,M/High/Prog/Empa,M/High/Cons/Prag,0.58531919365079366
gemma-4-E4B-it_t01,Gemma4,perception_jaccard,Appendix Figure A3,mean image-conditioned Jaccard similarity,M/High/Prog/Prag,M/High/Cons/Prag,0.70559650793650808
gemma-4-E4B-it_t01,Gemma4,perception_jaccard,Appendix Figure A3,mean image-conditioned Jaccard similarity,M/Low /Cons/Anal,M/High/Cons/Prag,0.65653272063492052
gemma-4-E4B-it_t01,Gemma4,perception_jaccard,Appendix Figure A3,mean image-conditioned Jaccard similarity,M/Low /Cons/Empa,M/High/Cons/Prag,0.67004517142857134
gemma-4-E4B-it_t01,Gemma4,perception_jaccard,Appendix Figure A3,mean image-conditioned Jaccard similarity,M/Low /Cons/Prag,M/High/Cons/Prag,0.63540043174603178
gemma-4-E4B-it_t01,Gemma4,perception_jaccard,Appendix Figure A3,mean image-conditioned Jaccard similarity,M/Low /Prog/Anal,M/High/Cons/Prag,0.65733225079365087
gemma-4-E4B-it_t01,Gemma4,perception_jaccard,Appendix Figure A3,mean image-conditioned Jaccard similarity,M/Low /Prog/Empa,M/High/Cons/Prag,0.5922088888888889
gemma-4-E4B-it_t01,Gemma4,perception_jaccard,Appendix Figure A3,mean image-conditioned Jaccard similarity,M/Low /Prog/Prag,M/High/Cons/Prag,0.65399423492063491
gemma-4-E4B-it_t01,Gemma4,perception_jaccard,Appendix Figure A3,mean image-conditioned Jaccard similarity,F/High/Cons/Anal,M/High/Prog/Anal,0.7115803365079364
gemma-4-E4B-it_t01,Gemma4,perception_jaccard,Appendix Figure A3,mean image-conditioned Jaccard similarity,F/High/Cons/Empa,M/High/Prog/Anal,0.67198810793650776
gemma-4-E4B-it_t01,Gemma4,perception_jaccard,Appendix Figure A3,mean image-conditioned Jaccard similarity,F/High/Cons/Prag,M/High/Prog/Anal,0.65279332380952382
gemma-4-E4B-it_t01,Gemma4,perception_jaccard,Appendix Figure A3,mean image-conditioned Jaccard similarity,F/High/Prog/Anal,M/High/Prog/Anal,0.84790546666666655
gemma-4-E4B-it_t01,Gemma4,perception_jaccard,Appendix Figure A3,mean image-conditioned Jaccard similarity,F/High/Prog/Empa,M/High/Prog/Anal,0.71688897777777771
gemma-4-E4B-it_t01,Gemma4,perception_jaccard,Appendix Figure A3,mean image-conditioned Jaccard similarity,F/High/Prog/Prag,M/High/Prog/Anal,0.77462094603174592
gemma-4-E4B-it_t01,Gemma4,perception_jaccard,Appendix Figure A3,mean image-conditioned Jaccard similarity,F/Low /Cons/Anal,M/High/Prog/Anal,0.59090556190476196
gemma-4-E4B-it_t01,Gemma4,perception_jaccard,Appendix Figure A3,mean image-conditioned Jaccard similarity,F/Low /Cons/Empa,M/High/Prog/Anal,0.61911134920634914
gemma-4-E4B-it_t01,Gemma4,perception_jaccard,Appendix Figure A3,mean image-conditioned Jaccard similarity,F/Low /Cons/Prag,M/High/Prog/Anal,0.55018512698412692
gemma-4-E4B-it_t01,Gemma4,perception_jaccard,Appendix Figure A3,mean image-conditioned Jaccard similarity,F/Low /Prog/Anal,M/High/Prog/Anal,0.6787059492063493
gemma-4-E4B-it_t01,Gemma4,perception_jaccard,Appendix Figure A3,mean image-conditioned Jaccard similarity,F/Low /Prog/Empa,M/High/Prog/Anal,0.65357253650793656
gemma-4-E4B-it_t01,Gemma4,perception_jaccard,Appendix Figure A3,mean image-conditioned Jaccard similarity,F/Low /Prog/Prag,M/High/Prog/Anal,0.5989170063492063
gemma-4-E4B-it_t01,Gemma4,perception_jaccard,Appendix Figure A3,mean image-conditioned Jaccard similarity,M/High/Cons/Anal,M/High/Prog/Anal,0.73232830566893414
gemma-4-E4B-it_t01,Gemma4,perception_jaccard,Appendix Figure A3,mean image-conditioned Jaccard similarity,M/High/Cons/Empa,M/High/Prog/Anal,0.70428491428571438
gemma-4-E4B-it_t01,Gemma4,perception_jaccard,Appendix Figure A3,mean image-conditioned Jaccard similarity,M/High/Cons/Prag,M/High/Prog/Anal,0.65068531746031733
gemma-4-E4B-it_t01,Gemma4,perception_jaccard,Appendix Figure A3,mean image-conditioned Jaccard similarity,M/High/Prog/Anal,M/High/Prog/Anal,0.87501395529640436
gemma-4-E4B-it_t01,Gemma4,perception_jaccard,Appendix Figure A3,mean image-conditioned Jaccard similarity,M/High/Prog/Empa,M/High/Prog/Anal,0.73794386666666667
gemma-4-E4B-it_t01,Gemma4,perception_jaccard,Appendix Figure A3,mean image-conditioned Jaccard similarity,M/High/Prog/Prag,M/High/Prog/Anal,0.77085358730158715
gemma-4-E4B-it_t01,Gemma4,perception_jaccard,Appendix Figure A3,mean image-conditioned Jaccard similarity,M/Low /Cons/Anal,M/High/Prog/Anal,0.57756662539682546
gemma-4-E4B-it_t01,Gemma4,perception_jaccard,Appendix Figure A3,mean image-conditioned Jaccard similarity,M/Low /Cons/Empa,M/High/Prog/Anal,0.6103372380952381
gemma-4-E4B-it_t01,Gemma4,perception_jaccard,Appendix Figure A3,mean image-conditioned Jaccard similarity,M/Low /Cons/Prag,M/High/Prog/Anal,0.53834895555555551
gemma-4-E4B-it_t01,Gemma4,perception_jaccard,Appendix Figure A3,mean image-conditioned Jaccard similarity,M/Low /Prog/Anal,M/High/Prog/Anal,0.66442619999999986
gemma-4-E4B-it_t01,Gemma4,perception_jaccard,Appendix Figure A3,mean image-conditioned Jaccard similarity,M/Low /Prog/Empa,M/High/Prog/Anal,0.65761696507936518
gemma-4-E4B-it_t01,Gemma4,perception_jaccard,Appendix Figure A3,mean image-conditioned Jaccard similarity,M/Low /Prog/Prag,M/High/Prog/Anal,0.60236218412698417
gemma-4-E4B-it_t01,Gemma4,perception_jaccard,Appendix Figure A3,mean image-conditioned Jaccard similarity,F/High/Cons/Anal,M/High/Prog/Empa,0.63985800952380945
gemma-4-E4B-it_t01,Gemma4,perception_jaccard,Appendix Figure A3,mean image-conditioned Jaccard similarity,F/High/Cons/Empa,M/High/Prog/Empa,0.73691391428571418
gemma-4-E4B-it_t01,Gemma4,perception_jaccard,Appendix Figure A3,mean image-conditioned Jaccard similarity,F/High/Cons/Prag,M/High/Prog/Empa,0.60250680952380953
gemma-4-E4B-it_t01,Gemma4,perception_jaccard,Appendix Figure A3,mean image-conditioned Jaccard similarity,F/High/Prog/Anal,M/High/Prog/Empa,0.75455900634920636
gemma-4-E4B-it_t01,Gemma4,perception_jaccard,Appendix Figure A3,mean image-conditioned Jaccard similarity,F/High/Prog/Empa,M/High/Prog/Empa,0.83169883174603176
gemma-4-E4B-it_t01,Gemma4,perception_jaccard,Appendix Figure A3,mean image-conditioned Jaccard similarity,F/High/Prog/Prag,M/High/Prog/Empa,0.72104536825396837
gemma-4-E4B-it_t01,Gemma4,perception_jaccard,Appendix Figure A3,mean image-conditioned Jaccard similarity,F/Low /Cons/Anal,M/High/Prog/Empa,0.53775534920634926
gemma-4-E4B-it_t01,Gemma4,perception_jaccard,Appendix Figure A3,mean image-conditioned Jaccard similarity,F/Low /Cons/Empa,M/High/Prog/Empa,0.58430773650793666
gemma-4-E4B-it_t01,Gemma4,perception_jaccard,Appendix Figure A3,mean image-conditioned Jaccard similarity,F/Low /Cons/Prag,M/High/Prog/Empa,0.50937686984126973
gemma-4-E4B-it_t01,Gemma4,perception_jaccard,Appendix Figure A3,mean image-conditioned Jaccard similarity,F/Low /Prog/Anal,M/High/Prog/Empa,0.60456121904761906
gemma-4-E4B-it_t01,Gemma4,perception_jaccard,Appendix Figure A3,mean image-conditioned Jaccard similarity,F/Low /Prog/Empa,M/High/Prog/Empa,0.63458391111111123
gemma-4-E4B-it_t01,Gemma4,perception_jaccard,Appendix Figure A3,mean image-conditioned Jaccard similarity,F/Low /Prog/Prag,M/High/Prog/Empa,0.54890096825396828
gemma-4-E4B-it_t01,Gemma4,perception_jaccard,Appendix Figure A3,mean image-conditioned Jaccard similarity,M/High/Cons/Anal,M/High/Prog/Empa,0.64882274298671827
gemma-4-E4B-it_t01,Gemma4,perception_jaccard,Appendix Figure A3,mean image-conditioned Jaccard similarity,M/High/Cons/Empa,M/High/Prog/Empa,0.74014308571428566
gemma-4-E4B-it_t01,Gemma4,perception_jaccard,Appendix Figure A3,mean image-conditioned Jaccard similarity,M/High/Cons/Prag,M/High/Prog/Empa,0.58531919365079366
gemma-4-E4B-it_t01,Gemma4,perception_jaccard,Appendix Figure A3,mean image-conditioned Jaccard similarity,M/High/Prog/Anal,M/High/Prog/Empa,0.73794386666666667
gemma-4-E4B-it_t01,Gemma4,perception_jaccard,Appendix Figure A3,mean image-conditioned Jaccard similarity,M/High/Prog/Empa,M/High/Prog/Empa,0.8804436540330417
gemma-4-E4B-it_t01,Gemma4,perception_jaccard,Appendix Figure A3,mean image-conditioned Jaccard similarity,M/High/Prog/Prag,M/High/Prog/Empa,0.70841816825396808
gemma-4-E4B-it_t01,Gemma4,perception_jaccard,Appendix Figure A3,mean image-conditioned Jaccard similarity,M/Low /Cons/Anal,M/High/Prog/Empa,0.53097912063492059
gemma-4-E4B-it_t01,Gemma4,perception_jaccard,Appendix Figure A3,mean image-conditioned Jaccard similarity,M/Low /Cons/Empa,M/High/Prog/Empa,0.56283925396825396
gemma-4-E4B-it_t01,Gemma4,perception_jaccard,Appendix Figure A3,mean image-conditioned Jaccard similarity,M/Low /Cons/Prag,M/High/Prog/Empa,0.4968246126984126
gemma-4-E4B-it_t01,Gemma4,perception_jaccard,Appendix Figure A3,mean image-conditioned Jaccard similarity,M/Low /Prog/Anal,M/High/Prog/Empa,0.60703039047619045
gemma-4-E4B-it_t01,Gemma4,perception_jaccard,Appendix Figure A3,mean image-conditioned Jaccard similarity,M/Low /Prog/Empa,M/High/Prog/Empa,0.64577749206349211
gemma-4-E4B-it_t01,Gemma4,perception_jaccard,Appendix Figure A3,mean image-conditioned Jaccard similarity,M/Low /Prog/Prag,M/High/Prog/Empa,0.55627881587301586
gemma-4-E4B-it_t01,Gemma4,perception_jaccard,Appendix Figure A3,mean image-conditioned Jaccard similarity,F/High/Cons/Anal,M/High/Prog/Prag,0.74626402539682546
gemma-4-E4B-it_t01,Gemma4,perception_jaccard,Appendix Figure A3,mean image-conditioned Jaccard similarity,F/High/Cons/Empa,M/High/Prog/Prag,0.69464608571428554
gemma-4-E4B-it_t01,Gemma4,perception_jaccard,Appendix Figure A3,mean image-conditioned Jaccard similarity,F/High/Cons/Prag,M/High/Prog/Prag,0.70065936190476197
gemma-4-E4B-it_t01,Gemma4,perception_jaccard,Appendix Figure A3,mean image-conditioned Jaccard similarity,F/High/Prog/Anal,M/High/Prog/Prag,0.78350680317460319
gemma-4-E4B-it_t01,Gemma4,perception_jaccard,Appendix Figure A3,mean image-conditioned Jaccard similarity,F/High/Prog/Empa,M/High/Prog/Prag,0.69499701587301577
gemma-4-E4B-it_t01,Gemma4,perception_jaccard,Appendix Figure A3,mean image-conditioned Jaccard similarity,F/High/Prog/Prag,M/High/Prog/Prag,0.81866961269841287
gemma-4-E4B-it_t01,Gemma4,perception_jaccard,Appendix Figure A3,mean image-conditioned Jaccard similarity,F/Low /Cons/Anal,M/High/Prog/Prag,0.59381718730158728
gemma-4-E4B-it_t01,Gemma4,perception_jaccard,Appendix Figure A3,mean image-conditioned Jaccard similarity,F/Low /Cons/Empa,M/High/Prog/Prag,0.60675317142857144
gemma-4-E4B-it_t01,Gemma4,perception_jaccard,Appendix Figure A3,mean image-conditioned Jaccard similarity,F/Low /Cons/Prag,M/High/Prog/Prag,0.54522682539682532
gemma-4-E4B-it_t01,Gemma4,perception_jaccard,Appendix Figure A3,mean image-conditioned Jaccard similarity,F/Low /Prog/Anal,M/High/Prog/Prag,0.64277639365079364
gemma-4-E4B-it_t01,Gemma4,perception_jaccard,Appendix Figure A3,mean image-conditioned Jaccard similarity,F/Low /Prog/Empa,M/High/Prog/Prag,0.63738693650793654
gemma-4-E4B-it_t01,Gemma4,perception_jaccard,Appendix Figure A3,mean image-conditioned Jaccard similarity,F/Low /Prog/Prag,M/High/Prog/Prag,0.60886203492063484
gemma-4-E4B-it_t01,Gemma4,perception_jaccard,Appendix Figure A3,mean image-conditioned Jaccard similarity,M/High/Cons/Anal,M/High/Prog/Prag,0.75212523265306119
gemma-4-E4B-it_t01,Gemma4,perception_jaccard,Appendix Figure A3,mean image-conditioned Jaccard similarity,M/High/Cons/Empa,M/High/Prog/Prag,0.73442169523809508
gemma-4-E4B-it_t01,Gemma4,perception_jaccard,Appendix Figure A3,mean image-conditioned Jaccard similarity,M/High/Cons/Prag,M/High/Prog/Prag,0.70559650793650786
gemma-4-E4B-it_t01,Gemma4,perception_jaccard,Appendix Figure A3,mean image-conditioned Jaccard similarity,M/High/Prog/Anal,M/High/Prog/Prag,0.77085358730158715
gemma-4-E4B-it_t01,Gemma4,perception_jaccard,Appendix Figure A3,mean image-conditioned Jaccard similarity,M/High/Prog/Empa,M/High/Prog/Prag,0.70841816825396808
gemma-4-E4B-it_t01,Gemma4,perception_jaccard,Appendix Figure A3,mean image-conditioned Jaccard similarity,M/High/Prog/Prag,M/High/Prog/Prag,0.88519470035633308
gemma-4-E4B-it_t01,Gemma4,perception_jaccard,Appendix Figure A3,mean image-conditioned Jaccard similarity,M/Low /Cons/Anal,M/High/Prog/Prag,0.57479926349206356
gemma-4-E4B-it_t01,Gemma4,perception_jaccard,Appendix Figure A3,mean image-conditioned Jaccard similarity,M/Low /Cons/Empa,M/High/Prog/Prag,0.60007054920634917
gemma-4-E4B-it_t01,Gemma4,perception_jaccard,Appendix Figure A3,mean image-conditioned Jaccard similarity,M/Low /Cons/Prag,M/High/Prog/Prag,0.53880501269841263
gemma-4-E4B-it_t01,Gemma4,perception_jaccard,Appendix Figure A3,mean image-conditioned Jaccard similarity,M/Low /Prog/Anal,M/High/Prog/Prag,0.64776925714285705
gemma-4-E4B-it_t01,Gemma4,perception_jaccard,Appendix Figure A3,mean image-conditioned Jaccard similarity,M/Low /Prog/Empa,M/High/Prog/Prag,0.6327594571428572
gemma-4-E4B-it_t01,Gemma4,perception_jaccard,Appendix Figure A3,mean image-conditioned Jaccard similarity,M/Low /Prog/Prag,M/High/Prog/Prag,0.60947021269841273
gemma-4-E4B-it_t01,Gemma4,perception_jaccard,Appendix Figure A3,mean image-conditioned Jaccard similarity,F/High/Cons/Anal,M/Low /Cons/Anal,0.63603196825396824
gemma-4-E4B-it_t01,Gemma4,perception_jaccard,Appendix Figure A3,mean image-conditioned Jaccard similarity,F/High/Cons/Empa,M/Low /Cons/Anal,0.57542388888888885
gemma-4-E4B-it_t01,Gemma4,perception_jaccard,Appendix Figure A3,mean image-conditioned Jaccard similarity,F/High/Cons/Prag,M/Low /Cons/Anal,0.63852679365079357
gemma-4-E4B-it_t01,Gemma4,perception_jaccard,Appendix Figure A3,mean image-conditioned Jaccard similarity,F/High/Prog/Anal,M/Low /Cons/Anal,0.57800248253968256
gemma-4-E4B-it_t01,Gemma4,perception_jaccard,Appendix Figure A3,mean image-conditioned Jaccard similarity,F/High/Prog/Empa,M/Low /Cons/Anal,0.53085062539682537
gemma-4-E4B-it_t01,Gemma4,perception_jaccard,Appendix Figure A3,mean image-conditioned Jaccard similarity,F/High/Prog/Prag,M/Low /Cons/Anal,0.5804089396825397
gemma-4-E4B-it_t01,Gemma4,perception_jaccard,Appendix Figure A3,mean image-conditioned Jaccard similarity,F/Low /Cons/Anal,M/Low /Cons/Anal,0.81894677460317467
gemma-4-E4B-it_t01,Gemma4,perception_jaccard,Appendix Figure A3,mean image-conditioned Jaccard similarity,F/Low /Cons/Empa,M/Low /Cons/Anal,0.65412759365079365
gemma-4-E4B-it_t01,Gemma4,perception_jaccard,Appendix Figure A3,mean image-conditioned Jaccard similarity,F/Low /Cons/Prag,M/Low /Cons/Anal,0.72512818412698399
gemma-4-E4B-it_t01,Gemma4,perception_jaccard,Appendix Figure A3,mean image-conditioned Jaccard similarity,F/Low /Prog/Anal,M/Low /Cons/Anal,0.63879921587301591
gemma-4-E4B-it_t01,Gemma4,perception_jaccard,Appendix Figure A3,mean image-conditioned Jaccard similarity,F/Low /Prog/Empa,M/Low /Cons/Anal,0.57948695238095238
gemma-4-E4B-it_t01,Gemma4,perception_jaccard,Appendix Figure A3,mean image-conditioned Jaccard similarity,F/Low /Prog/Prag,M/Low /Cons/Anal,0.67870074603174602
gemma-4-E4B-it_t01,Gemma4,perception_jaccard,Appendix Figure A3,mean image-conditioned Jaccard similarity,M/High/Cons/Anal,M/Low /Cons/Anal,0.67115785681891804
gemma-4-E4B-it_t01,Gemma4,perception_jaccard,Appendix Figure A3,mean image-conditioned Jaccard similarity,M/High/Cons/Empa,M/Low /Cons/Anal,0.5889830539682539
gemma-4-E4B-it_t01,Gemma4,perception_jaccard,Appendix Figure A3,mean image-conditioned Jaccard similarity,M/High/Cons/Prag,M/Low /Cons/Anal,0.65653272063492052
gemma-4-E4B-it_t01,Gemma4,perception_jaccard,Appendix Figure A3,mean image-conditioned Jaccard similarity,M/High/Prog/Anal,M/Low /Cons/Anal,0.57756662539682546
gemma-4-E4B-it_t01,Gemma4,perception_jaccard,Appendix Figure A3,mean image-conditioned Jaccard similarity,M/High/Prog/Empa,M/Low /Cons/Anal,0.53097912063492059
gemma-4-E4B-it_t01,Gemma4,perception_jaccard,Appendix Figure A3,mean image-conditioned Jaccard similarity,M/High/Prog/Prag,M/Low /Cons/Anal,0.57479926349206356
gemma-4-E4B-it_t01,Gemma4,perception_jaccard,Appendix Figure A3,mean image-conditioned Jaccard similarity,M/Low /Cons/Anal,M/Low /Cons/Anal,0.8794257531584061
gemma-4-E4B-it_t01,Gemma4,perception_jaccard,Appendix Figure A3,mean image-conditioned Jaccard similarity,M/Low /Cons/Empa,M/Low /Cons/Anal,0.72883243174603163
gemma-4-E4B-it_t01,Gemma4,perception_jaccard,Appendix Figure A3,mean image-conditioned Jaccard similarity,M/Low /Cons/Prag,M/Low /Cons/Anal,0.77618887619047616
gemma-4-E4B-it_t01,Gemma4,perception_jaccard,Appendix Figure A3,mean image-conditioned Jaccard similarity,M/Low /Prog/Anal,M/Low /Cons/Anal,0.67925637777777781
gemma-4-E4B-it_t01,Gemma4,perception_jaccard,Appendix Figure A3,mean image-conditioned Jaccard similarity,M/Low /Prog/Empa,M/Low /Cons/Anal,0.59465545714285717
gemma-4-E4B-it_t01,Gemma4,perception_jaccard,Appendix Figure A3,mean image-conditioned Jaccard similarity,M/Low /Prog/Prag,M/Low /Cons/Anal,0.70763530476190484
gemma-4-E4B-it_t01,Gemma4,perception_jaccard,Appendix Figure A3,mean image-conditioned Jaccard similarity,F/High/Cons/Anal,M/Low /Cons/Empa,0.65580859047619044
gemma-4-E4B-it_t01,Gemma4,perception_jaccard,Appendix Figure A3,mean image-conditioned Jaccard similarity,F/High/Cons/Empa,M/Low /Cons/Empa,0.60376630793650787
gemma-4-E4B-it_t01,Gemma4,perception_jaccard,Appendix Figure A3,mean image-conditioned Jaccard similarity,F/High/Cons/Prag,M/Low /Cons/Empa,0.6715017968253969
gemma-4-E4B-it_t01,Gemma4,perception_jaccard,Appendix Figure A3,mean image-conditioned Jaccard similarity,F/High/Prog/Anal,M/Low /Cons/Empa,0.60081613015873014
gemma-4-E4B-it_t01,Gemma4,perception_jaccard,Appendix Figure A3,mean image-conditioned Jaccard similarity,F/High/Prog/Empa,M/Low /Cons/Empa,0.56640247936507937
gemma-4-E4B-it_t01,Gemma4,perception_jaccard,Appendix Figure A3,mean image-conditioned Jaccard similarity,F/High/Prog/Prag,M/Low /Cons/Empa,0.60995864126984123
gemma-4-E4B-it_t01,Gemma4,perception_jaccard,Appendix Figure A3,mean image-conditioned Jaccard similarity,F/Low /Cons/Anal,M/Low /Cons/Empa,0.73881539682539699
gemma-4-E4B-it_t01,Gemma4,perception_jaccard,Appendix Figure A3,mean image-conditioned Jaccard similarity,F/Low /Cons/Empa,M/Low /Cons/Empa,0.78861773333333351
gemma-4-E4B-it_t01,Gemma4,perception_jaccard,Appendix Figure A3,mean image-conditioned Jaccard similarity,F/Low /Cons/Prag,M/Low /Cons/Empa,0.70221230476190466
gemma-4-E4B-it_t01,Gemma4,perception_jaccard,Appendix Figure A3,mean image-conditioned Jaccard similarity,F/Low /Prog/Anal,M/Low /Cons/Empa,0.66032525079365068
gemma-4-E4B-it_t01,Gemma4,perception_jaccard,Appendix Figure A3,mean image-conditioned Jaccard similarity,F/Low /Prog/Empa,M/Low /Cons/Empa,0.68523046031746015
gemma-4-E4B-it_t01,Gemma4,perception_jaccard,Appendix Figure A3,mean image-conditioned Jaccard similarity,F/Low /Prog/Prag,M/Low /Cons/Empa,0.72475132698412703
gemma-4-E4B-it_t01,Gemma4,perception_jaccard,Appendix Figure A3,mean image-conditioned Jaccard similarity,M/High/Cons/Anal,M/Low /Cons/Empa,0.67769505843861355
gemma-4-E4B-it_t01,Gemma4,perception_jaccard,Appendix Figure A3,mean image-conditioned Jaccard similarity,M/High/Cons/Empa,M/Low /Cons/Empa,0.62890526666666668
gemma-4-E4B-it_t01,Gemma4,perception_jaccard,Appendix Figure A3,mean image-conditioned Jaccard similarity,M/High/Cons/Prag,M/Low /Cons/Empa,0.67004517142857134
gemma-4-E4B-it_t01,Gemma4,perception_jaccard,Appendix Figure A3,mean image-conditioned Jaccard similarity,M/High/Prog/Anal,M/Low /Cons/Empa,0.6103372380952381
gemma-4-E4B-it_t01,Gemma4,perception_jaccard,Appendix Figure A3,mean image-conditioned Jaccard similarity,M/High/Prog/Empa,M/Low /Cons/Empa,0.56283925396825396
gemma-4-E4B-it_t01,Gemma4,perception_jaccard,Appendix Figure A3,mean image-conditioned Jaccard similarity,M/High/Prog/Prag,M/Low /Cons/Empa,0.60007054920634917
gemma-4-E4B-it_t01,Gemma4,perception_jaccard,Appendix Figure A3,mean image-conditioned Jaccard similarity,M/Low /Cons/Anal,M/Low /Cons/Empa,0.72883243174603185
gemma-4-E4B-it_t01,Gemma4,perception_jaccard,Appendix Figure A3,mean image-conditioned Jaccard similarity,M/Low /Cons/Empa,M/Low /Cons/Empa,0.8904299773242631
gemma-4-E4B-it_t01,Gemma4,perception_jaccard,Appendix Figure A3,mean image-conditioned Jaccard similarity,M/Low /Cons/Prag,M/Low /Cons/Empa,0.70627876190476191
gemma-4-E4B-it_t01,Gemma4,perception_jaccard,Appendix Figure A3,mean image-conditioned Jaccard similarity,M/Low /Prog/Anal,M/Low /Cons/Empa,0.67649847301587296
gemma-4-E4B-it_t01,Gemma4,perception_jaccard,Appendix Figure A3,mean image-conditioned Jaccard similarity,M/Low /Prog/Empa,M/Low /Cons/Empa,0.68280016507936525
gemma-4-E4B-it_t01,Gemma4,perception_jaccard,Appendix Figure A3,mean image-conditioned Jaccard similarity,M/Low /Prog/Prag,M/Low /Cons/Empa,0.73224758412698387
gemma-4-E4B-it_t01,Gemma4,perception_jaccard,Appendix Figure A3,mean image-conditioned Jaccard similarity,F/High/Cons/Anal,M/Low /Cons/Prag,0.60384187619047625
gemma-4-E4B-it_t01,Gemma4,perception_jaccard,Appendix Figure A3,mean image-conditioned Jaccard similarity,F/High/Cons/Empa,M/Low /Cons/Prag,0.5535540253968253
gemma-4-E4B-it_t01,Gemma4,perception_jaccard,Appendix Figure A3,mean image-conditioned Jaccard similarity,F/High/Cons/Prag,M/Low /Cons/Prag,0.61840299365079365
gemma-4-E4B-it_t01,Gemma4,perception_jaccard,Appendix Figure A3,mean image-conditioned Jaccard similarity,F/High/Prog/Anal,M/Low /Cons/Prag,0.53408078412698412
gemma-4-E4B-it_t01,Gemma4,perception_jaccard,Appendix Figure A3,mean image-conditioned Jaccard similarity,F/High/Prog/Empa,M/Low /Cons/Prag,0.49579311111111113
gemma-4-E4B-it_t01,Gemma4,perception_jaccard,Appendix Figure A3,mean image-conditioned Jaccard similarity,F/High/Prog/Prag,M/Low /Cons/Prag,0.53909029206349202
gemma-4-E4B-it_t01,Gemma4,perception_jaccard,Appendix Figure A3,mean image-conditioned Jaccard similarity,F/Low /Cons/Anal,M/Low /Cons/Prag,0.78640462857142845
gemma-4-E4B-it_t01,Gemma4,perception_jaccard,Appendix Figure A3,mean image-conditioned Jaccard similarity,F/Low /Cons/Empa,M/Low /Cons/Prag,0.64067754603174587
gemma-4-E4B-it_t01,Gemma4,perception_jaccard,Appendix Figure A3,mean image-conditioned Jaccard similarity,F/Low /Cons/Prag,M/Low /Cons/Prag,0.79890474603174599
gemma-4-E4B-it_t01,Gemma4,perception_jaccard,Appendix Figure A3,mean image-conditioned Jaccard similarity,F/Low /Prog/Anal,M/Low /Cons/Prag,0.60984550476190469
gemma-4-E4B-it_t01,Gemma4,perception_jaccard,Appendix Figure A3,mean image-conditioned Jaccard similarity,F/Low /Prog/Empa,M/Low /Cons/Prag,0.55862925396825391
gemma-4-E4B-it_t01,Gemma4,perception_jaccard,Appendix Figure A3,mean image-conditioned Jaccard similarity,F/Low /Prog/Prag,M/Low /Cons/Prag,0.67276962857142864
gemma-4-E4B-it_t01,Gemma4,perception_jaccard,Appendix Figure A3,mean image-conditioned Jaccard similarity,M/High/Cons/Anal,M/Low /Cons/Prag,0.63027686588921283
gemma-4-E4B-it_t01,Gemma4,perception_jaccard,Appendix Figure A3,mean image-conditioned Jaccard similarity,M/High/Cons/Empa,M/Low /Cons/Prag,0.55307175555555554
gemma-4-E4B-it_t01,Gemma4,perception_jaccard,Appendix Figure A3,mean image-conditioned Jaccard similarity,M/High/Cons/Prag,M/Low /Cons/Prag,0.63540043174603178
gemma-4-E4B-it_t01,Gemma4,perception_jaccard,Appendix Figure A3,mean image-conditioned Jaccard similarity,M/High/Prog/Anal,M/Low /Cons/Prag,0.53834895555555551
gemma-4-E4B-it_t01,Gemma4,perception_jaccard,Appendix Figure A3,mean image-conditioned Jaccard similarity,M/High/Prog/Empa,M/Low /Cons/Prag,0.4968246126984126
gemma-4-E4B-it_t01,Gemma4,perception_jaccard,Appendix Figure A3,mean image-conditioned Jaccard similarity,M/High/Prog/Prag,M/Low /Cons/Prag,0.53880501269841263
gemma-4-E4B-it_t01,Gemma4,perception_jaccard,Appendix Figure A3,mean image-conditioned Jaccard similarity,M/Low /Cons/Anal,M/Low /Cons/Prag,0.77618887619047616
gemma-4-E4B-it_t01,Gemma4,perception_jaccard,Appendix Figure A3,mean image-conditioned Jaccard similarity,M/Low /Cons/Empa,M/Low /Cons/Prag,0.70627876190476191
gemma-4-E4B-it_t01,Gemma4,perception_jaccard,Appendix Figure A3,mean image-conditioned Jaccard similarity,M/Low /Cons/Prag,M/Low /Cons/Prag,0.86559043083900222
gemma-4-E4B-it_t01,Gemma4,perception_jaccard,Appendix Figure A3,mean image-conditioned Jaccard similarity,M/Low /Prog/Anal,M/Low /Cons/Prag,0.62940140952380963
gemma-4-E4B-it_t01,Gemma4,perception_jaccard,Appendix Figure A3,mean image-conditioned Jaccard similarity,M/Low /Prog/Empa,M/Low /Cons/Prag,0.57420492698412706
gemma-4-E4B-it_t01,Gemma4,perception_jaccard,Appendix Figure A3,mean image-conditioned Jaccard similarity,M/Low /Prog/Prag,M/Low /Cons/Prag,0.7083076698412698
gemma-4-E4B-it_t01,Gemma4,perception_jaccard,Appendix Figure A3,mean image-conditioned Jaccard similarity,F/High/Cons/Anal,M/Low /Prog/Anal,0.66454278412698431
gemma-4-E4B-it_t01,Gemma4,perception_jaccard,Appendix Figure A3,mean image-conditioned Jaccard similarity,F/High/Cons/Empa,M/Low /Prog/Anal,0.57958772380952384
gemma-4-E4B-it_t01,Gemma4,perception_jaccard,Appendix Figure A3,mean image-conditioned Jaccard similarity,F/High/Cons/Prag,M/Low /Prog/Anal,0.65447458095238109
gemma-4-E4B-it_t01,Gemma4,perception_jaccard,Appendix Figure A3,mean image-conditioned Jaccard similarity,F/High/Prog/Anal,M/Low /Prog/Anal,0.66863602539682532
gemma-4-E4B-it_t01,Gemma4,perception_jaccard,Appendix Figure A3,mean image-conditioned Jaccard similarity,F/High/Prog/Empa,M/Low /Prog/Anal,0.62226449841269849
gemma-4-E4B-it_t01,Gemma4,perception_jaccard,Appendix Figure A3,mean image-conditioned Jaccard similarity,F/High/Prog/Prag,M/Low /Prog/Anal,0.64730116190476183
gemma-4-E4B-it_t01,Gemma4,perception_jaccard,Appendix Figure A3,mean image-conditioned Jaccard similarity,F/Low /Cons/Anal,M/Low /Prog/Anal,0.66555609206349198
gemma-4-E4B-it_t01,Gemma4,perception_jaccard,Appendix Figure A3,mean image-conditioned Jaccard similarity,F/Low /Cons/Empa,M/Low /Prog/Anal,0.6535546888888889
gemma-4-E4B-it_t01,Gemma4,perception_jaccard,Appendix Figure A3,mean image-conditioned Jaccard similarity,F/Low /Cons/Prag,M/Low /Prog/Anal,0.60400706984126984
gemma-4-E4B-it_t01,Gemma4,perception_jaccard,Appendix Figure A3,mean image-conditioned Jaccard similarity,F/Low /Prog/Anal,M/Low /Prog/Anal,0.81788133333333335
gemma-4-E4B-it_t01,Gemma4,perception_jaccard,Appendix Figure A3,mean image-conditioned Jaccard similarity,F/Low /Prog/Empa,M/Low /Prog/Anal,0.70420497142857164
gemma-4-E4B-it_t01,Gemma4,perception_jaccard,Appendix Figure A3,mean image-conditioned Jaccard similarity,F/Low /Prog/Prag,M/Low /Prog/Anal,0.74654471111111109
gemma-4-E4B-it_t01,Gemma4,perception_jaccard,Appendix Figure A3,mean image-conditioned Jaccard similarity,M/High/Cons/Anal,M/Low /Prog/Anal,0.69307254739229018
gemma-4-E4B-it_t01,Gemma4,perception_jaccard,Appendix Figure A3,mean image-conditioned Jaccard similarity,M/High/Cons/Empa,M/Low /Prog/Anal,0.60571142857142857
gemma-4-E4B-it_t01,Gemma4,perception_jaccard,Appendix Figure A3,mean image-conditioned Jaccard similarity,M/High/Cons/Prag,M/Low /Prog/Anal,0.65733225079365087
gemma-4-E4B-it_t01,Gemma4,perception_jaccard,Appendix Figure A3,mean image-conditioned Jaccard similarity,M/High/Prog/Anal,M/Low /Prog/Anal,0.66442619999999986
gemma-4-E4B-it_t01,Gemma4,perception_jaccard,Appendix Figure A3,mean image-conditioned Jaccard similarity,M/High/Prog/Empa,M/Low /Prog/Anal,0.60703039047619045
gemma-4-E4B-it_t01,Gemma4,perception_jaccard,Appendix Figure A3,mean image-conditioned Jaccard similarity,M/High/Prog/Prag,M/Low /Prog/Anal,0.64776925714285705
gemma-4-E4B-it_t01,Gemma4,perception_jaccard,Appendix Figure A3,mean image-conditioned Jaccard similarity,M/Low /Cons/Anal,M/Low /Prog/Anal,0.67925637777777781
gemma-4-E4B-it_t01,Gemma4,perception_jaccard,Appendix Figure A3,mean image-conditioned Jaccard similarity,M/Low /Cons/Empa,M/Low /Prog/Anal,0.67649847301587296
gemma-4-E4B-it_t01,Gemma4,perception_jaccard,Appendix Figure A3,mean image-conditioned Jaccard similarity,M/Low /Cons/Prag,M/Low /Prog/Anal,0.62940140952380963
gemma-4-E4B-it_t01,Gemma4,perception_jaccard,Appendix Figure A3,mean image-conditioned Jaccard similarity,M/Low /Prog/Anal,M/Low /Prog/Anal,0.87611611920958854
gemma-4-E4B-it_t01,Gemma4,perception_jaccard,Appendix Figure A3,mean image-conditioned Jaccard similarity,M/Low /Prog/Empa,M/Low /Prog/Anal,0.73387258095238095
gemma-4-E4B-it_t01,Gemma4,perception_jaccard,Appendix Figure A3,mean image-conditioned Jaccard similarity,M/Low /Prog/Prag,M/Low /Prog/Anal,0.75616965079365084
gemma-4-E4B-it_t01,Gemma4,perception_jaccard,Appendix Figure A3,mean image-conditioned Jaccard similarity,F/High/Cons/Anal,M/Low /Prog/Empa,0.62446759365079363
gemma-4-E4B-it_t01,Gemma4,perception_jaccard,Appendix Figure A3,mean image-conditioned Jaccard similarity,F/High/Cons/Empa,M/Low /Prog/Empa,0.60040822539682537
gemma-4-E4B-it_t01,Gemma4,perception_jaccard,Appendix Figure A3,mean image-conditioned Jaccard similarity,F/High/Cons/Prag,M/Low /Prog/Empa,0.60702235873015875
gemma-4-E4B-it_t01,Gemma4,perception_jaccard,Appendix Figure A3,mean image-conditioned Jaccard similarity,F/High/Prog/Anal,M/Low /Prog/Empa,0.66306867301587291
gemma-4-E4B-it_t01,Gemma4,perception_jaccard,Appendix Figure A3,mean image-conditioned Jaccard similarity,F/High/Prog/Empa,M/Low /Prog/Empa,0.65983393650793654
gemma-4-E4B-it_t01,Gemma4,perception_jaccard,Appendix Figure A3,mean image-conditioned Jaccard similarity,F/High/Prog/Prag,M/Low /Prog/Empa,0.6362884412698413
gemma-4-E4B-it_t01,Gemma4,perception_jaccard,Appendix Figure A3,mean image-conditioned Jaccard similarity,F/Low /Cons/Anal,M/Low /Prog/Empa,0.59461583492063486
gemma-4-E4B-it_t01,Gemma4,perception_jaccard,Appendix Figure A3,mean image-conditioned Jaccard similarity,F/Low /Cons/Empa,M/Low /Prog/Empa,0.70623066031746018
gemma-4-E4B-it_t01,Gemma4,perception_jaccard,Appendix Figure A3,mean image-conditioned Jaccard similarity,F/Low /Cons/Prag,M/Low /Prog/Empa,0.56678191746031736
gemma-4-E4B-it_t01,Gemma4,perception_jaccard,Appendix Figure A3,mean image-conditioned Jaccard similarity,F/Low /Prog/Anal,M/Low /Prog/Empa,0.747886292063492
gemma-4-E4B-it_t01,Gemma4,perception_jaccard,Appendix Figure A3,mean image-conditioned Jaccard similarity,F/Low /Prog/Empa,M/Low /Prog/Empa,0.80281428253968246
gemma-4-E4B-it_t01,Gemma4,perception_jaccard,Appendix Figure A3,mean image-conditioned Jaccard similarity,F/Low /Prog/Prag,M/Low /Prog/Empa,0.72137387301587297
gemma-4-E4B-it_t01,Gemma4,perception_jaccard,Appendix Figure A3,mean image-conditioned Jaccard similarity,M/High/Cons/Anal,M/Low /Prog/Empa,0.63517481561386469
gemma-4-E4B-it_t01,Gemma4,perception_jaccard,Appendix Figure A3,mean image-conditioned Jaccard similarity,M/High/Cons/Empa,M/Low /Prog/Empa,0.62107052380952377
gemma-4-E4B-it_t01,Gemma4,perception_jaccard,Appendix Figure A3,mean image-conditioned Jaccard similarity,M/High/Cons/Prag,M/Low /Prog/Empa,0.5922088888888889
gemma-4-E4B-it_t01,Gemma4,perception_jaccard,Appendix Figure A3,mean image-conditioned Jaccard similarity,M/High/Prog/Anal,M/Low /Prog/Empa,0.65761696507936518
gemma-4-E4B-it_t01,Gemma4,perception_jaccard,Appendix Figure A3,mean image-conditioned Jaccard similarity,M/High/Prog/Empa,M/Low /Prog/Empa,0.64577749206349211
gemma-4-E4B-it_t01,Gemma4,perception_jaccard,Appendix Figure A3,mean image-conditioned Jaccard similarity,M/High/Prog/Prag,M/Low /Prog/Empa,0.6327594571428572
gemma-4-E4B-it_t01,Gemma4,perception_jaccard,Appendix Figure A3,mean image-conditioned Jaccard similarity,M/Low /Cons/Anal,M/Low /Prog/Empa,0.59465545714285706
gemma-4-E4B-it_t01,Gemma4,perception_jaccard,Appendix Figure A3,mean image-conditioned Jaccard similarity,M/Low /Cons/Empa,M/Low /Prog/Empa,0.68280016507936525
gemma-4-E4B-it_t01,Gemma4,perception_jaccard,Appendix Figure A3,mean image-conditioned Jaccard similarity,M/Low /Cons/Prag,M/Low /Prog/Empa,0.57420492698412706
gemma-4-E4B-it_t01,Gemma4,perception_jaccard,Appendix Figure A3,mean image-conditioned Jaccard similarity,M/Low /Prog/Anal,M/Low /Prog/Empa,0.73387258095238084
gemma-4-E4B-it_t01,Gemma4,perception_jaccard,Appendix Figure A3,mean image-conditioned Jaccard similarity,M/Low /Prog/Empa,M/Low /Prog/Empa,0.85101868480725618
gemma-4-E4B-it_t01,Gemma4,perception_jaccard,Appendix Figure A3,mean image-conditioned Jaccard similarity,M/Low /Prog/Prag,M/Low /Prog/Empa,0.69544622857142857
gemma-4-E4B-it_t01,Gemma4,perception_jaccard,Appendix Figure A3,mean image-conditioned Jaccard similarity,F/High/Cons/Anal,M/Low /Prog/Prag,0.62803466031746036
gemma-4-E4B-it_t01,Gemma4,perception_jaccard,Appendix Figure A3,mean image-conditioned Jaccard similarity,F/High/Cons/Empa,M/Low /Prog/Prag,0.56170171428571436
gemma-4-E4B-it_t01,Gemma4,perception_jaccard,Appendix Figure A3,mean image-conditioned Jaccard similarity,F/High/Cons/Prag,M/Low /Prog/Prag,0.65243793015873008
gemma-4-E4B-it_t01,Gemma4,perception_jaccard,Appendix Figure A3,mean image-conditioned Jaccard similarity,F/High/Prog/Anal,M/Low /Prog/Prag,0.59968838412698411
gemma-4-E4B-it_t01,Gemma4,perception_jaccard,Appendix Figure A3,mean image-conditioned Jaccard similarity,F/High/Prog/Empa,M/Low /Prog/Prag,0.55309752063492068
gemma-4-E4B-it_t01,Gemma4,perception_jaccard,Appendix Figure A3,mean image-conditioned Jaccard similarity,F/High/Prog/Prag,M/Low /Prog/Prag,0.60479668571428569
gemma-4-E4B-it_t01,Gemma4,perception_jaccard,Appendix Figure A3,mean image-conditioned Jaccard similarity,F/Low /Cons/Anal,M/Low /Prog/Prag,0.70522274920634931
gemma-4-E4B-it_t01,Gemma4,perception_jaccard,Appendix Figure A3,mean image-conditioned Jaccard similarity,F/Low /Cons/Empa,M/Low /Prog/Prag,0.66821681904761887
gemma-4-E4B-it_t01,Gemma4,perception_jaccard,Appendix Figure A3,mean image-conditioned Jaccard similarity,F/Low /Cons/Prag,M/Low /Prog/Prag,0.68075390793650781
gemma-4-E4B-it_t01,Gemma4,perception_jaccard,Appendix Figure A3,mean image-conditioned Jaccard similarity,F/Low /Prog/Anal,M/Low /Prog/Prag,0.73545416507936512
gemma-4-E4B-it_t01,Gemma4,perception_jaccard,Appendix Figure A3,mean image-conditioned Jaccard similarity,F/Low /Prog/Empa,M/Low /Prog/Prag,0.67157303492063491
gemma-4-E4B-it_t01,Gemma4,perception_jaccard,Appendix Figure A3,mean image-conditioned Jaccard similarity,F/Low /Prog/Prag,M/Low /Prog/Prag,0.78332709206349205
gemma-4-E4B-it_t01,Gemma4,perception_jaccard,Appendix Figure A3,mean image-conditioned Jaccard similarity,M/High/Cons/Anal,M/Low /Prog/Prag,0.65068184580498867
gemma-4-E4B-it_t01,Gemma4,perception_jaccard,Appendix Figure A3,mean image-conditioned Jaccard similarity,M/High/Cons/Empa,M/Low /Prog/Prag,0.58115476825396828
gemma-4-E4B-it_t01,Gemma4,perception_jaccard,Appendix Figure A3,mean image-conditioned Jaccard similarity,M/High/Cons/Prag,M/Low /Prog/Prag,0.65399423492063491
gemma-4-E4B-it_t01,Gemma4,perception_jaccard,Appendix Figure A3,mean image-conditioned Jaccard similarity,M/High/Prog/Anal,M/Low /Prog/Prag,0.60236218412698417
gemma-4-E4B-it_t01,Gemma4,perception_jaccard,Appendix Figure A3,mean image-conditioned Jaccard similarity,M/High/Prog/Empa,M/Low /Prog/Prag,0.55627881587301586
gemma-4-E4B-it_t01,Gemma4,perception_jaccard,Appendix Figure A3,mean image-conditioned Jaccard similarity,M/High/Prog/Prag,M/Low /Prog/Prag,0.60947021269841273
gemma-4-E4B-it_t01,Gemma4,perception_jaccard,Appendix Figure A3,mean image-conditioned Jaccard similarity,M/Low /Cons/Anal,M/Low /Prog/Prag,0.70763530476190484
gemma-4-E4B-it_t01,Gemma4,perception_jaccard,Appendix Figure A3,mean image-conditioned Jaccard similarity,M/Low /Cons/Empa,M/Low /Prog/Prag,0.7322475841269841
gemma-4-E4B-it_t01,Gemma4,perception_jaccard,Appendix Figure A3,mean image-conditioned Jaccard similarity,M/Low /Cons/Prag,M/Low /Prog/Prag,0.7083076698412698
gemma-4-E4B-it_t01,Gemma4,perception_jaccard,Appendix Figure A3,mean image-conditioned Jaccard similarity,M/Low /Prog/Anal,M/Low /Prog/Prag,0.75616965079365084
gemma-4-E4B-it_t01,Gemma4,perception_jaccard,Appendix Figure A3,mean image-conditioned Jaccard similarity,M/Low /Prog/Empa,M/Low /Prog/Prag,0.69544622857142857
gemma-4-E4B-it_t01,Gemma4,perception_jaccard,Appendix Figure A3,mean image-conditioned Jaccard similarity,M/Low /Prog/Prag,M/Low /Prog/Prag,0.86727275672173632
