Topic,Count,Name,Representation,Representative_Docs
-1,18165,-1_greenery_brick_fallen_tunnel,"['greenery', 'brick', 'fallen', 'tunnel', 'tall brick', 'wooden', 'leaves', 'vehicles', 'tall', 'floor']","['A tall brick building with a stone base, surrounded by greenery and a clear sky, with people near the entrance and a vehicle visible.', 'A tall brick building with a stone base, surrounded by greenery and a clear sky, with people near the entrance and a vehicle visible.', 'A tall brick building with a stone base, surrounded by greenery and a clear sky, with people near the entrance and a vehicle visible.']"
0,1067,0_indoor_blue_maintenance_clean,"['indoor', 'blue', 'maintenance', 'clean', 'individuals', 'walls', 'white', 'work', 'metal', 'working']","['Two workers in white shirts and denim shorts are using rakes to maintain an indoor sports court with blue walls and a net.', 'Two men in white shirts and denim shorts are cleaning or maintaining an indoor sports facility with a tennis net and blue walls.', 'Workers in white shirts and denim shorts are using brooms to clean or maintain an indoor facility with blue walls and a net.']"
1,1027,1_rusted metal_rusted_metal_stone,"['rusted metal', 'rusted', 'metal', 'stone', 'showing signs', 'structure', 'old', 'signs', 'abandonment', 'deterioration']","['An old stone structure with arched openings and rusted metal components, showing signs of weathering and age.', 'An old stone structure with arched openings and rusted metal components, showing signs of age and weathering.', 'An old stone structure with arched openings and rusted metal components, showing signs of weathering and age.']"
2,1009,2_sign_accident_indicating_person,"['sign', 'accident', 'indicating', 'person', 'bright', 'power', 'industrial', 'pedestrians walking', 'busy urban', 'urban street']","[""A person operating a tool that emits bright sparks in an industrial workspace, with a sign indicating '013 DAYS ACCIDENT FREE'."", ""A person operating a tool that emits bright sparks in an industrial workspace, with a sign indicating '013 DAYS ACCIDENT FREE' on the wall."", ""A person operating a tool that emits bright sparks in an industrial workshop, with a sign indicating '013 DAYS ACCIDENT FREE' on the wall.""]"
3,988,3_floors_long_clean_lighting,"['floors', 'long', 'clean', 'lighting', 'metal', 'ceiling', 'walls', 'modern', 'featuring', 'signs']","['A long, clean subway station corridor with tiled floors, metal ceilings, and a central bench.', 'A long, clean subway station with tiled floors, metal ceilings, and a bench in the center.', 'A long, clean subway station with tiled floors, metal walls, and a central bench.']"
4,791,4_lighting_peeling_peeling walls_debris floor,"['lighting', 'peeling', 'peeling walls', 'debris floor', 'abandoned', 'floor abandoned', 'scattered debris', 'floor', 'metal', 'worn']","['An abandoned bedroom with peeling wallpaper, a broken bed frame, and scattered debris on the floor, illuminated by dim lighting.', 'An abandoned bedroom with peeling wallpaper, a broken bed, and scattered debris on the floor, illuminated by dim lighting.', 'An abandoned bedroom with peeling walls, an old bed, and debris on the floor under dim lighting.']"
5,668,5_window_red_building facade_dark,"['window', 'red', 'building facade', 'dark', 'facade', 'closeup', 'faded', 'closeup weathered', 'weathered building', 'pipes']","['A close-up of a weathered building facade with a chain, pipes, and a dark window, featuring faded red lettering on the wall.', 'A close-up of a weathered building facade with a chain, pipes, and a dark window, featuring faded red text on the wall.', 'A weathered building facade with a chain, pipes, and a dark window, featuring faded red text on the wall.']"
6,636,6_leafless_leafless trees_skyline_city skyline,"['leafless', 'leafless trees', 'skyline', 'city skyline', 'bare', 'bare trees', 'view', 'natural', 'city', 'distant']","['A view of leafless trees and shrubs with a distant city skyline and a building in the midground.', 'A view of leafless trees and dry bushes with a distant city skyline and a building in the midground.', 'A view of leafless trees and shrubs with a distant city skyline and a building in the midground.']"
7,608,7_stalls_walking_market stalls_busy urban,"['stalls', 'walking', 'market stalls', 'busy urban', 'urban street', 'busy', 'pedestrians walking', 'market', 'street pedestrians', 'pedestrians']","['A busy urban street with pedestrians walking and market stalls on the right side.', 'A busy urban street with pedestrians walking past market stalls and shops.', 'A busy urban street with pedestrians walking past market stalls and shops.']"
8,601,8_scattered debris_including_car_concrete,"['scattered debris', 'including', 'car', 'concrete', 'scattered', 'debris', 'debris broken', 'visible background', 'broken', 'road']","['A highway with scattered debris, including a broken tire and litter, alongside a concrete barrier and a car in the background.', 'A highway with scattered debris, including a broken tire and litter, alongside a concrete barrier and a car in the background.', 'A highway with scattered debris, including a broken tire and litter, alongside a concrete barrier and a car in the background.']"
9,575,9_exposed_pipes_space_white photograph,"['exposed', 'pipes', 'space', 'white photograph', 'deteriorated', 'photograph', 'blackandwhite photograph', 'blackandwhite', 'black white', 'black']","['A black and white photograph of a deteriorated utility space with exposed pipes, wires, and peeling walls.', 'A black and white photograph of a deteriorated utility space with exposed pipes, wires, and peeling walls.', 'A black and white photograph of a deteriorated utility space with peeling walls and exposed pipes.']"
10,565,10_concrete wall_concrete_plain_wall,"['concrete wall', 'concrete', 'plain', 'wall', 'gray', 'orange', 'white', 'paint', 'closeup', 'stains']","['A close-up of a concrete wall with patches and minor marks.', 'A concrete wall with minimal color variation and some patches.', 'A close-up of a concrete wall with patches and minor marks.']"
11,548,11_skyline_city skyline_foreground_city,"['skyline', 'city skyline', 'foreground', 'city', 'photograph', 'bridge', 'set', 'likely', 'historical', 'featuring']","['A photograph of the World Trade Center towers with smoke rising from one tower, viewed against a city skyline bridge foreground', 'A photograph of the World Trade Center towers with smoke rising from one tower, viewed against a city skyline with a bridge in the foreground.', 'A photograph of the World Trade Center towers with smoke rising from one tower, viewed against a city skyline with a bridge in the foreground.']"
12,500,12_road_rural_fields_dirt,"['road', 'rural', 'fields', 'dirt', 'trees distant', 'distant', 'green fields', 'gravel', 'sky', 'trees']","['A rural dirt road with green fields on either side, sparse trees, and distant buildings under an overcast sky.', 'A rural dirt road with green fields, trees, and distant buildings under a cloudy sky.', 'A rural dirt road stretches through green fields with trees and distant buildings under a cloudy sky.']"
13,481,13_gray_flooring_appearing_wooden floor,"['gray', 'flooring', 'appearing', 'wooden floor', 'light', 'room', 'clean', 'walls', 'dark', 'wooden']","['A room with a dark wooden floor, gray walls, and a light switch on the wall.', 'A room with a dark wooden floor, gray walls, and a light switch on the wall.', 'A minimalist room with a dark wooden floor, gray walls, and a single light switch on the wall.']"
14,471,14_people gathered_gathered_vehicle_military,"['people gathered', 'gathered', 'vehicle', 'military', 'scene', 'urban', 'people', 'group', 'showing', 'near']","['A nighttime urban scene showing a group of people gathered around a military vehicle, some holding flags.', 'A nighttime urban scene showing a group of people gathered near a military vehicle, some holding a flag.', 'A nighttime urban scene showing a group of people gathered near a military vehicle, some holding a flag.']"
15,444,15_set_foreground_city skyline_skyline,"['set', 'foreground', 'city skyline', 'skyline', 'photograph', 'bridge', 'city', 'life', 'featuring', 'historical']","['A photograph of the World Trade Center towers with smoke rising from one tower, set against a city skyline with a bridge in the foreground.', 'A photograph of the World Trade Center towers with smoke rising from one tower, set against a city skyline with a bridge in the foreground.', 'A photograph of the World Trade Center towers with smoke rising from one tower, set against a city skyline with a bridge in the foreground.']"
16,441,16_closeup view_closeup_military_setting,"['closeup view', 'closeup', 'military', 'setting', 'view', 'natural', 'floors', 'open', 'showing', 'lighting']","[""Close-up view of a military aircraft's bomb bay doors displayed in a museum setting."", 'A close-up view of the bomb bay doors of a military aircraft on display in a museum setting.', ""Close-up view of a military aircraft's bomb bay doors displayed in a museum setting.""]"
17,421,17_open_closeup view_military_closeup,"['open', 'closeup view', 'military', 'closeup', 'setting', 'showing', 'view', 'structural', 'historical', 'vintage']","[""Close-up view of a military aircraft's bomb bay in a museum setting, showing the open doors and internal components."", ""Close-up view of a military aircraft's bomb bay in a museum setting, showing open doors and internal mechanical components."", 'A close-up view of the underside of a military aircraft, showing its bomb bay and open doors, displayed in a museum setting.']"
18,419,18_graffiti entrance_vegetation surrounding_multistory building_multistory,"['graffiti entrance', 'vegetation surrounding', 'multistory building', 'multistory', 'surrounding', 'entrance', 'windows graffiti', 'building broken', 'graffiti', 'overgrown vegetation']","['A multi-story building with broken windows, graffiti on the entrance, and overgrown vegetation surrounding it.', 'A multi-story building with broken windows, graffiti on the entrance, and overgrown vegetation surrounding it.', 'A multi-story building with broken windows, graffiti on the entrance, and overgrown vegetation surrounding it.']"
19,410,19_leading_bright_tunnel_dark,"['leading', 'bright', 'tunnel', 'dark', 'light', 'graffiti walls', 'leaves buildings', 'park trees', 'trees fallen', 'park']","['A dark tunnel with graffiti-covered walls leading to a bright light at the end.', 'A dark tunnel with graffiti-covered walls leading to a bright light at the end.', 'A dark tunnel with graffiti-covered walls leading to a bright light at the end.']"
20,398,20_gear_group_city street_ground,"['gear', 'group', 'city street', 'ground', 'police', 'person', 'street', 'city', 'near', 'pavement']","['A group of police officers in riot gear surround a person on the ground on a city street.', 'A group of police officers in riot gear surround a person on the ground on a city street.', 'A group of police officers in riot gear surround a person on the ground on a city street.']"
21,367,21_yellow_shattered_door_glass,"['yellow', 'shattered', 'door', 'glass', 'panels', 'broken', 'faded', 'closeup weathered', 'red', 'building facade']","['A revolving door with shattered glass and yellow caution tape across it.', 'A revolving door with shattered glass and yellow caution tape across it.', 'A revolving door with shattered glass and yellow caution tape across it.']"
22,347,22_construction_safety_inside_tunnel,"['construction', 'safety', 'inside', 'tunnel', 'equipment', 'working', 'gear', 'present', 'group', 'lighting']","['Construction workers in safety vests and hard hats are working inside a tunnel under construction, with some using surveying equipment.', 'Construction workers in safety vests and hard hats are working inside a tunnel under construction with surveying equipment.', 'Construction workers in safety vests and hard hats are working inside a tunnel under construction, with some using surveying equipment.']"
23,342,23_room broken_vegetation debris_windows overgrown_abandoned room,"['room broken', 'vegetation debris', 'windows overgrown', 'abandoned room', 'floor abandoned', 'overgrown', 'overgrown vegetation', 'broken windows', 'windows', 'room']","['An abandoned room with broken windows, overgrown vegetation, and debris scattered across the floor.', 'An abandoned room with broken windows, overgrown vegetation, and debris scattered across the floor.', 'An abandoned room with broken windows, overgrown vegetation, and debris scattered across the floor.']"
24,341,24_rust_rust stains_stains_weathered,"['rust', 'rust stains', 'stains', 'weathered', 'signs', 'worn', 'surface', 'closeup weathered', 'sit', 'structure']","['A weathered industrial structure with vertical slats, rust stains, and visible corrosion on the upper section.', 'A weathered industrial structure with vertical slats, rust stains, and visible corrosion.', 'A weathered industrial structure with vertical slats, rust stains, and visible corrosion.']"
25,341,25_door_open_broken door_floor broken,"['door', 'open', 'broken door', 'floor broken', 'room', 'circular', 'yellow', 'abandoned room', 'equipment', 'large']","['An abandoned room with debris scattered on the floor, a broken door, and old equipment hanging from the ceiling.', 'An abandoned room with debris scattered on the floor, a broken door, and old equipment hanging from the ceiling.', 'An abandoned room with debris scattered on the floor, a broken table, and a large light fixture hanging from the ceiling, with an open yellow door.']"
26,337,26_sunlight_cityscape_windowsill_overlooking,"['sunlight', 'cityscape', 'windowsill', 'overlooking', 'rests', 'greenery', 'window', 'view', 'buildings', 'greenery visible']","['A cat lounges in sunlight on a windowsill overlooking a cityscape with buildings and greenery.', 'A cat lounges in sunlight on a windowsill overlooking a cityscape with buildings and greenery outside.', 'A cat lounges in sunlight on a windowsill overlooking a cityscape with buildings and greenery.']"
27,333,27_multiple_accident scene_cars_emergency,"['multiple', 'accident scene', 'cars', 'emergency', 'police', 'vehicles', 'accident', 'emergency vehicles', 'traffic', 'scene']","['A traffic accident scene with multiple vehicles, police cars, and emergency vehicles on a road.', 'A traffic accident scene with police cars, emergency vehicles, and multiple vehicles involved on a highway.', 'A traffic accident scene with police cars, emergency vehicles, and multiple vehicles involved on a highway.']"
28,318,28_facade rusted_weathered building_rusted metal_dirty,"['facade rusted', 'weathered building', 'rusted metal', 'dirty', 'building facade', 'rusted', 'facade', 'metal', 'weathered', 'building']","['A weathered building facade with a rusted metal shutter and grimy walls.', 'A weathered building facade with a rusted metal shutter and stained walls.', 'A weathered building facade with a rusted metal shutter and stained walls.']"
29,307,29_canopy_counter plants_market area_area wooden,"['canopy', 'counter plants', 'market area', 'area wooden', 'market', 'outdoor market', 'wooden counter', 'equipment', 'plants', 'counter']","['An outdoor market area with a wooden counter, plants, and equipment under a canopy.', 'An outdoor market area with a wooden counter, plants, and equipment under a canopy.', 'An outdoor market area with a wooden counter, plants, and equipment under a canopy.']"
30,306,30_green foliage_dense_amidst_foliage,"['green foliage', 'dense', 'amidst', 'foliage', 'lush green', 'lush', 'area', 'green', 'plants', 'overgrown']","['A skateboard leaning against a pole amidst dense, overgrown green foliage in a forested area.', 'A skateboard leaning against a pole amidst dense, overgrown green foliage in a forested area.', 'A skateboard leaning against a pole amidst dense, overgrown green foliage in a forested area.']"
31,304,31_design_orange_surface_circular,"['design', 'orange', 'surface', 'circular', 'traffic', 'pavement', 'paved', 'nearby', 'dirty', 'sits']","['A painted manhole cover with a circular design and an orange traffic cone on a wet asphalt surface.', 'A decorative manhole cover with a circular design and an orange traffic cone on a wet asphalt surface.', 'A manhole cover with a colorful, tiled design and an orange traffic cone on a manhole cover with a colorful, tiled design and an orange traffic cone on a wet asphalt surface.']"
32,302,32_wear_signs wear_concrete wall_showing signs,"['wear', 'signs wear', 'concrete wall', 'showing signs', 'signs', 'neglect', 'concrete', 'wall', 'showing', 'signs neglect']","['A weathered concrete wall with patches of white and orange paint, showing signs of wear and neglect.', 'A weathered concrete wall with patches of white and orange paint, showing signs of wear and neglect.', 'A close-up of a weathered concrete wall with patches of white and orange paint, showing signs of wear and neglect.']"
33,276,33_sunset casting_casting_traditional wooden_structure fence,"['sunset casting', 'casting', 'traditional wooden', 'structure fence', 'path', 'fence cherry', 'wooden structure', 'shadows', 'blossoms', 'cherry blossoms']","['A traditional wooden structure with a fence, cherry blossoms, and a sunset casting shadows on a gravel path.', 'A traditional wooden structure with a fence, cherry blossoms, and a sunset casting shadows on a gravel path.', 'A traditional wooden structure with a fence, cherry blossoms, and a sunset casting shadows on a gravel path.']"
34,274,34_persons legs_legs_persons_water,"['persons legs', 'legs', 'persons', 'water', 'bridge water', 'overlooking', 'cityscape', 'cityscape greenery', 'sunny sky', 'bridge']","[""A person's legs in jeans and white sneakers are visible, overlooking a bridge over water with greenery and a distant cityscape under a clear sky."", ""A person's legs in jeans and white sneakers are visible, overlooking a bridge over water with greenery and a distant cityscape under a clear sky."", ""A person's legs in jeans and white sneakers are visible, overlooking a bridge over water with greenery and a distant cityscape under a clear sky.""]"
35,272,35_scenic_hills_distance_sunset,"['scenic', 'hills', 'distance', 'sunset', 'green', '', '', '', '', '']","['A scenic sunset over rolling green hills with the ocean in the distance.', 'A scenic sunset over rolling green hills with the ocean in the distance.', 'A scenic sunset over rolling green hills with the ocean in the distance.']"
36,270,36_floor broken_broken door_ceiling_hanging,"['floor broken', 'broken door', 'ceiling', 'hanging', 'abandoned room', 'large', 'door', 'room', 'light', 'scattered floor']","['An abandoned room with debris scattered on the floor, a broken door, and a large light fixture hanging from the ceiling.', 'An abandoned room with debris scattered on the floor, a broken door, and a large light fixture hanging from the ceiling.', 'An abandoned room with debris scattered on the floor, a broken door, and a large light fixture hanging from the ceiling.']"
37,265,37_modern_sidewalk_buildings clear_clear blue,"['modern', 'sidewalk', 'buildings clear', 'clear blue', 'blue sky', 'city skyline', 'skyline', 'featuring', 'blue', 'clear']","['A city skyline featuring a mix of modern and historic buildings under a clear blue sky, with a sidewalk and street lamps visible.', 'A city skyline featuring a mix of modern and historic buildings under a clear blue sky, with a sidewalk and street lamps.', 'A city skyline with a mix of modern and historic buildings under a clear blue sky, featuring a sidewalk and street lamps.']"
38,248,38_floor room_sit_pots_deteriorating,"['floor room', 'sit', 'pots', 'deteriorating', 'wooden floor', 'brick', 'showing', 'worn', 'room', 'walls visible']","['Two terracotta pots sit on a wooden floor in a room with deteriorating brick walls showing cracks and discoloration.', 'Two terracotta pots sit on a wooden floor in a room with deteriorating brick walls showing cracks and discoloration.', 'Two terracotta pots sit on a wooden floor in a room with deteriorating brick walls showing cracks and discoloration.']"
39,244,39_building interior_interior broken_abandoned building_graffiti debris,"['building interior', 'interior broken', 'abandoned building', 'graffiti debris', 'interior', 'windows graffiti', 'floor abandoned', 'graffiti', 'scattered floor', 'broken windows']","['An abandoned building interior with broken windows, graffiti, and debris scattered on the floor.', 'An abandoned building interior with broken windows, graffiti, and debris scattered on the floor.', 'An abandoned building interior with broken windows, graffiti, and debris scattered on the floor.']"
40,236,40_paint debris_peeling paint_industrial building_abandoned industrial,"['paint debris', 'peeling paint', 'industrial building', 'abandoned industrial', 'paint', 'floor abandoned', 'building broken', 'industrial', 'peeling', 'scattered floor']","['An abandoned industrial building with broken windows, peeling paint, and debris scattered across the floor.', 'An abandoned industrial building with broken windows, peeling paint, and debris scattered across the floor.', 'An abandoned industrial building with broken windows, peeling paint, and debris scattered across the floor.']"
41,235,41_furniture_discarded_trash_outdoor area,"['furniture', 'discarded', 'trash', 'outdoor area', 'outdoor', 'overgrown vegetation', 'overgrown', 'vegetation', 'bridge', 'area']","['An outdoor area under a bridge with discarded furniture, piles of trash, and overgrown vegetation.', 'An outdoor area under a bridge with discarded furniture, piles of trash, and overgrown vegetation.', 'An outdoor area under a bridge with discarded furniture, piles of trash, and overgrown vegetation.']"
42,232,42_gravel_trees distant_road_rural landscape,"['gravel', 'trees distant', 'road', 'rural landscape', 'rural', 'landscape', 'distant', 'fields', 'landscape green', 'green fields']","['A gravel road stretches through a rural landscape with green fields, sparse trees, and distant buildings under a cloudy sky.', 'A gravel road stretches through a rural landscape with green fields, trees, and distant buildings under a cloudy sky.', 'A gravel road stretches through a rural landscape with green fields, trees, and distant buildings under a cloudy sky.']"
43,232,43_stand_military personnel_personnel_near,"['stand', 'military personnel', 'personnel', 'near', 'vehicle', 'crowd', 'military', 'amidst', 'urban setting', 'crowd people']","['Military personnel with weapons stand near a destroyed vehicle with debris and civilians in the background.', 'Military personnel with weapons stand near a destroyed vehicle, with civilians and debris in the background.', 'Military personnel with weapons stand near a destroyed vehicle and debris, with civilians in the background.']"
44,227,44_sunset casting_casting_traditional wooden_structure fence,"['sunset casting', 'casting', 'traditional wooden', 'structure fence', 'fence cherry', 'wooden structure', 'shadows', 'cherry', 'traditional', 'cherry blossoms']","['A traditional wooden structure with a fence, cherry blossoms, and a sunset casting long shadows on a gravel path.', 'A traditional wooden structure with a fence, cherry blossoms, and a sunset casting long shadows on a gravel path.', 'A traditional wooden structure with a fence, cherry blossoms, and a sunset casting long shadows on a gravel path.']"
45,223,45_gear_police_person_group,"['gear', 'police', 'person', 'group', 'sidewalk', 'ground', 'urban street', 'surrounding', 'street', 'city street']","['A group of police officers in riot gear surround a person on a sidewalk.', 'A group of police officers in riot gear surround and restrain a person on a sidewalk.', 'A group of police officers in riot gear surround a person on the ground during a protest.']"
46,222,46_dense_green foliage_foliage_area,"['dense', 'green foliage', 'foliage', 'area', 'surrounded', 'vegetation', 'overgrown', 'lush', 'overgrown vegetation', 'discarded']","['A skateboard is partially buried in dense green foliage and overgrown vegetation in a forested area.', 'A weathered skateboard partially obscured by dense green foliage and overgrown vegetation in a forested area.', 'A weathered skateboard is partially surrounded by dense green foliage and overgrown vegetation in a forested area.']"
47,217,47_old weathered_rests_vibrant_sunny sky,"['old weathered', 'rests', 'vibrant', 'sunny sky', 'old', 'large', 'windowsill', 'greenery background', 'weathered', 'sunny']","['A large, vibrant green crystal rests on a windowsill with an old, weathered barn in the background under a sunny sky.', 'A large, vibrant green crystal rests on a windowsill with an old, weathered barn and greenery in the background under a sunny sky.', 'A large, vibrant green crystal rests on a windowsill with an old, weathered barn and greenery in the background under a sunny sky.']"
48,210,48_hills_distance_sunset_green,"['hills', 'distance', 'sunset', 'green', '', '', '', '', '', '']","['A serene sunset over rolling green hills with the ocean in the distance.', 'A serene sunset over rolling green hills with the ocean in the distance.', 'A serene sunset over rolling green hills with the ocean in the distance.']"
49,209,49_gear_group_ground_police,"['gear', 'group', 'ground', 'police', 'person', 'street', 'city street', 'city', '', '']","['A group of police officers in riot gear surround a person on the ground at a street intersection.', 'A group of police officers in riot gear surround a person on the ground at a street intersection.', 'A group of police officers in riot gear surround a person on the ground at a street intersection.']"
50,208,50_peaceful_bridge water_legs_persons legs,"['peaceful', 'bridge water', 'legs', 'persons legs', 'persons', 'water', 'conservative', 'positive', 'traditional', 'sense']","['A traditional wooden structure with a fence, cherry blossoms, and a sunset casting shadows on the ground. The scene is calm and orderly, with traditional architecture and natural beauty. As a pragmatic conservative, I value the harmony and respect for heritage shown here. The sentiment is positive because it reflects a well-maintained, peaceful environment that aligns with traditional values and order.', 'A traditional wooden structure with a fence, cherry blossoms in the background, and long shadows from the image has a traditional structure, cherry blossoms, and a calm setting. So the sentiment is Positive. Perceptions: Calm environment, Peaceful environment, Nostalgia. Caption: A traditional wooden structure with a fence, cherry blossoms in the background, and long shadows from the setting sun on a gravel path. Justification: The serene setting with cherry blossoms and soft lighting creates a peaceful, nostalgic atmosphere that connects to cultural heritage.', 'A sunny rural landscape with green fields, a dirt path, fence posts, and a power line tower under a clear blue sky. A sunny rural landscape with green fields, a dirt path, fence posts, and a power line tower under a clear blue sky. This peaceful countryside scene reflects the beauty of nature and the tranquility I appreciate as a conservative who values traditional, well-maintained environments.']"
51,207,51_people gathered_gathered_suggesting_scene,"['people gathered', 'gathered', 'suggesting', 'scene', 'military', 'vehicle', 'urban', 'urban environment', 'people', 'environment']","['A nighttime urban scene with people gathered around a military vehicle, some holding a flag, suggesting a protest or demonstration.', 'A nighttime urban protest scene with people gathered near a military vehicle, some holding a flag.', 'A nighttime urban scene with people gathered around a military vehicle, some holding a protest or demonstration.']"
52,207,52_buildings clear_sidewalk_leafless trees_leafless,"['buildings clear', 'sidewalk', 'leafless trees', 'leafless', 'scattered ground', 'tall', 'city street', 'clear blue', 'blue sky', 'abandoned building']","['A city street with tall buildings, a clear blue sky, and leafless trees lining the sidewalk.', 'A city street with tall buildings, a clear blue sky, and leafless trees lining the sidewalk.', 'A city street with tall buildings, a clear blue sky, and leafless trees lining the sidewalk.']"
53,205,53_winds forest_boardwalk winds_winds_forest fallen,"['winds forest', 'boardwalk winds', 'winds', 'forest fallen', 'wooden boardwalk', 'boardwalk', 'sides', 'forest', 'fallen leaves', 'leaves']","['A wooden boardwalk winds through a forest with fallen leaves and greenery on both sides.', 'A wooden boardwalk winds through a forest with fallen leaves and greenery on both sides.', 'A wooden boardwalk winds through a forest with fallen leaves and greenery on both sides.']"
54,202,54_sky sunny_sunny rural_path fence_landscape green,"['sky sunny', 'sunny rural', 'path fence', 'landscape green', 'fields dirt', 'sunny', 'dirt path', 'green fields', 'rural landscape', 'dirt']","['A sunny rural landscape with green fields, a dirt path, and a fence under a clear blue sky.', 'A sunny rural landscape with green fields, a dirt path, and a fence under a clear blue sky.', 'A sunny rural landscape with green fields, a dirt path, and a fence under a clear blue sky.']"
55,200,55_peeling_light_damage_metal,"['peeling', 'light', 'damage', 'metal', 'abandoned', 'debris floor', 'floor', 'damaged', 'walls', 'wooden']","['An abandoned bedroom with a metal bed frame, peeling wallpaper, and a dusty floor, illuminated by a single light source.', 'An abandoned bedroom with a metal bed frame, peeling wallpaper, and a dusty floor, illuminated by a single light source.', 'An abandoned bedroom with a metal bed frame, peeling wallpaper, and a dusty floor, illuminated by a single light source.']"
56,199,56_sunlight_cityscape_glass_windowsill,"['sunlight', 'cityscape', 'glass', 'windowsill', 'white', 'visible', 'large', 'window', 'modern', 'overlooking']","['A ginger and white cat lounges in sunlight on a tiled windowsill, with a cityscape visible through the glass doors.', 'A ginger and white cat lounges in sunlight on a windowsill, with a cityscape visible through the glass doors.', 'A ginger and white cat lounges in sunlight on a windowsill, with a cityscape visible through glass doors.']"
57,198,57_pedestrians_black white_black_scene,"['pedestrians', 'black white', 'black', 'scene', 'fallen', 'vehicles', 'street', 'blackandwhite', 'urban street', 'urban']","['A black and white street scene with buildings, pedestrians, vehicles, and a fallen bicycle.', 'A black and white street scene with buildings, vehicles, pedestrians, and a fallen bicycle.', 'A black and white street scene with buildings, vehicles, pedestrians, and a fallen bicycle.']"
58,198,58_modern_city street_clear blue_blue sky,"['modern', 'city street', 'clear blue', 'blue sky', 'street', 'structures', 'blue', 'sidewalk', 'clear', 'city']","['A city street with modern skyscrapers, a clear blue sky, and a sidewalk lined with street lamps.', 'A city street with modern skyscrapers, a clear blue sky, and neatly maintained buildings.', 'A city street with modern and historic buildings, lampposts, and a clear blue sky.']"
59,198,59_panels_shattered_yellow_door,"['panels', 'shattered', 'yellow', 'door', 'glass', 'entrance', '', '', '', '']","['A revolving door with shattered glass panels and yellow caution tape spanning across it.', 'A revolving door with shattered glass panels and yellow caution tape spanning across it.', 'A revolving door with shattered glass panels and yellow caution tape spanning across it.']"
60,197,60_leaves buildings_park trees_trees fallen_park,"['leaves buildings', 'park trees', 'trees fallen', 'park', 'sunlit', 'fallen leaves', 'buildings background', 'leaves', 'fallen', 'buildings']","['A sunlit park with trees, fallen leaves, and buildings in the background.', 'A sunlit park with trees, fallen leaves, and buildings in the background.', 'A sunlit park with trees, fallen leaves, and buildings in the background.']"
61,194,61_inside_interior space_working_safety,"['inside', 'interior space', 'working', 'safety', 'fence trees', 'filtering foliage', 'construction', 'filtering', 'sunlight filtering', 'trees sunlight']","['A rocky slope with a wooden fence, trees, and sunlight filtering through the foliage.', 'A rocky slope with a wooden fence, trees, and sunlight filtering through the foliage.', 'A rocky slope with a wooden fence, trees, and sunlight filtering through the foliage.']"
62,188,62_peeling paint_graffiti debris_industrial building_abandoned industrial,"['peeling paint', 'graffiti debris', 'industrial building', 'abandoned industrial', 'paint', 'floor abandoned', 'industrial', 'peeling', 'graffiti', 'scattered floor']","['An abandoned industrial building with peeling paint, graffiti, and debris scattered across the floor.', 'An abandoned industrial building with peeling paint, graffiti, and debris scattered across the floor.', 'An abandoned industrial building with peeling paint, graffiti, and debris scattered across the floor.']"
63,188,63_sits_flowers_overlooking_windowsill,"['sits', 'flowers', 'overlooking', 'windowsill', 'greenery', 'view', 'plants', 'outdoor', 'outdoor area', 'green']","['A plush panda toy sits on a windowsill next to a vase with flowers, overlooking a balcony with greenery and a garden view.', 'A plush panda toy sits on a windowsill beside a vase with flowers, overlooking a balcony with greenery and a garden view.', 'A plush panda toy sits on a windowsill next to a vase with flowers, overlooking a balcony with greenery and a garden view.']"
64,186,64_interior_structures_walls debris_interior broken,"['interior', 'structures', 'walls debris', 'interior broken', 'abandoned industrial', 'graffiti scattered', 'abandoned', 'peeling walls', 'interior space', 'space']","['An abandoned industrial interior with broken structures, debris, and peeling walls.', 'An abandoned industrial interior with broken structures, debris, and peeling walls.', 'An abandoned industrial building interior with broken walls, debris, and deteriorated structures.']"
65,183,65_uniforms_car accident_present_car,"['uniforms', 'car accident', 'present', 'car', 'accident', 'damaged', 'damaged vehicle', 'damaged vehicles', 'nearby', 'crowd']","['Firefighters in high-visibility uniforms are responding to a car accident with onlookers present.', 'Firefighters in high-visibility uniforms respond to a car accident with onlookers present.', 'Firefighters in high-visibility uniforms respond to a car accident with onlookers present.']"
66,183,66_pots_wooden floor_brick_worn,"['pots', 'wooden floor', 'brick', 'worn', 'floor room', 'room', 'deteriorating', 'walls', 'wooden', 'dirty']","['An empty room with cracked, deteriorating brick walls and two terracotta pots on a worn wooden floor.', 'A room with deteriorating brick walls and two terracotta pots on a worn wooden floor.', 'A room with deteriorating brick walls and two terracotta pots on a worn wooden floor.']"
67,183,67_floor room_closeup view_gray_wooden floor,"['floor room', 'closeup view', 'gray', 'wooden floor', 'closeup', 'light', 'view', 'room', 'wooden', 'wall']","['A close-up view of a wooden floor in an empty room with a gray wall and a light switch.', 'A close-up view of a wooden floor in an empty room with gray walls and a light switch on the wall.', 'A close-up view of a wooden floor in a room with gray walls and a light switch on the wall.']"
68,183,68_rests_background clear_old weathered_large,"['rests', 'background clear', 'old weathered', 'large', 'glass', 'windowsill', 'old', 'vibrant', 'weathered', 'green']","['A large, vibrant green glass piece rests on a windowsill, with an old, weathered barn in the background under a clear sky.', 'A large, vibrant green glass piece rests on a windowsill, with an old, weathered barn in the background under a clear sky.', 'A large, vibrant green glass specimen rests on a windowsill, with an old, weathered barn in the background under a clear sky.']"
69,181,69_scenic_hills_distance_sunset,"['scenic', 'hills', 'distance', 'sunset', 'green', 'visible', 'view', 'lush green', 'lush', 'background']","['A scenic sunset over rolling green hills with the ocean visible in the distance.', 'A scenic sunset over rolling green hills with the ocean visible in the distance.', 'A scenic sunset over rolling green hills with the ocean visible in the distance.']"
70,181,70_filtering foliage_filtering_sunlight filtering_trees sunlight,"['filtering foliage', 'filtering', 'sunlight filtering', 'trees sunlight', 'rocky slope', 'slope', 'rocky', 'wooden fence', 'surrounded trees', 'foliage']","['A rocky slope with a wooden fence, surrounded by trees and sunlight filtering through the foliage.', 'A rocky slope with a wooden fence, surrounded by trees and sunlight filtering through the foliage.', 'A rocky slope with a wooden fence, surrounded by trees and sunlight filtering through the foliage.']"
71,179,71_dense_amidst_green foliage_metal,"['dense', 'amidst', 'green foliage', 'metal', 'weathered', 'foliage', 'plants', 'tall', 'overgrown', 'overgrown vegetation']","['A weathered skateboard leans against a metal post amidst dense green foliage and overgrown vegetation.', 'A weathered skateboard leans against a metal post amidst dense green foliage and tall plants in a forested area.', 'A weathered skateboard leans against a metal post amidst dense green foliage and tall plants in a forested area.']"
72,178,72_numerous_busy_traffic_bridge,"['numerous', 'busy', 'traffic', 'bridge', 'vehicles', 'multiple', 'cars', 'including', 'sides', 'clear sky']","['A busy Golden Gate Bridge with numerous vehicles in traffic congestion on both lanes.', 'A busy Golden Gate Bridge with numerous vehicles in heavy traffic on both lanes.', 'A busy bridge with numerous vehicles in traffic congestion on the Golden Gate Bridge.']"
73,178,73_working_damaged_uniforms_car,"['working', 'damaged', 'uniforms', 'car', 'car accident', 'present', 'emergency', 'including', 'scene', 'accident scene']","['Emergency responders, including firefighters, are working on a damaged car at an accident scene with onlookers present.', 'Emergency responders, including firefighters, are working on a damaged car at an accident scene with onlookers present.', 'Emergency responders, including firefighters, are working on a damaged car at an accident scene with onlookers present.']"
74,176,74_brick_day_tall brick_clear sky,"['brick', 'day', 'tall brick', 'clear sky', 'sunny', 'buildings', 'tall', 'clear', 'trees clear', 'entrance']","['A sunny day on a university campus with tall brick buildings, green trees, and a clear sky.', 'A sunny day on a university campus with tall brick buildings, green trees, and a clear sky.', 'A sunny day showing a university campus with tall brick buildings, a university campus with tall brick buildings, a tree, and a few people near the entrance.']"
75,172,75_car accident_car_personnel_present,"['car accident', 'car', 'personnel', 'present', 'emergency', 'accident', 'damaged', 'damaged vehicles', 'damaged vehicle', 'crowd']","['Firefighters and emergency personnel responding to a car accident with onlookers present.', 'Firefighters and emergency personnel responding to a car accident with onlookers present.', 'Firefighters and emergency personnel are responding to a car accident with onlookers present.']"
76,171,76_peeling paint_graffiti debris_industrial building_abandoned industrial,"['peeling paint', 'graffiti debris', 'industrial building', 'abandoned industrial', 'paint', 'floor abandoned', 'industrial', 'peeling', 'graffiti', 'scattered floor']","['An abandoned industrial building with peeling paint, graffiti, and debris scattered across the floor.', 'An abandoned industrial building with peeling paint, graffiti, and debris scattered across the floor.', 'An abandoned industrial building with peeling paint, graffiti, and debris scattered across the floor.']"
77,170,77_vibrant_rests_old weathered_background clear,"['vibrant', 'rests', 'old weathered', 'background clear', 'greenery background', 'glass', 'large', 'windowsill', 'old', 'green']","['A large, vibrant green glass object rests on a windowsill, with an old, weathered barn and greenery in the background.', 'A large, vibrant green glass object rests on a windowsill, with an old, weathered barn and greenery in the background.', 'A large, vibrant green glass object rests on a windowsill, with an old, weathered barn and greenery in the background.']"
78,169,78_canopy_various_counter plants_market area,"['canopy', 'various', 'counter plants', 'market area', 'area wooden', 'outdoor market', 'wooden counter', 'plants', 'counter', 'equipment']","['An outdoor market area with a wooden counter, plants, and various equipment under a canopy.', 'An outdoor market area with a wooden counter, plants, and various equipment under a canopy.', 'An outdoor market area with a wooden counter, plants, and various equipment under a canopy.']"
79,166,79_boardwalk winds_winds forest_winds_forest fallen,"['boardwalk winds', 'winds forest', 'winds', 'forest fallen', 'wooden boardwalk', 'boardwalk', 'forest', 'dense', 'sit', 'surrounded']","['A wooden boardwalk winds through a forest with fallen autumn leaves scattered across the planks, surrounded by dense greenery.', 'A wooden boardwalk winds through a forest with fallen autumn leaves scattered across the planks, surrounded by dense greenery.', 'A wooden boardwalk winds through a forest with fallen autumn leaves scattered across the planks, surrounded by dense greenery.']"
80,165,80_bridge_busy_traffic_numerous,"['bridge', 'busy', 'traffic', 'numerous', 'vehicles', 'sides', 'cars', 'including', '', '']","['A busy bridge with heavy traffic congestion on the Golden Gate Bridge.', 'A busy bridge with heavy traffic congestion on the Golden Gate Bridge.', 'A busy bridge with heavy traffic congestion on the Golden Gate Bridge.']"
81,164,81_sits_flowers_outdoor area_overlooking,"['sits', 'flowers', 'outdoor area', 'overlooking', 'outdoor', 'windowsill', 'area', 'green', 'greenery', 'window']","['A plush panda toy sits on a windowsill next to a vase with flowers, overlooking a green outdoor area with a railing.', 'A plush panda toy sits on a windowsill next to a vase with flowers, overlooking a green outdoor area with a railing.', 'A plush panda toy sits on a windowsill next to a vase with flowers, overlooking a green outdoor area with a railing.']"
82,164,82_furniture_discarded_trash_outdoor area,"['furniture', 'discarded', 'trash', 'outdoor area', 'outdoor', 'overgrown vegetation', 'overgrown', 'vegetation', 'bridge', 'area']","['An outdoor area under a bridge with discarded furniture, piles of trash, and overgrown vegetation.', 'An outdoor area under a bridge with discarded furniture, piles of trash, and overgrown vegetation.', 'An outdoor area under a bridge with discarded furniture, piles of trash, and overgrown vegetation.']"
83,162,83_parklike_shaded structure_shaded_structure trees,"['parklike', 'shaded structure', 'shaded', 'structure trees', 'background people', 'gravel ground', 'seated', 'parklike area', 'people seated', 'trees gravel']","['Several people are seated under a shaded structure with trees and buildings visible in the background, some wearing masks.', 'People seated under a shaded structure with trees and buildings visible in the background, some wearing masks.', 'People are seated under a shaded structure with trees and buildings visible in the background, some wearing masks.']"
84,161,84_street pedestrians_white photograph_black white_black,"['street pedestrians', 'white photograph', 'black white', 'black', 'city street', 'pedestrians', 'busy', 'photograph', 'vehicles', 'white']","['A black and white photograph of a busy city street with pedestrians, vehicles, and buildings.', 'A black and white photograph of a busy city street with pedestrians, vehicles, and buildings.', 'A black-and-white photograph of a busy city street with pedestrians, vehicles, and buildings.']"
85,158,85_trees cityscape_captured_vintage_bridge water,"['trees cityscape', 'captured', 'vintage', 'bridge water', 'persons legs', 'legs', 'persons', 'water', 'base', 'sky people']","[""A person's legs in jeans and white sneakers are visible, with a view of a bridge over water, palm trees, and a cityscape in the background, captured with a vintage filter."", ""A person's legs in jeans and white sneakers are visible, with a view of a bridge over water, palm trees, and a cityscape in the background, captured with a vintage filter."", ""A person's legs in jeans and white sneakers are visible, with a view of a bridge over water, palm trees, and a cityscape in the background, captured with a vintage filter.""]"
86,158,86_displaying_counter_items_lights,"['displaying', 'counter', 'items', 'lights', 'work', 'various', 'market area', 'counter plants', 'area wooden', 'working']","['An outdoor market area with a wooden counter, plants, hanging lights, and shelves displaying various items, with a person working behind the counter.', 'An outdoor market area with a wooden counter, plants, hanging lights, and shelves displaying various items, with a person working behind the counter.', 'An outdoor market area with a wooden counter, plants, hanging lights, and shelves displaying various items, with a person working behind the counter.']"
87,158,87_furniture_discarded_trash_outdoor area,"['furniture', 'discarded', 'trash', 'outdoor area', 'outdoor', 'overgrown vegetation', 'overgrown', 'vegetation', 'bridge', 'area']","['An outdoor area under a bridge with discarded furniture, piles of trash, and overgrown vegetation.', 'An outdoor area under a bridge with discarded furniture, piles of trash, and overgrown vegetation.', 'An outdoor area under a bridge with discarded furniture, piles of trash, and overgrown vegetation.']"
88,157,88_cityscape_sunlight_windowsill_glass,"['cityscape', 'sunlight', 'windowsill', 'glass', 'white', 'visible', 'overlooking', 'greenery', 'buildings', 'sunlit']","['A ginger and white cat lounges in sunlight on a windowsill, with a cityscape visible through the glass.', 'A ginger and white cat lounges in sunlight on a windowsill, with a cityscape visible through the glass.', 'A ginger and white cat lounges in sunlight on a windowsill, with a cityscape visible through the glass.']"
89,157,89_pedestrians_black white_black_white photograph,"['pedestrians', 'black white', 'black', 'white photograph', 'vehicles', 'busy', 'photograph', 'fallen', 'city street', 'street pedestrians']","['A black and white photograph of a busy city street with pedestrians, vehicles, and a fallen bicycle at an intersection.', 'A black and white photograph of a busy city street with pedestrians, vehicles, and a fallen bicycle at an intersection.', 'A black-and-white photograph of a busy city street with pedestrians, vehicles, and a fallen bicycle at an intersection.']"
90,156,90_power_path fence_fields dirt_dirt path,"['power', 'path fence', 'fields dirt', 'dirt path', 'green fields', 'rural landscape', 'dirt', 'landscape', 'room broken', 'path']","['A rural landscape featuring green fields, a dirt path, a fence, and power lines under a clear blue sky.', 'A rural landscape featuring green fields, a dirt path, a fence, and power lines under a clear blue sky.', 'A rural landscape featuring green fields, a dirt path, a fence, and power lines under a clear blue sky.']"
91,155,91_urban setting_military personnel_stand_personnel,"['urban setting', 'military personnel', 'stand', 'personnel', 'scattered ground', 'urban', 'setting', 'vehicle', 'near', 'military']","['Military personnel stand near a destroyed vehicle with debris scattered on the ground, surrounded by civilians in an urban setting.', 'Military personnel stand near a destroyed vehicle with debris scattered on the ground, surrounded by civilians in an urban setting.', 'Military personnel stand near a destroyed vehicle with debris scattered on the ground, surrounded by civilians in an urban setting.']"
92,155,92_peeling walls_industrial building_graffiti debris_abandoned industrial,"['peeling walls', 'industrial building', 'graffiti debris', 'abandoned industrial', 'debris broken', 'floor abandoned', 'industrial', 'ceiling', 'broken door', 'peeling']","['An abandoned industrial building with peeling walls, graffiti, and debris scattered across the floor.', 'An abandoned industrial building with peeling walls, graffiti, and debris scattered across the floor.', 'An abandoned industrial building with peeling walls, graffiti, and debris scattered across the floor.']"
93,154,93_panels_shattered_yellow_door,"['panels', 'shattered', 'yellow', 'door', 'glass', '', '', '', '', '']","['A revolving door with shattered glass panels and yellow caution tape stretched across it.', 'A revolving door with shattered glass panels and yellow caution tape stretched across it.', 'A revolving door with shattered glass panels and yellow caution tape stretched across it.']"
94,154,94_bare trees_bare_seated stone_people seated,"['bare trees', 'bare', 'seated stone', 'people seated', 'seated', 'blocks shaded', 'trees distant', 'stone blocks', 'blocks', 'shaded structure']","['People are seated on stone blocks under a shaded structure with trees and buildings visible in the background.', 'People are seated on stone blocks under a shaded structure with trees and buildings visible in the background.', 'People are seated on stone blocks under a shaded structure with trees and buildings visible in the background.']"
95,154,95_scattered ground_abandoned building_bare trees_bare,"['scattered ground', 'abandoned building', 'bare trees', 'bare', 'trees distant', 'windows graffiti', 'sky abandoned', 'graffiti debris', 'building broken', 'ground']","['An abandoned building with broken windows, graffiti, and debris scattered on the ground.', 'An abandoned building with broken windows, graffiti, and debris scattered on the ground.', 'An abandoned building with broken windows, graffiti, and debris scattered on the ground.']"
96,152,96_buildings clear_sidewalk_tall_street,"['buildings clear', 'sidewalk', 'tall', 'street', 'city street', 'clear blue', 'blue sky', 'blue', 'clear', 'city']","['A city street with tall buildings, a clear blue sky, and a sidewalk lined with street lamps.', 'A city street with tall buildings, a clear blue sky, and a sidewalk lined with street lamps.', 'A city street with tall buildings, a clear blue sky, and a sidewalk with street lamps.']"
97,149,97_modern_buildings clear_sidewalk_clear blue,"['modern', 'buildings clear', 'sidewalk', 'clear blue', 'blue sky', 'blue', 'featuring', 'power', 'city skyline', 'skyline']","['A city skyline with modern and historic buildings under a clear blue sky, featuring a sidewalk and street lamps.', 'A city skyline with modern and historic buildings under a clear blue sky, featuring a sidewalk and street lamps.', 'A city skyline with modern and historic buildings under a clear blue sky, featuring a sidewalk and street lamps.']"
98,149,98_room broken_vegetation debris_windows overgrown_walls abandoned,"['room broken', 'vegetation debris', 'windows overgrown', 'walls abandoned', 'abandoned room', 'peeling walls', 'deteriorated', 'exposed', 'white photograph', 'pipes']","['An abandoned room with broken windows, overgrown vegetation, and debris scattered across the floor.', 'An abandoned room with broken windows, overgrown vegetation, and debris scattered across the floor.', 'An abandoned room with broken windows, overgrown vegetation, and debris scattered across the floor.']"
99,147,99_surrounded trees_filtering foliage_sunlight filtering_filtering,"['surrounded trees', 'filtering foliage', 'sunlight filtering', 'filtering', 'trees sunlight', 'rocky', 'rocky slope', 'slope', 'wooden fence', 'foliage']","['A rocky slope with a wooden fence, surrounded by trees and sunlight filtering through the foliage.', 'A rocky slope with a wooden fence, surrounded by trees and sunlight filtering through the foliage.', 'A rocky slope with a wooden fence, surrounded by trees and sunlight filtering through the foliage.']"
100,146,100_near damaged_damaged vehicle_vehicles people_emergency vehicles,"['near damaged', 'damaged vehicle', 'vehicles people', 'emergency vehicles', 'accident scene', 'people near', 'cars', 'damaged', 'emergency', 'road']","['A traffic accident scene with police cars, emergency vehicles, and people near a damaged vehicle on a road.', 'A traffic accident scene with police cars, emergency vehicles, and people near a damaged vehicle on a road.', 'A traffic accident scene with police cars, emergency vehicles, and people near a damaged vehicle on a road.']"
101,145,101_orange_scattered debris_debris broken_car,"['orange', 'scattered debris', 'debris broken', 'car', 'including', 'visible background', 'road', 'concrete', 'broken', 'pavement']","['A highway with scattered debris, including a broken orange object, and a car visible in the background.', 'A highway with scattered debris, including a broken orange object, and a car visible in the background.', 'A highway with scattered debris, including a broken orange object, and litter on the road, with a concrete barrier and a car in the background.']"
102,144,102_vibrant_old weathered_glass_old,"['vibrant', 'old weathered', 'glass', 'old', 'windowsill', 'background clear', 'large', 'green', 'weathered', 'vintage']","['A large, vibrant green glass piece placed on a windowsill with an old, weathered barn in the background.', 'A large, vibrant green glass piece displayed on a windowsill with an old, weathered barn in the background.', 'A large, vibrant green glass piece placed on a windowsill, with an old, weathered barn in the background.']"
103,143,103_closeup weathered_red_building facade_weathered building,"['closeup weathered', 'red', 'building facade', 'weathered building', 'facade', 'window', 'closeup', 'urban area', 'dark', 'stand']","['A close-up of a weathered building facade with a chain, red text, and a dark window.', 'A close-up of a weathered building facade with a chain, red text, and a dark window.', 'A close-up of a weathered building facade with a chain, red text, and a dark window.']"
104,143,104_leading_bright_tunnel_dark,"['leading', 'bright', 'tunnel', 'dark', 'walls', 'road', '', '', '', '']","['A dark tunnel with graffiti-covered walls leading to a bright exit.', 'A dark tunnel with graffiti-covered walls leading to a bright exit.', 'A dark tunnel with graffiti-covered walls leading to a bright exit.']"
105,141,105_vibrant_old weathered_rests_old,"['vibrant', 'old weathered', 'rests', 'old', 'large', 'glass', 'windowsill', 'weathered', 'green', 'bare trees']","['A large, vibrant green glass piece rests on a windowsill, with an old, weathered barn in the background.', 'A large, vibrant green glass piece rests on a windowsill, with an old, weathered barn in the background.', 'A large, vibrant green glass piece rests on a windowsill, with an old, weathered barn in the background.']"
106,140,106_multiple_vehicles_numerous_bridge,"['multiple', 'vehicles', 'numerous', 'bridge', 'traffic', 'busy', '', '', '', '']","['A congested roadway on the Golden Gate Bridge with multiple lanes of vehicles.', 'A congested roadway on the Golden Gate Bridge with multiple lanes of vehicles.', 'A congested roadway on the Golden Gate Bridge with multiple lanes of vehicles.']"
107,139,107_car accident_emergency_car_damaged,"['car accident', 'emergency', 'car', 'damaged', 'accident scene', 'damaged vehicles', 'scene', 'accident', 'working', 'present']","['Emergency responders and onlookers at a car accident scene with damaged vehicles.', 'Emergency responders working at a car accident scene with damaged vehicles and bystanders present.', 'Emergency responders are working on a damaged car at an accident scene with onlookers present.']"
108,137,108_numerous_cars_busy_traffic,"['numerous', 'cars', 'busy', 'traffic', 'bridge', 'including', 'multiple', 'red', 'vehicles', 'large']","['A busy bridge with heavy traffic, including numerous cars and trucks, under a large red structure.', 'A busy bridge with heavy traffic, including numerous cars and trucks, under a large red structure.', 'A busy suspension bridge with heavy traffic, including numerous cars and trucks, under a large red structure.']"
109,137,109_rust stains_rust_stains_facade,"['rust stains', 'rust', 'stains', 'facade', 'building facade', 'deterioration', 'weathered building', 'signs', 'traditional wooden', 'structure fence']","['A weathered building facade with vertical slats, rust stains, and signs of deterioration.', 'A weathered building facade with vertical slats, rust stains, and signs of deterioration.', 'A close-up of a weathered building facade with vertical slats, rust stains, and signs of deterioration.']"
110,135,110_pedestrians_black white_black_scene,"['pedestrians', 'black white', 'black', 'scene', 'fallen', 'vehicles', 'street', 'blackandwhite', 'white', 'urban street']","['A black and white street scene with pedestrians, vehicles, and a fallen bicycle at an intersection.', 'A black and white street scene with pedestrians, vehicles, and a fallen bicycle at an intersection.', 'A black-and-white street scene with pedestrians, vehicles, and a fallen bicycle at an intersection.']"
111,135,111_cars_present_emergency_police,"['cars', 'present', 'emergency', 'police', 'accident', 'personnel', 'emergency vehicles', 'vehicles', 'accident scene', 'lights']","['A multi-vehicle accident on a highway with police cars and emergency personnel present.', 'A multi-vehicle accident on a highway with police cars and emergency personnel present.', 'A multi-vehicle accident on a highway with police cars and emergency personnel present.']"
112,134,112_red_building facade_weathered building_facade,"['red', 'building facade', 'weathered building', 'facade', 'window', 'faded', 'market area', 'area wooden', 'wooden counter', 'various']","['A weathered building facade with a chain, red text, and a dark window.', 'A weathered building facade with a chain, red text, and a dark window.', 'A weathered building facade with a chain, red text, and a dark window.']"
113,133,113_stone blocks_blocks_blocks shaded_structure trees,"['stone blocks', 'blocks', 'blocks shaded', 'structure trees', 'trees buildings', 'shaded', 'shaded structure', 'background people', 'sit', 'stone']","['Several people wearing masks sit on stone blocks under a shaded structure with trees and buildings in the background.', 'People wearing masks sit on stone blocks under a shaded structure with trees and buildings in the background.', 'People sit on stone blocks under a shaded structure with trees and buildings in the background, some wearing face masks.']"
114,133,114_sunlight_cityscape_glass_rests,"['sunlight', 'cityscape', 'glass', 'rests', 'windowsill', 'visible', 'white', 'sunlit', 'view', 'city']","['A ginger and white cat rests in sunlight on a windowsill, with a cityscape visible through the glass doors.', 'A ginger and white cat rests in sunlight on a windowsill, with a cityscape visible through the glass.', 'A ginger and white cat rests in sunlight on a windowsill, with a cityscape visible through the glass.']"
115,133,115_sunset_sunset casting_casting_scenic,"['sunset', 'sunset casting', 'casting', 'scenic', 'traditional wooden', 'structure fence', 'fence cherry', 'wooden structure', 'shadows', 'cherry blossoms']","['A traditional wooden structure with a fence, cherry blossoms, and a sunset casting shadows on a gravel path.', 'A traditional wooden structure with a fence, cherry blossoms, and a sunset casting shadows on a gravel path.', 'A traditional wooden structure with a fence, cherry blossoms, and a sunset casting shadows on a gravel path.']"
116,131,116_nearby_trees clear_sky people_base,"['nearby', 'trees clear', 'sky people', 'base', 'clear sky', 'surrounded trees', 'tall brick', 'room broken', 'leafless trees', 'people near']","['A tall brick building with a stone base, surrounded by trees and a clear sky, with people near the entrance and a vehicle parked nearby.', 'A tall brick building with a stone base, surrounded by trees and a clear sky, with people near the entrance and a vehicle parked nearby.', 'A tall brick building with a stone base, surrounded by trees and a clear sky, with people near the entrance and a vehicle parked nearby.']"
117,129,117_people gathered_gathered_scene_vehicle,"['people gathered', 'gathered', 'scene', 'vehicle', 'military', 'people', 'lighting', '', '', '']","['A nighttime protest scene with people gathered around a military vehicle, some holding a flag.', 'A nighttime protest scene with people gathered around a military vehicle, some holding a flag.', 'A nighttime protest scene with people gathered around a military vehicle, some holding a flag.']"
118,129,118_sign_indicating_accident_person,"['sign', 'indicating', 'accident', 'person', 'seated stone', 'seated', 'stone blocks', 'industrial', 'blocks', 'people seated']","[""A person welding metal in an industrial workshop with a sign indicating '013 DAYS ACCIDENT FREE'."", ""A person welding metal in an industrial workshop with a sign indicating '013 DAYS ACCIDENT FREE'."", ""A person welding or grinding metal in an industrial workshop with sparks flying, and a sign indicating '013 DAYS ACCIDENT FREE'.""]"
119,128,119_fence trees_filtering foliage_sunlight filtering_filtering,"['fence trees', 'filtering foliage', 'sunlight filtering', 'filtering', 'trees sunlight', 'rocky slope', 'slope', 'rocky', 'wooden fence', 'foliage']","['A rocky slope with large boulders, a wooden fence, trees, and sunlight filtering through the foliage.', 'A rocky slope with large boulders, a wooden fence, trees, and sunlight filtering through the foliage.', 'A rocky slope with large boulders, a wooden fence, trees, and sunlight filtering through the foliage.']"
120,127,120_pavement_orange_traffic_featuring,"['pavement', 'orange', 'traffic', 'featuring', 'design', 'worn', 'nearby', 'weathered', 'street', 'concrete']","['A wet pavement with a decorative manhole cover and an orange traffic cone.', 'A wet pavement with a decorative manhole cover and an orange traffic cone.', 'A wet pavement with a decorative manhole cover and an orange traffic cone.']"
121,127,121_winds forest_boardwalk winds_winds_wooden boardwalk,"['winds forest', 'boardwalk winds', 'winds', 'wooden boardwalk', 'boardwalk', 'forest', 'leaves', 'forest fallen', 'neglected', 'surrounding']","['A wooden boardwalk winds through a forest with fallen autumn leaves scattered across the path and surrounding vegetation.', 'A wooden boardwalk winds through a forest with fallen autumn leaves scattered across the path and surrounding vegetation.', 'A wooden boardwalk winds through a forest with fallen autumn leaves scattered across the path and surrounding vegetation.']"
122,123,122_graffiti scattered_abandonment_building interior_interior broken,"['graffiti scattered', 'abandonment', 'building interior', 'interior broken', 'abandoned building', 'windows graffiti', 'interior', 'graffiti', 'concrete wall', 'indicating']","['An abandoned building interior with broken windows, graffiti, and scattered debris.', 'An abandoned building interior with broken windows, graffiti, and scattered debris.', 'An abandoned building interior with broken windows, graffiti, and scattered debris.']"
123,123,123_graffiti walls_leading_bright_tunnel,"['graffiti walls', 'leading', 'bright', 'tunnel', 'green foliage', 'dark', 'light', 'boardwalk winds', 'winds forest', 'winds']","['A dark tunnel with graffiti on the walls leading to a bright light at the end.', 'A dark tunnel with graffiti on the walls leading to a bright light at the end.', 'A dark tunnel with graffiti on the walls leading to a bright light at the end.']"
124,122,124_person_sign_surface_sunny sky,"['person', 'sign', 'surface', 'sunny sky', 'rusted metal', 'rusted', 'fence trees', 'old', 'accident', 'stone']","['An old stone structure with arched openings, rusted metal components, and a concrete surface, with a shadow of a person.', 'An old stone structure with arched openings, rusted metal components, and a concrete surface, with a shadow of a person.', 'An old stone structure with arched openings, rusted metal components, and a concrete surface, with a shadow of a person.']"
125,122,125_leaves buildings_park trees_trees fallen_buildings visible,"['leaves buildings', 'park trees', 'trees fallen', 'buildings visible', 'park', 'sunlit', 'fallen leaves', 'visible background', 'leaves', 'fallen']","['A sunlit park with trees and fallen leaves, with buildings visible in the background.', 'A sunlit park with trees and fallen leaves, with buildings visible in the background.', 'A sunlit park with trees and fallen leaves, with buildings visible in the background.']"
126,121,126_pavement_design_orange_traffic,"['pavement', 'design', 'orange', 'traffic', 'featuring', 'circular', 'dirty', 'nearby', 'wear', 'positive']","['A wet pavement with a decorative manhole cover featuring a colorful design and an orange traffic cone.', 'A wet pavement with a decorative manhole cover featuring a colorful design and an orange traffic cone.', 'A wet pavement featuring a decorative manhole cover with a colorful design and an orange traffic cone.']"
127,119,127_paint debris_peeling paint_industrial building_paint,"['paint debris', 'peeling paint', 'industrial building', 'paint', 'abandoned industrial', 'building broken', 'floor abandoned', 'industrial', 'peeling', 'scattered floor']","['An abandoned industrial building with broken windows, peeling paint, and debris scattered on the floor.', 'An abandoned industrial building with broken windows, peeling paint, and debris scattered on the floor.', 'An abandoned industrial building with broken windows, peeling paint, and debris scattered on the floor.']"
128,118,128_modern_cityscape_sidewalk_clear blue,"['modern', 'cityscape', 'sidewalk', 'clear blue', 'blue sky', 'featuring', 'buildings clear', 'wellmaintained', 'blue', 'paved']","['A cityscape featuring modern and historic buildings under a clear blue sky, with a clean sidewalk and street lamps.', 'A cityscape featuring modern skyscrapers alongside historic buildings under a clear blue sky, with a clean sidewalk and street lamps.', 'A cityscape featuring modern skyscrapers, historic buildings, and a clear blue sky with a clean sidewalk and street lamps.']"
129,117,129_busy_traffic_bridge_sides,"['busy', 'traffic', 'bridge', 'sides', 'road', '', '', '', '', '']","['A busy Golden Gate Bridge with heavy traffic on both lanes.', 'A busy Golden Gate Bridge with heavy traffic on both lanes.', 'A busy Golden Gate Bridge with heavy traffic on both lanes.']"
130,117,130_items_displaying_lights_area wooden,"['items', 'displaying', 'lights', 'area wooden', 'market area', 'wooden counter', 'outdoor market', 'various', 'counter', 'plants']","['An outdoor market area with a wooden counter, hanging lights, plants, and shelves displaying various items.', 'An outdoor market area with a wooden counter, hanging lights, plants, and shelves displaying various items.', 'An outdoor market area with a wooden counter, hanging lights, plants, and shelves displaying various items under a canopy.']"
131,117,131_rocky slope_slope_rocky_surrounded trees,"['rocky slope', 'slope', 'rocky', 'surrounded trees', 'wooden fence', 'trees sunlight', 'sunlight', 'surrounded', 'fence', 'filtering']","['A rocky slope with a wooden fence, surrounded by trees and sunlight.', 'A rocky slope with a wooden fence, surrounded by trees and sunlight.', 'A rocky slope with a wooden fence, surrounded by trees and sunlight.']"
132,117,132_parklike_parklike area_background people_area trees,"['parklike', 'parklike area', 'background people', 'area trees', 'shaded structure', 'shaded', 'seated', 'blocks', 'people seated', 'stone blocks']","['Several individuals are seated on stone blocks under a shaded structure in a park-like area with trees and buildings visible in the background.', 'Several people are seated on stone blocks under a shaded structure in a park-like area with trees and buildings visible in the background.', 'Several people are seated on stone blocks under a shaded structure in a park-like area with trees and buildings visible in the background.']"
133,117,133_suggesting_people gathered_gathered_vehicle,"['suggesting', 'people gathered', 'gathered', 'vehicle', 'military', 'scene', 'showing', 'indicating', 'group', 'people']","['A nighttime scene showing a group of people gathered near a military vehicle, some holding flags, suggesting a protest or demonstration.', 'A nighttime scene showing a group of people gathered near a military vehicle, some holding flags, suggesting a protest or demonstration.', 'A nighttime scene showing a group of people gathered near a military vehicle, some holding flags, suggesting a protest or demonstration.']"
134,116,134_amidst_dense_greenery_overgrown,"['amidst', 'dense', 'greenery', 'overgrown', 'weathered', 'green foliage', 'area', 'discarded', 'plants', 'foliage']","['A weathered skateboard leans against a pole amidst dense, overgrown greenery in a forested area.', 'A weathered skateboard leans against a pole amidst dense, overgrown greenery in a forested area.', 'A weathered skateboard leans against a pole amidst dense, overgrown greenery in a forested area.']"
135,115,135_interior broken_paint debris_interior_abandoned industrial,"['interior broken', 'paint debris', 'interior', 'abandoned industrial', 'industrial', 'peeling paint', 'peeling', 'paint', 'walls debris', 'broken windows']","['An abandoned industrial interior with broken windows, peeling paint, and debris scattered on the floor.', 'An abandoned industrial interior with broken windows, peeling paint, and debris scattered across the floor.', 'An abandoned industrial interior with broken windows, peeling paint, and debris scattered across the floor.']"
136,115,136_stand_military personnel_urban area_personnel,"['stand', 'military personnel', 'urban area', 'personnel', 'urban environment', 'environment', 'amidst', 'urban', 'present', 'near']","['Military personnel with weapons stand near a destroyed vehicle amidst debris, with civilians present in an urban area.', 'Military personnel with weapons stand near a destroyed vehicle amidst debris in an urban area with civilians present.', 'Military personnel with weapons stand near a destroyed vehicle amidst debris in an urban area with civilians present.']"
137,114,137_counter_lights_market area_area wooden,"['counter', 'lights', 'market area', 'area wooden', 'working', 'wooden counter', 'outdoor market', 'hanging', 'plants', 'tall brick']","['An outdoor market area with a wooden counter, hanging lights, shelves of goods, and a person working behind the counter, surrounded by plants and equipment.', 'An outdoor market area with a wooden counter, hanging lights, shelves of goods, and a person working behind the counter, surrounded by plants and equipment.', 'An outdoor market area with a wooden counter, hanging lights, shelves of goods, and a person working behind the counter, surrounded by plants and equipment.']"
138,114,138_floor room_pots_deteriorating_wooden floor,"['floor room', 'pots', 'deteriorating', 'wooden floor', 'multistory building', 'multistory', 'brick', 'base', 'graffiti overgrown', 'entrance']","['Two terracotta pots on a wooden floor in a room with deteriorating brick walls.', 'Two terracotta pots on a wooden floor in a room with deteriorating brick walls.', 'Two terracotta pots on a wooden floor in a room with deteriorating brick walls.']"
139,113,139_numerous_traffic_bridge_view,"['numerous', 'traffic', 'bridge', 'view', 'vehicles', 'sides', 'daily', 'life', 'dense', 'multiple']","['A view of the Golden Gate Bridge with numerous vehicles in heavy traffic congestion on both lanes.', 'A view of the Golden Gate Bridge with numerous vehicles in heavy traffic congestion on both lanes.', 'A view of the Golden Gate Bridge with numerous vehicles in traffic congestion.']"
140,113,140_trees clear_sky people_base_tall brick,"['trees clear', 'sky people', 'base', 'tall brick', 'surrounded trees', 'tall', 'surrounded', 'brick', 'stone', 'clear sky']","['A tall brick building with a stone base, surrounded by trees and a clear sky, with a few people and a vehicle visible.', 'A tall brick building with a stone base, surrounded by trees and a clear sky, with a few people and a vehicle visible.', 'A tall brick building with a stone base, surrounded by trees and a clear sky, with a few people and a vehicle visible.']"
141,113,141_dilapidated_interior_graffiti debris_windows graffiti,"['dilapidated', 'interior', 'graffiti debris', 'windows graffiti', 'building broken', 'graffiti', 'broken windows', 'scattered floor', 'windows', 'debris scattered']","['The interior of a dilapidated building with broken windows, graffiti, and debris scattered on the floor.', 'The interior of a dilapidated building with broken windows, graffiti, and debris scattered on the floor.', 'The interior of a dilapidated building with broken windows, graffiti, and debris scattered on the floor.']"
142,113,142_stand_military personnel_personnel_near,"['stand', 'military personnel', 'personnel', 'near', 'vehicle', 'military', 'crowd', 'crowd people', 'urban setting', 'background']","['Military personnel stand near a destroyed vehicle with debris and civilians in the background.', 'Military personnel stand near a destroyed vehicle with debris and civilians in the background.', 'Military personnel stand near a destroyed vehicle with debris and civilians in the background.']"
143,112,143_leaves buildings_buildings background_trees fallen_park trees,"['leaves buildings', 'buildings background', 'trees fallen', 'park trees', 'park', 'sunlit', 'fallen leaves', 'leaves', 'fallen', 'buildings']","['A sunlit park with trees, fallen leaves, and buildings in the background.', 'A sunlit park with trees, fallen leaves, and buildings in the background.', 'A sunlit park with trees, fallen leaves, and buildings in the background.']"
144,112,144_scattered ground_stand_military personnel_personnel,"['scattered ground', 'stand', 'military personnel', 'personnel', 'surrounded', 'ground', 'near', 'vehicle', 'military', 'debris scattered']","['Military personnel stand near a destroyed vehicle with debris scattered on the ground, surrounded by civilians.', 'Military personnel stand near a destroyed vehicle with debris scattered on the ground, surrounded by civilians.', 'Military personnel stand near a destroyed vehicle with debris scattered on the ground, surrounded by civilians.']"
145,111,145_shattered_yellow_panels_indicating,"['shattered', 'yellow', 'panels', 'indicating', 'glass', 'door', 'counter', 'displaying', 'lights', 'items']","['A revolving door with shattered glass panels and yellow caution tape across it, indicating a hazardous condition.', 'A revolving door with shattered glass panels and yellow caution tape across it, indicating a hazardous condition.', 'A revolving door with shattered glass panels and yellow caution tape spanning across it, indicating a hazardous condition.']"
146,111,146_urban setting_stand_military personnel_amidst,"['urban setting', 'stand', 'military personnel', 'amidst', 'personnel', 'setting', 'urban', 'near', 'vehicle', 'military']","['Military personnel with weapons stand near a destroyed vehicle amidst debris and civilians in an urban setting.', 'Military personnel with weapons stand near a destroyed vehicle amidst debris and civilians in an urban setting.', 'Military personnel with weapons stand near a destroyed vehicle amidst debris and civilians in an urban setting.']"
147,109,147_shaded structure_shaded_background people_public,"['shaded structure', 'shaded', 'background people', 'public', 'seated stone', 'structure trees', 'seated', 'area trees', 'people sitting', 'sitting']","['Several people are seated on stone benches under a shaded structure with trees and gravel ground in a public area.', 'Several people are seated on stone benches under a shaded structure with trees and gravel ground in a public area.', 'Several people are seated on stone benches under a shaded structure with trees and gravel ground in a public area with buildings visible in the background.']"
148,109,148_near damaged_damaged vehicles_vehicles people_emergency vehicles,"['near damaged', 'damaged vehicles', 'vehicles people', 'emergency vehicles', 'accident scene', 'people near', 'cars', 'vehicles', 'damaged', 'emergency']","['A traffic accident scene with police cars, emergency vehicles, and people near damaged vehicles on a road.', 'A traffic accident scene with police cars, emergency vehicles, and people near damaged vehicles on a road.', 'A traffic accident scene with police cars, emergency vehicles, and people near damaged vehicles on a road.']"
149,109,149_sunny rural_sky sunny_circular_power,"['sunny rural', 'sky sunny', 'circular', 'power', 'path fence', 'fields dirt', 'sunny', 'dirt path', 'floor broken', 'green fields']","['A sunny rural landscape with green fields, a dirt path, fence posts, and a power line tower under a clear blue sky.', 'A sunny rural landscape with green fields, a dirt path, fence posts, and a power line tower under a clear blue sky.', 'A sunny rural landscape with green fields, a dirt path, fence posts, and a power line tower under a clear blue sky.']"
150,108,150_gray_wooden floor_featuring_light,"['gray', 'wooden floor', 'featuring', 'light', 'wall', 'room', 'walls', 'wooden', 'floor', 'trees cityscape']","['An empty room with a wooden floor and gray walls, featuring a light switch on the wall.', 'An empty room with a wooden floor and gray walls, featuring a light switch on the wall.', 'An empty room with a wooden floor and gray walls, featuring a light switch on the wall.']"
151,108,151_trees gravel_gravel ground_people sitting_sitting,"['trees gravel', 'gravel ground', 'people sitting', 'sitting', 'facade rusted', 'structure trees', 'sunny rural', 'busy urban', 'shaded structure', 'shaded']","['People sitting under a shaded structure with trees and gravel ground, some wearing masks.', 'People sitting under a shaded structure with trees and gravel ground, some wearing masks.', 'People sitting under a shaded structure with trees and gravel ground, some wearing masks.']"
152,108,152_surface_design_orange_traffic,"['surface', 'design', 'orange', 'traffic', 'dirty', '', '', '', '', '']","['A manhole cover with a decorative design and an orange traffic cone on a wet asphalt surface.', 'A manhole cover with a decorative design and an orange traffic cone on a wet asphalt surface.', 'A manhole cover with a decorative design and an orange traffic cone on a wet asphalt surface.']"
153,106,153_neglect_multistory building_multistory_shows,"['neglect', 'multistory building', 'multistory', 'shows', 'graffiti entrance', 'negative', 'dilapidated', 'neglected', 'indicating', 'lack']","['A multi-story building with broken windows, overgrown vegetation, and graffiti on the entrance, indicating neglect.', 'A multi-story building with broken windows, graffiti on the entrance, and overgrown vegetation indicating neglect.', 'A multi-story building with broken windows, graffiti on the entrance, and overgrown vegetation indicating neglect.']"
154,106,154_panels_shattered_yellow_door,"['panels', 'shattered', 'yellow', 'door', 'glass', '', '', '', '', '']","['A revolving door with shattered glass panels and yellow caution tape across it.', 'A revolving door with shattered glass panels and yellow caution tape across it.', 'A revolving door with shattered glass panels and yellow caution tape across it.']"
155,105,155_panels_shattered_yellow_door,"['panels', 'shattered', 'yellow', 'door', 'glass', '', '', '', '', '']","['A revolving door with shattered glass panels and yellow caution tape across it.', 'A revolving door with shattered glass panels and yellow caution tape across it.', 'A revolving door with shattered glass panels and yellow caution tape across it.']"
156,104,156_graffiti scattered_peeling paint_interior_abandoned industrial,"['graffiti scattered', 'peeling paint', 'interior', 'abandoned industrial', 'paint', 'floor abandoned', 'debris floor', 'industrial', 'peeling', 'graffiti']","['An abandoned industrial interior with peeling paint, graffiti, and scattered debris on the floor.', 'An abandoned industrial interior with peeling paint, graffiti, and scattered debris on the floor.', 'An abandoned industrial interior with peeling paint, graffiti, and scattered debris on the floor.']"
157,104,157_open_yellow_abandoned room_door,"['open', 'yellow', 'abandoned room', 'door', 'large', 'light', 'hanging', 'room', 'facade rusted', 'scattered floor']","['An abandoned room with debris scattered on the floor, a large hanging light fixture, and an open yellow door.', 'An abandoned room with debris scattered on the floor, a large hanging light fixture, and an open yellow door.', 'An abandoned room with debris scattered on the floor, a large hanging light fixture, and an open yellow door.']"
158,102,158_traditional wooden_structure fence_fence cherry_wooden structure,"['traditional wooden', 'structure fence', 'fence cherry', 'wooden structure', 'shadows', 'blossoms', 'cherry blossoms', 'cherry', 'traditional', 'casting']","['A traditional wooden structure with a fence, cherry blossoms in the background, and a sunset casting shadows on the ground.', 'A traditional wooden structure with a fence, cherry blossoms in the background, and a sunset casting shadows on the ground.', 'A traditional wooden structure with a fence, cherry blossoms in the background, and a sunset casting shadows on the ground.']"
159,101,159_buildings background_leaves buildings_interior space_park trees,"['buildings background', 'leaves buildings', 'interior space', 'park trees', 'sunlit', 'park', 'trees fallen', 'fallen leaves', 'debris floor', 'windows overgrown']","['A sunlit park with trees, fallen leaves, and buildings in the background.', 'A sunlit park with trees, fallen leaves, and buildings in the background.', 'A sunlit park with trees, fallen leaves, and buildings in the background.']"
160,101,160_multistory building_multistory_graffiti entrance_entrance,"['multistory building', 'multistory', 'graffiti entrance', 'entrance', 'building broken', 'windows overgrown', 'graffiti overgrown', 'graffiti', 'overgrown vegetation', 'overgrown']","['A multi-story building with broken windows, overgrown vegetation, and graffiti on the entrance.', 'A multi-story building with broken windows, overgrown vegetation, and graffiti on the entrance.', 'A multi-story building with broken windows, overgrown vegetation, and graffiti on the entrance.']"
161,100,161_traditional wooden_structure fence_fence cherry_wooden structure,"['traditional wooden', 'structure fence', 'fence cherry', 'wooden structure', 'shadows', 'cherry blossoms', 'blossoms', 'cherry', 'traditional', 'long']","['A traditional wooden structure with a fence, cherry blossoms in the background, and long shadows from the setting sun on a gravel path.', 'A traditional wooden structure with a fence, cherry blossoms in the background, and long shadows from the setting sun on a gravel path.', 'A traditional wooden structure with a fence, cherry blossoms in the background, and long shadows from the setting sun on a gravel path.']"
162,100,162_gravel_trees distant_rural landscape_landscape,"['gravel', 'trees distant', 'rural landscape', 'landscape', 'road', 'distant', 'rural', 'fields', 'sky', 'buildings']","['A gravel road stretches through a rural landscape with fields, trees, and distant buildings under an overcast sky.', 'A gravel road stretches through a rural landscape with fields, trees, and distant buildings under an overcast sky.', 'A gravel road stretches through a rural landscape with fields, trees, and distant buildings under an overcast sky.']"
163,99,163_vintage_captured_persons legs_legs,"['vintage', 'captured', 'persons legs', 'legs', 'bridge water', 'persons', 'water', 'cityscape', 'cityscape greenery', 'trees cityscape']","[""A person's legs resting with a view of a bridge over water and a cityscape in the background, captured with a vintage filter."", ""A person's legs resting with a view of a bridge over water, greenery, and a cityscape in the background, captured with a vintage filter."", ""A person's legs resting with a view of a bridge over water, greenery, and a cityscape in the background, captured with a vintage filter.""]"
164,99,164_overlooking_sunlight_cityscape_windowsill,"['overlooking', 'sunlight', 'cityscape', 'windowsill', 'greenery', 'white', 'buildings', '', '', '']","['A ginger and white cat lounges in sunlight on a windowsill overlooking a cityscape with buildings and greenery.', 'A ginger and white cat lounges in sunlight on a windowsill overlooking a cityscape with buildings and greenery.', 'A ginger and white cat lounges in sunlight on a windowsill overlooking a cityscape with buildings and greenery.']"
165,99,165_open_closeup view_floors_setting,"['open', 'closeup view', 'floors', 'setting', 'closeup', 'military', 'view', 'visible background', 'background', 'visible']","['A close-up view of the underside of a military aircraft with open bomb bay doors, displayed in a museum setting with polished floors and other exhibits visible in the background.', 'A close-up view of the underside of a military aircraft with open bomb bay doors, displayed in a museum setting with polished floors and other exhibits visible in the background.', 'A close-up view of the underside of a military aircraft with open bomb bay doors, displayed in a museum setting with polished floors and other exhibits visible in the background.']"
166,99,166_furniture_discarded_trash_outdoor area,"['furniture', 'discarded', 'trash', 'outdoor area', 'day', 'inside', 'trees clear', 'stone', 'safety', 'outdoor']","['An outdoor area with discarded furniture, piles of trash, and overgrown vegetation near a stone wall and under a bridge.', 'An outdoor area with discarded furniture, piles of trash, and overgrown vegetation near a stone wall and under a bridge.', 'An outdoor area with discarded furniture, piles of trash, and overgrown vegetation near a stone wall and under a bridge.']"
167,98,167_paint debris_peeling paint_industrial building_abandoned industrial,"['paint debris', 'peeling paint', 'industrial building', 'abandoned industrial', 'paint', 'building broken', 'floor abandoned', 'industrial', 'peeling', 'broken windows']","['An abandoned industrial building with broken windows, peeling paint, and debris scattered on the floor.', 'An abandoned industrial building with broken windows, peeling paint, and debris scattered on the floor.', 'An abandoned industrial building with broken windows, peeling paint, and debris scattered on the floor.']"
168,98,168_scenic_hills_distance_sunset,"['scenic', 'hills', 'distance', 'sunset', 'inside', 'safety', 'gear', 'construction', 'green', 'tunnel']","['A scenic sunset over rolling green hills with the ocean in the distance.', 'A scenic sunset over rolling green hills with the ocean in the distance.', 'A scenic sunset over rolling green hills with the ocean in the distance.']"
169,98,169_paint debris_peeling paint_industrial building_abandoned industrial,"['paint debris', 'peeling paint', 'industrial building', 'abandoned industrial', 'paint', 'building broken', 'floor abandoned', 'industrial', 'peeling', 'scattered floor']","['An abandoned industrial building with broken windows, peeling paint, and debris scattered across the floor.', 'An abandoned industrial building with broken windows, peeling paint, and debris scattered across the floor.', 'An abandoned industrial building with broken windows, peeling paint, and debris scattered across the floor.']"
170,98,170_multistory building_graffiti overgrown_multistory_vegetation surrounding,"['multistory building', 'graffiti overgrown', 'multistory', 'vegetation surrounding', 'building broken', 'surrounding', 'graffiti', 'overgrown vegetation', 'overgrown', 'vegetation']","['A multi-story building with broken windows, graffiti, and overgrown vegetation surrounding it.', 'A multi-story building with broken windows, graffiti, and overgrown vegetation surrounding it.', 'A multi-story building with broken windows, graffiti, and overgrown vegetation surrounding it.']"
171,97,171_sits_flowers_overlooking_windowsill,"['sits', 'flowers', 'overlooking', 'windowsill', 'greenery', 'plants', 'window', 'outdoor area', 'feels', 'peaceful']","['A plush panda toy sits on a windowsill next to a vase with flowers, overlooking a balcony with greenery.', 'A plush panda toy sits on a windowsill next to a vase with flowers, overlooking a balcony with greenery.', 'A plush panda toy sits on a windowsill next to a vase with flowers, overlooking a balcony with greenery.']"
172,96,172_sunset casting_casting_traditional wooden_structure fence,"['sunset casting', 'casting', 'traditional wooden', 'structure fence', 'fence cherry', 'wooden structure', 'shadows', 'blossoms', 'cherry blossoms', 'cherry']","['A traditional wooden structure with a fence, cherry blossoms, and a sunset casting shadows on the ground.', 'A traditional wooden structure with a fence, cherry blossoms, and a sunset casting shadows on the ground.', 'A traditional wooden structure with a fence, cherry blossoms, and a sunset casting shadows on the ground.']"
173,96,173_sitting stone_people sitting_sitting_blocks shaded,"['sitting stone', 'people sitting', 'sitting', 'blocks shaded', 'sunny rural', 'stone blocks', 'blocks', 'structure trees', 'power', 'trees buildings']","['People sitting on stone blocks under a shaded structure with trees and buildings in the background.', 'People sitting on stone blocks under a shaded structure with trees and buildings in the background.', 'People sitting on stone blocks under a shaded structure with trees and buildings in the background.']"
174,96,174_military personnel_personnel_stand_urban area,"['military personnel', 'personnel', 'stand', 'urban area', 'vehicle', 'military', 'scattered ground', 'urban', 'near', 'urban setting']","['Military personnel with firearms stand near a burnt vehicle surrounded by debris and civilians in an urban area.', 'Military personnel with firearms stand near a destroyed vehicle surrounded by debris and civilians in an urban area.', 'Military personnel with firearms stand near a charred vehicle surrounded by debris and civilians in an urban area.']"
175,95,175_facade rusted_faded_closeup weathered_red,"['facade rusted', 'faded', 'closeup weathered', 'red', 'building facade', 'weathered building', 'facade', 'window', 'rusted', 'closeup']","['A close-up of a weathered building facade with a rusted chain, faded red text, and a dark window.', 'A close-up of a weathered building facade with a rusted chain, faded red text, and a dark window.', 'A close-up of a weathered building facade with a rusted chain, faded red text, and a dark window.']"
176,95,176_signs decay_decay_facade rusted_visible signs,"['signs decay', 'decay', 'facade rusted', 'visible signs', 'abandoned building', 'weathered building', 'building facade', 'facade', 'building interior', 'interior broken']","['A close-up of a weathered building facade with a rusted metal shutter and visible signs of decay.', 'A weathered building facade with a rusted metal shutter and visible signs of decay.', 'A weathered building facade with a rusted metal shutter and visible signs of decay.']"
177,95,177_pedestrians walking_walking_busy urban_urban street,"['pedestrians walking', 'walking', 'busy urban', 'urban street', 'street pedestrians', 'buildings background', 'pedestrians', 'market', 'busy', 'urban']","['A busy urban street with pedestrians walking past a market stall and buildings in the background.', 'A busy urban street with pedestrians walking past a market stall and buildings in the background.', 'A busy urban street with pedestrians walking past a market stall and buildings in the background.']"
178,94,178_abandoned building_graffiti debris_windows graffiti_building broken,"['abandoned building', 'graffiti debris', 'windows graffiti', 'building broken', 'floor abandoned', 'graffiti', 'scattered floor', 'broken windows', 'windows', 'debris scattered']","['An abandoned building with broken windows, graffiti, and debris scattered on the floor.', 'An abandoned building with broken windows, graffiti, and debris scattered on the floor.', 'An abandoned building with broken windows, graffiti, and debris scattered on the floor.']"
179,94,179_design_pavement_orange_traffic,"['design', 'pavement', 'orange', 'traffic', 'appears', 'image', 'suggesting', 'visible wear', 'nearby', 'paved']","['A manhole cover with a colorful design and an orange traffic cone on a wet pavement.', 'A manhole cover with a colorful design and an orange traffic cone on a wet pavement.', 'A colorful manhole cover design on wet pavement next to an orange traffic cone.']"
180,93,180_power_path fence_fields dirt_dirt path,"['power', 'path fence', 'fields dirt', 'dirt path', 'green fields', 'rural landscape', 'dirt', 'landscape', 'path', 'landscape green']","['A rural landscape with green fields, a dirt path, fence posts, and power lines under a clear blue sky.', 'A rural landscape with green fields, a dirt path, fence posts, and power lines under a clear blue sky.', 'A rural landscape with green fields, a dirt path, fence posts, and power lines under a clear blue sky.']"
181,93,181_leaves buildings_buildings background_park trees_trees fallen,"['leaves buildings', 'buildings background', 'park trees', 'trees fallen', 'sunlit', 'park', 'fallen leaves', 'leaves', 'fallen', 'buildings']","['A sunlit park with trees, fallen leaves, and buildings in the background.', 'A sunlit park with trees, fallen leaves, and buildings in the background.', 'A sunlit park with trees, fallen leaves, and buildings in the background.']"
182,93,182_persons_water_overlooking_bridge water,"['persons', 'water', 'overlooking', 'bridge water', 'cityscape', 'distant', 'bridge', 'sunny sky', 'trees distant', 'area trees']","[""A person's feet in sneakers overlooking a bridge over water with greenery and a distant cityscape under a clear sky."", ""A person's feet in white sneakers overlooking a bridge over water with greenery and a distant cityscape."", ""A person's feet in white sneakers are visible, overlooking a bridge over water with greenery and a distant cityscape under a clear sky.""]"
183,92,183_inside_room broken_vegetation debris_safety,"['inside', 'room broken', 'vegetation debris', 'safety', 'construction', 'windows overgrown', 'abandoned room', 'tunnel', 'overgrown vegetation', 'floor abandoned']","['An abandoned room with broken windows, overgrown vegetation, and debris scattered across the floor.', 'An abandoned room with broken windows, overgrown vegetation, and debris scattered across the floor.', 'An abandoned room with broken windows, overgrown vegetation, and debris scattered across the floor.']"
184,92,184_power_sign_furniture_discarded,"['power', 'sign', 'furniture', 'discarded', 'trash', 'outdoor area', 'person', 'stone', 'outdoor', 'accident']","['An outdoor area with discarded furniture, piles of trash, and overgrown vegetation near a stone wall and structure.', 'An outdoor area with discarded furniture, piles of trash, and overgrown vegetation near a stone wall and structure.', 'An outdoor area with discarded furniture, piles of trash, and overgrown vegetation near a stone wall and structure.']"
185,92,185_trash_orange_car_scattered debris,"['trash', 'orange', 'car', 'scattered debris', 'road', 'concrete', 'background', 'broken', 'scattered', 'debris']","['A highway with scattered debris, trash, and a broken orange object on the road, with a concrete barrier and a car in the background.', 'A highway with scattered debris, trash, and a broken orange object on the road, with a concrete barrier and a car in the background.', 'A highway with scattered debris, trash, and a broken orange object on the road, with a concrete barrier and a car in the background.']"
186,92,186_graffiti scattered_blackandwhite photograph_building interior_interior broken,"['graffiti scattered', 'blackandwhite photograph', 'building interior', 'interior broken', 'blackandwhite', 'neglected', 'abandoned building', 'debris floor', 'exposed', 'deteriorating']","['An abandoned building interior with broken windows, graffiti, and scattered debris on the floor.', 'An abandoned building interior with broken windows, graffiti, and scattered debris on the floor.', 'An abandoned building interior with broken windows, graffiti, and scattered debris on the floor.']"
187,92,187_vibrant_old weathered_rests_old,"['vibrant', 'old weathered', 'rests', 'old', 'windowsill', 'large', 'weathered', 'green', 'background', 'aged']","['A large, vibrant green crystal rests on a windowsill with an old, weathered barn in the background.', 'A large, vibrant green crystal rests on a windowsill with an old, weathered barn in the background.', 'A large, vibrant green crystal rests on a windowsill with an old, weathered barn in the background.']"
188,90,188_scenic_surrounded trees_filtering foliage_hills,"['scenic', 'surrounded trees', 'filtering foliage', 'hills', 'sunlight filtering', 'filtering', 'trees sunlight', 'distance', 'rocky slope', 'slope']","['A rocky slope with a wooden fence, surrounded by trees and sunlight filtering through the foliage.', 'A rocky slope with a wooden fence, surrounded by trees and sunlight filtering through the foliage.', 'A rocky slope with a wooden fence, surrounded by trees and sunlight filtering through the foliage.']"
189,89,189_like_items_lights_various,"['like', 'items', 'lights', 'various', 'market area', 'area wooden', 'wooden counter', 'outdoor market', 'paved', 'counter']","['An outdoor market area with a wooden counter, hanging lights, plants, and various items like stacked containers and a flower arrangement on a paved patio.', 'An outdoor market area with a wooden counter, hanging lights, potted plants, and various items like stacked containers and a flower arrangement on a paved patio.', 'An outdoor market area with a wooden counter, hanging lights, potted plants, and various items like stacked containers and a flower arrangement on a paved patio.']"
190,88,190_filtering foliage_sunlight filtering_filtering_trees sunlight,"['filtering foliage', 'sunlight filtering', 'filtering', 'trees sunlight', 'rocky slope', 'slope', 'rocky', 'wooden fence', 'foliage', 'fence trees']","['A rocky slope with a wooden fence, trees, and sunlight filtering through the foliage.', 'A rocky slope with a wooden fence, trees, and sunlight filtering through the foliage.', 'A rocky slope with a wooden fence, trees, and sunlight filtering through the foliage.']"
191,88,191_pots_deteriorating_wooden floor_floor room,"['pots', 'deteriorating', 'wooden floor', 'floor room', 'brick', 'sitting stone', 'people sitting', 'sitting', 'blocks shaded', 'blocks']","['An empty room with deteriorating brick walls and two terracotta pots on a wooden floor.', 'An empty room with deteriorating brick walls and two terracotta pots on a wooden floor.', 'An empty room with deteriorating brick walls and two terracotta pots on a wooden floor.']"
192,88,192_multistory building_multistory_graffiti entrance_base,"['multistory building', 'multistory', 'graffiti entrance', 'base', 'entrance', 'building broken', 'vegetation surrounding', 'windows overgrown', 'overgrown vegetation', 'surrounding']","['A multi-story building with broken windows, graffiti on the entrance, and overgrown vegetation surrounding its base.', 'A multi-story building with broken windows, graffiti on the entrance, and overgrown vegetation surrounding its base.', 'A multi-story building with broken windows, graffiti on the entrance, and overgrown vegetation surrounding its base.']"
193,88,193_bare trees_bare_gray_trees distant,"['bare trees', 'bare', 'gray', 'trees distant', 'wooden floor', 'featuring', 'light', 'distant', 'wall', 'clear sky']","['A view of a wooded area with bare trees and a distant city skyline under a clear sky.', 'A view of a wooded area with bare trees and a distant city skyline under a clear sky.', 'A view of a wooded area with bare trees and a distant city skyline under a clear sky.']"
194,87,194_leaves buildings_buildings visible_park trees_trees fallen,"['leaves buildings', 'buildings visible', 'park trees', 'trees fallen', 'sunlit', 'park', 'fallen leaves', 'visible background', 'leaves', 'fallen']","['A sunlit park with trees and fallen leaves, with buildings visible in the background.', 'A sunlit park with trees and fallen leaves, with buildings visible in the background.', 'A sunlit park with trees and fallen leaves, with buildings visible in the background.']"
195,87,195_trees clear_scattered ground_sky people_surrounded trees,"['trees clear', 'scattered ground', 'sky people', 'surrounded trees', 'base', 'abandoned building', 'tall brick', 'people near', 'entrance', 'tall']","['A tall brick building with a stone base, surrounded by trees and a clear sky, with people near the entrance.', 'A tall brick building with a stone base, surrounded by trees and a clear sky, with people near the entrance.', 'A tall brick building with a stone base, surrounded by trees and a clear sky with people near the entrance.']"
196,87,196_seated stone_people seated_seated_blocks shaded,"['seated stone', 'people seated', 'seated', 'blocks shaded', 'uniforms', 'stone blocks', 'blocks', 'structure trees', 'background people', 'trees buildings']","['Several people are seated on stone blocks under a shaded structure with trees and buildings visible in the background.', 'Several people are seated on stone blocks under a shaded structure with trees and buildings visible in the background.', 'Several people are seated on stone blocks under a shaded structure with trees and buildings visible in the background.']"
197,86,197_including_damaged_emergency_damaged vehicle,"['including', 'damaged', 'emergency', 'damaged vehicle', 'car', 'car accident', 'people gathered', 'gathered', 'present', 'accident']","['Emergency responders, including firefighters, are attending to a car accident with people gathered around the damaged vehicle.', 'Emergency responders, including firefighters, are attending to a car accident with a damaged vehicle and people gathered around.', 'Emergency responders, including firefighters, are attending to a car accident with people gathered around the damaged vehicle.']"
198,86,198_day_stalls_market stalls_pedestrians walking,"['day', 'stalls', 'market stalls', 'pedestrians walking', 'busy urban', 'walking', 'urban street', 'peeling walls', 'deteriorated', 'sunset casting']","['A busy urban street with pedestrians walking past shops and market stalls on a clear day.', 'A busy urban street with pedestrians walking past shops and market stalls on a clear day.', 'A busy urban street with pedestrians walking past shops and market stalls on a clear day.']"
199,86,199_paint debris_peeling paint_industrial building_abandoned industrial,"['paint debris', 'peeling paint', 'industrial building', 'abandoned industrial', 'paint', 'building broken', 'floor abandoned', 'industrial', 'peeling', 'scattered floor']","['An abandoned industrial building with broken windows, peeling paint, and debris scattered on the floor.', 'An abandoned industrial building with broken windows, peeling paint, and debris scattered on the floor.', 'An abandoned industrial building with broken windows, peeling paint, and debris scattered on the floor.']"
200,85,200_base_sky people_tall brick_people near,"['base', 'sky people', 'tall brick', 'people near', 'entrance', 'tall', 'clear sky', 'surrounded', 'brick', 'stone']","['A tall brick building with a stone base, surrounded by greenery and a clear sky, with people near the entrance.', 'A tall brick building with a stone base, surrounded by greenery and a clear sky, with people near the entrance.', 'A tall brick building with a stone base, surrounded by greenery and a clear sky, with people near the entrance.']"
201,85,201_hills_distance_sunset_green,"['hills', 'distance', 'sunset', 'green', 'visible', 'clear sky', 'clear', 'sky', '', '']","['A serene sunset over rolling green hills with the ocean visible in the distance.', 'A serene sunset over rolling green hills with the ocean visible in the distance.', 'A serene sunset over rolling green hills with the ocean visible in the distance.']"
202,85,202_vintage_captured_bridge water_persons legs,"['vintage', 'captured', 'bridge water', 'persons legs', 'legs', 'persons', 'water', 'trees cityscape', 'cityscape', 'cityscape greenery']","[""A person's legs in jeans and white sneakers are visible, with a view of a bridge over water, trees, and a cityscape in the background, captured with a vintage filter."", ""A person's legs in jeans and white sneakers are visible, with a view of a bridge over water, trees, and a cityscape in the background, captured with a vintage filter."", ""A person's legs in jeans and white sneakers are visible, with a view of a bridge over water, trees, and a cityscape in the background, captured with a vintage filter.""]"
203,85,203_appearing_people gathered_group_gathered,"['appearing', 'people gathered', 'group', 'gathered', 'showing', 'scene', 'vehicle', 'military', 'people', 'appears']","['A nighttime scene showing a group of people gathered near a military vehicle, some holding flags and appearing to be engaged in a protest.', 'A nighttime scene showing a group of people gathered near a military vehicle, some holding flags and appearing to be involved in a protest.', 'A nighttime scene showing a group of people gathered near a military vehicle, some holding flags and appearing to be engaged in a protest.']"
204,84,204_sits_flowers_window_windowsill,"['sits', 'flowers', 'window', 'windowsill', 'greenery visible', 'greenery', 'view', 'overlooking', 'outdoor area', 'outdoor']","['A plush panda toy sits on a windowsill next to a vase with flowers, with a view of greenery and a balcony outside the window.', 'A plush panda toy sits on a windowsill beside a vase with flowers, with a view of greenery outside the window.', 'A plush panda toy sits on a windowsill next to a vase of flowers, with a view of greenery outside through a window.']"
205,84,205_counter_counter plants_working_outdoor market,"['counter', 'counter plants', 'working', 'outdoor market', 'wooden counter', 'equipment', 'plants', 'market', 'person', 'outdoor']","['An outdoor market area with a wooden counter, plants, and equipment, with a person working behind the counter.', 'An outdoor market or café area with a wooden counter, plants, and equipment, with a person working behind the counter.', 'An outdoor market or café area with a wooden counter, plants, and equipment, with a person working behind the counter.']"
206,82,206_graffiti overgrown_multistory building_vegetation surrounding_multistory,"['graffiti overgrown', 'multistory building', 'vegetation surrounding', 'multistory', 'shattered', 'surrounding', 'winds forest', 'boardwalk winds', 'winds', 'forest fallen']","['A multi-story building with shattered windows, graffiti, and overgrown vegetation surrounding its entrance.', 'A multi-story building with shattered windows, graffiti, and overgrown vegetation surrounding its entrance.', 'A multi-story building with shattered windows, graffiti, and overgrown vegetation surrounding its entrance.']"
207,82,207_fence trees_rocky slope_slope_rocky,"['fence trees', 'rocky slope', 'slope', 'rocky', 'wooden fence', 'bright', 'large', 'fence', 'trees', 'wooden']","['A rocky slope with large boulders, a wooden fence, and trees under a bright sun.', 'A rocky slope with large boulders, a wooden fence, and trees under a bright sun.', 'A rocky slope with large boulders, a wooden fence, and trees under a bright sun.']"
